{
  "model_info": {
    "name": "Logistic Regression",
    "filename": "adult_Logistic_Regression_tuned.pkl",
    "dataset": "adult",
    "dataset_name": "Income Prediction",
    "training_timestamp": "2025-07-12T08:10:31.103180",
    "random_state": 42
  },
  "hyperparameters": {
    "best_params": {
      "classifier__C": 10,
      "classifier__class_weight": null,
      "classifier__penalty": "l1",
      "classifier__solver": "liblinear"
    },
    "tuning_method": "GridSearchCV/RandomizedSearchCV"
  },
  "performance": {
    "accuracy": 0.8540280479066434,
    "precision_micro": 0.8540280479066434,
    "precision_macro": 0.8101979489322346,
    "precision_weighted": 0.8480495177822568,
    "recall_micro": 0.8540280479066434,
    "recall_macro": 0.7713271485619999,
    "recall_weighted": 0.8540280479066434,
    "f1_micro": 0.8540280479066434,
    "f1_macro": 0.7875369453379815,
    "f1_weighted": 0.8491613615338229,
    "confusion_matrix": [
      [
        6904,
        513
      ],
      [
        913,
        1439
      ]
    ],
    "classification_report": {
      "0": {
        "precision": 0.8832032749136497,
        "recall": 0.9308345692328435,
        "f1-score": 0.9063935932781935,
        "support": 7417.0
      },
      "1": {
        "precision": 0.7371926229508197,
        "recall": 0.6118197278911565,
        "f1-score": 0.6686802973977695,
        "support": 2352.0
      },
      "accuracy": 0.8540280479066434,
      "macro avg": {
        "precision": 0.8101979489322346,
        "recall": 0.7713271485619999,
        "f1-score": 0.7875369453379815,
        "support": 9769.0
      },
      "weighted avg": {
        "precision": 0.8480495177822568,
        "recall": 0.8540280479066434,
        "f1-score": 0.8491613615338229,
        "support": 9769.0
      }
    },
    "roc_auc": 0.9084280435917119
  },
  "dataset_info": {
    "target_column": "class",
    "class_labels": {
      "0": "<=50K",
      "1": ">50K"
    }
  }
}