{
  "model_info": {
    "name": "MLP",
    "filename": "diabetes_MLP_tuned.pkl",
    "dataset": "diabetes",
    "dataset_name": "Diabetes Prediction",
    "training_timestamp": "2025-07-12T07:59:04.161274",
    "random_state": 42
  },
  "hyperparameters": {
    "best_params": {
      "classifier__alpha": 0.0001,
      "classifier__hidden_layer_sizes": [
        150,
        100,
        50
      ],
      "classifier__learning_rate": "constant",
      "classifier__solver": "adam"
    },
    "tuning_method": "GridSearchCV/RandomizedSearchCV"
  },
  "performance": {
    "accuracy": 0.7402597402597403,
    "precision_micro": 0.7402597402597403,
    "precision_macro": 0.7163113994439296,
    "precision_weighted": 0.7326721471299785,
    "recall_micro": 0.7402597402597403,
    "recall_macro": 0.6920987654320988,
    "recall_weighted": 0.7402597402597403,
    "f1_micro": 0.7402597402597403,
    "f1_macro": 0.699583839084446,
    "f1_weighted": 0.7326031000385084,
    "confusion_matrix": [
      [
        128,
        22
      ],
      [
        38,
        43
      ]
    ],
    "classification_report": {
      "0": {
        "precision": 0.7710843373493976,
        "recall": 0.8533333333333334,
        "f1-score": 0.810126582278481,
        "support": 150.0
      },
      "1": {
        "precision": 0.6615384615384615,
        "recall": 0.5308641975308642,
        "f1-score": 0.589041095890411,
        "support": 81.0
      },
      "accuracy": 0.7402597402597403,
      "macro avg": {
        "precision": 0.7163113994439296,
        "recall": 0.6920987654320988,
        "f1-score": 0.699583839084446,
        "support": 231.0
      },
      "weighted avg": {
        "precision": 0.7326721471299785,
        "recall": 0.7402597402597403,
        "f1-score": 0.7326031000385084,
        "support": 231.0
      }
    },
    "roc_auc": 0.8308641975308642
  },
  "dataset_info": {
    "target_column": "Outcome",
    "class_labels": {
      "0": "No Diabetes",
      "1": "Diabetes"
    }
  }
}