{
  "model_info": {
    "name": "Logistic Regression",
    "filename": "diabetes_Logistic_Regression_tuned.pkl",
    "dataset": "diabetes",
    "dataset_name": "Diabetes Prediction",
    "training_timestamp": "2025-07-12T07:56:40.812148",
    "random_state": 42
  },
  "hyperparameters": {
    "best_params": {
      "classifier__C": 1,
      "classifier__class_weight": null,
      "classifier__penalty": "l1",
      "classifier__solver": "liblinear"
    },
    "tuning_method": "GridSearchCV/RandomizedSearchCV"
  },
  "performance": {
    "accuracy": 0.7402597402597403,
    "precision_micro": 0.7402597402597403,
    "precision_macro": 0.7172619047619048,
    "precision_weighted": 0.7323747680890539,
    "recall_micro": 0.7402597402597403,
    "recall_macro": 0.6892592592592592,
    "recall_weighted": 0.7402597402597403,
    "f1_micro": 0.7402597402597403,
    "f1_macro": 0.6973270440251573,
    "f1_weighted": 0.7313771134525852,
    "confusion_matrix": [
      [
        129,
        21
      ],
      [
        39,
        42
      ]
    ],
    "classification_report": {
      "0": {
        "precision": 0.7678571428571429,
        "recall": 0.86,
        "f1-score": 0.8113207547169812,
        "support": 150.0
      },
      "1": {
        "precision": 0.6666666666666666,
        "recall": 0.5185185185185185,
        "f1-score": 0.5833333333333334,
        "support": 81.0
      },
      "accuracy": 0.7402597402597403,
      "macro avg": {
        "precision": 0.7172619047619048,
        "recall": 0.6892592592592592,
        "f1-score": 0.6973270440251573,
        "support": 231.0
      },
      "weighted avg": {
        "precision": 0.7323747680890539,
        "recall": 0.7402597402597403,
        "f1-score": 0.7313771134525852,
        "support": 231.0
      }
    },
    "roc_auc": 0.8372839506172839
  },
  "dataset_info": {
    "target_column": "Outcome",
    "class_labels": {
      "0": "No Diabetes",
      "1": "Diabetes"
    }
  }
}