{
  "model_info": {
    "name": "Decision Tree",
    "filename": "diabetes_Decision_Tree_tuned.pkl",
    "dataset": "diabetes",
    "dataset_name": "Diabetes Prediction",
    "training_timestamp": "2025-07-12T07:56:40.165965",
    "random_state": 42
  },
  "hyperparameters": {
    "best_params": {
      "classifier__min_samples_split": 10,
      "classifier__min_samples_leaf": 8,
      "classifier__max_depth": 3,
      "classifier__criterion": "entropy",
      "classifier__class_weight": null
    },
    "tuning_method": "GridSearchCV/RandomizedSearchCV"
  },
  "performance": {
    "accuracy": 0.7272727272727273,
    "precision_micro": 0.7272727272727273,
    "precision_macro": 0.7021929824561404,
    "precision_weighted": 0.7177830940988836,
    "recall_micro": 0.7272727272727273,
    "recall_macro": 0.6707407407407407,
    "recall_weighted": 0.7272727272727273,
    "f1_micro": 0.7272727272727273,
    "f1_macro": 0.6784649035593557,
    "f1_weighted": 0.7158842350729405,
    "confusion_matrix": [
      [
        129,
        21
      ],
      [
        42,
        39
      ]
    ],
    "classification_report": {
      "0": {
        "precision": 0.7543859649122807,
        "recall": 0.86,
        "f1-score": 0.8037383177570093,
        "support": 150.0
      },
      "1": {
        "precision": 0.65,
        "recall": 0.48148148148148145,
        "f1-score": 0.5531914893617021,
        "support": 81.0
      },
      "accuracy": 0.7272727272727273,
      "macro avg": {
        "precision": 0.7021929824561404,
        "recall": 0.6707407407407407,
        "f1-score": 0.6784649035593557,
        "support": 231.0
      },
      "weighted avg": {
        "precision": 0.7177830940988836,
        "recall": 0.7272727272727273,
        "f1-score": 0.7158842350729405,
        "support": 231.0
      }
    },
    "roc_auc": 0.8025925925925925
  },
  "dataset_info": {
    "target_column": "Outcome",
    "class_labels": {
      "0": "No Diabetes",
      "1": "Diabetes"
    }
  }
}