{
  "model_info": {
    "name": "Decision Tree",
    "filename": "heart_Decision_Tree_tuned.pkl",
    "dataset": "heart",
    "dataset_name": "Heart Disease",
    "training_timestamp": "2025-07-12T07:54:11.394701",
    "random_state": 42
  },
  "hyperparameters": {
    "best_params": {
      "classifier__min_samples_split": 2,
      "classifier__min_samples_leaf": 1,
      "classifier__max_depth": null,
      "classifier__criterion": "entropy",
      "classifier__class_weight": null
    },
    "tuning_method": "GridSearchCV/RandomizedSearchCV"
  },
  "performance": {
    "accuracy": 0.9805194805194806,
    "precision_micro": 0.9805194805194806,
    "precision_macro": 0.980506329113924,
    "precision_weighted": 0.9805194805194806,
    "recall_micro": 0.9805194805194806,
    "recall_macro": 0.980506329113924,
    "recall_weighted": 0.9805194805194806,
    "f1_micro": 0.9805194805194806,
    "f1_macro": 0.980506329113924,
    "f1_weighted": 0.9805194805194806,
    "confusion_matrix": [
      [
        147,
        3
      ],
      [
        3,
        155
      ]
    ],
    "classification_report": {
      "0": {
        "precision": 0.98,
        "recall": 0.98,
        "f1-score": 0.98,
        "support": 150.0
      },
      "1": {
        "precision": 0.9810126582278481,
        "recall": 0.9810126582278481,
        "f1-score": 0.9810126582278481,
        "support": 158.0
      },
      "accuracy": 0.9805194805194806,
      "macro avg": {
        "precision": 0.980506329113924,
        "recall": 0.980506329113924,
        "f1-score": 0.980506329113924,
        "support": 308.0
      },
      "weighted avg": {
        "precision": 0.9805194805194806,
        "recall": 0.9805194805194806,
        "f1-score": 0.9805194805194806,
        "support": 308.0
      }
    },
    "roc_auc": 0.980506329113924
  },
  "dataset_info": {
    "target_column": "target",
    "class_labels": {
      "0": "No Heart Disease",
      "1": "Heart Disease"
    }
  }
}