{
  "model_info": {
    "name": "Random Forest",
    "filename": "heart_Random_Forest_tuned.pkl",
    "dataset": "heart",
    "dataset_name": "Heart Disease",
    "training_timestamp": "2025-07-12T07:56:31.013765",
    "random_state": 42
  },
  "hyperparameters": {
    "best_params": {
      "classifier__n_estimators": 200,
      "classifier__min_samples_split": 2,
      "classifier__min_samples_leaf": 1,
      "classifier__max_depth": 10,
      "classifier__class_weight": "balanced"
    },
    "tuning_method": "GridSearchCV/RandomizedSearchCV"
  },
  "performance": {
    "accuracy": 0.9805194805194806,
    "precision_micro": 0.9805194805194806,
    "precision_macro": 0.9807692307692308,
    "precision_weighted": 0.9812687312687313,
    "recall_micro": 0.9805194805194806,
    "recall_macro": 0.9810126582278481,
    "recall_weighted": 0.9805194805194806,
    "f1_micro": 0.9805194805194806,
    "f1_macro": 0.9805186590765338,
    "f1_weighted": 0.9805219448483206,
    "confusion_matrix": [
      [
        150,
        0
      ],
      [
        6,
        152
      ]
    ],
    "classification_report": {
      "0": {
        "precision": 0.9615384615384616,
        "recall": 1.0,
        "f1-score": 0.9803921568627451,
        "support": 150.0
      },
      "1": {
        "precision": 1.0,
        "recall": 0.9620253164556962,
        "f1-score": 0.9806451612903225,
        "support": 158.0
      },
      "accuracy": 0.9805194805194806,
      "macro avg": {
        "precision": 0.9807692307692308,
        "recall": 0.9810126582278481,
        "f1-score": 0.9805186590765338,
        "support": 308.0
      },
      "weighted avg": {
        "precision": 0.9812687312687313,
        "recall": 0.9805194805194806,
        "f1-score": 0.9805219448483206,
        "support": 308.0
      }
    },
    "roc_auc": 0.9988607594936709
  },
  "dataset_info": {
    "target_column": "target",
    "class_labels": {
      "0": "No Heart Disease",
      "1": "Heart Disease"
    }
  }
}