{
  "model_info": {
    "name": "Logistic Regression",
    "filename": "heart_Logistic_Regression_tuned.pkl",
    "dataset": "heart",
    "dataset_name": "Heart Disease",
    "training_timestamp": "2025-07-12T07:54:11.995594",
    "random_state": 42
  },
  "hyperparameters": {
    "best_params": {
      "classifier__C": 1,
      "classifier__class_weight": null,
      "classifier__penalty": "l1",
      "classifier__solver": "saga"
    },
    "tuning_method": "GridSearchCV/RandomizedSearchCV"
  },
  "performance": {
    "accuracy": 0.8181818181818182,
    "precision_micro": 0.8181818181818182,
    "precision_macro": 0.8252604166666666,
    "precision_weighted": 0.8241714015151514,
    "recall_micro": 0.8181818181818182,
    "recall_macro": 0.8162025316455697,
    "recall_weighted": 0.8181818181818182,
    "f1_micro": 0.8181818181818182,
    "f1_macro": 0.8164403388531778,
    "f1_weighted": 0.8169047333408154,
    "confusion_matrix": [
      [
        111,
        39
      ],
      [
        17,
        141
      ]
    ],
    "classification_report": {
      "0": {
        "precision": 0.8671875,
        "recall": 0.74,
        "f1-score": 0.7985611510791367,
        "support": 150.0
      },
      "1": {
        "precision": 0.7833333333333333,
        "recall": 0.8924050632911392,
        "f1-score": 0.834319526627219,
        "support": 158.0
      },
      "accuracy": 0.8181818181818182,
      "macro avg": {
        "precision": 0.8252604166666666,
        "recall": 0.8162025316455697,
        "f1-score": 0.8164403388531778,
        "support": 308.0
      },
      "weighted avg": {
        "precision": 0.8241714015151514,
        "recall": 0.8181818181818182,
        "f1-score": 0.8169047333408154,
        "support": 308.0
      }
    },
    "roc_auc": 0.9256962025316455
  },
  "dataset_info": {
    "target_column": "target",
    "class_labels": {
      "0": "No Heart Disease",
      "1": "Heart Disease"
    }
  }
}