Instance_ID,Actual_Class,Predicted_Class,Contrast_Class,Counterfactual_Rules,Prediction_Confidence,Confidence,Fidelity,Time_Taken(s)
0,1,0,1,N/A,0.8957006931304932,100.0%,90.8%,0.29
1,0,0,1,education <= 14.567 and capital-gain <= 2840.344,0.7609579563140869,100.0%,91.2%,0.24
2,1,0,1,capital-gain <= 4936.654,0.715788722038269,100.0%,89.2%,0.21
3,0,0,1,occupation <= 6.232 and marital-status > 0.626,0.7550514340400696,100.0%,90.2%,0.21
4,0,0,1,education > 5.575,0.885478675365448,100.0%,92.0%,0.27
5,1,0,1,capital-gain <= 7298.627,0.8428069353103638,100.0%,94.8%,0.20
6,0,0,1,fnlwgt <= 155517.258 and capital-gain <= 6567.36,0.9897839426994324,100.0%,85.8%,0.21
7,0,0,1,N/A,0.9146897196769714,0.0%,92.0%,0.26
8,0,0,1,capital-gain <= 6907.573,0.87517249584198,100.0%,95.0%,0.22
9,0,0,1,fnlwgt > -31862.459,0.856949508190155,100.0%,93.6%,0.26
10,0,0,1,capital-loss <= 425.419 and education-num <= 10.153 and age <= 33.553,0.9986386895179749,100.0%,92.8%,0.24
11,1,0,1,capital-gain <= 5533.085 and native-country > 34.966,0.9165499806404114,100.0%,82.8%,0.21
12,0,0,1,N/A,0.9896555542945862,0.0%,84.0%,0.18
13,0,0,1,capital-gain <= 7928.722,0.9983933568000793,100.0%,91.4%,0.19
14,0,0,1,capital-gain <= 6647.132,0.9838135242462158,100.0%,91.8%,0.21
15,0,0,1,capital-gain <= 6911.365,0.9508413076400757,100.0%,92.6%,0.22
16,0,1,0,occupation <= 3.568,0.5282569527626038,100.0%,88.0%,0.20
17,0,0,1,fnlwgt <= 271084.859 and race > 3.225,0.9838943481445312,100.0%,78.2%,0.20
18,0,0,1,capital-gain <= 5151.108,0.9422221183776855,100.0%,88.6%,0.20
19,0,0,1,N/A,0.999805212020874,0.0%,87.2%,0.19
20,1,0,1,capital-gain <= 3324.978,0.803604245185852,94.8%,81.8%,0.20
21,1,1,0,N/A,0.6132903695106506,100.0%,80.0%,0.20
22,1,1,0,N/A,0.8326073288917542,100.0%,87.2%,0.22
23,1,0,1,capital-gain <= 6507.101,0.8043829798698425,100.0%,90.0%,0.21
24,1,0,1,capital-gain <= 4271.408 and race > 3.109 and age > 30.177,0.6034731864929199,100.0%,83.8%,0.23
25,1,0,1,capital-gain <= 5204.672 and education-num <= 11.526 and capital-gain <= 6464.584,0.8487577438354492,100.0%,89.4%,0.25
26,1,1,0,N/A,0.5770780444145203,100.0%,86.0%,0.22
27,1,1,0,N/A,0.7472158670425415,100.0%,89.6%,0.37
28,0,0,1,capital-gain <= 4701.823,0.5206467509269714,100.0%,89.0%,0.44
29,0,0,1,capital-gain <= 7029.516,0.9814055562019348,100.0%,93.4%,0.32
30,1,1,0,N/A,0.8074079155921936,100.0%,78.4%,0.22
31,0,1,0,N/A,0.5750307440757751,0.0%,92.4%,0.21
32,1,1,0,native-country <= 38.222 and age > 20.875,0.9991368651390076,100.0%,93.4%,0.25
33,0,0,1,capital-gain <= 7173.346,0.9224843978881836,100.0%,92.4%,0.23
34,0,0,1,capital-gain <= 5640.414,0.9976118206977844,98.4%,89.8%,0.22
35,0,0,1,capital-gain <= 5941.412,0.9964635968208313,100.0%,86.8%,0.20
36,0,0,1,education <= 4.862 and hours-per-week > 46.125 and capital-gain <= 6130.077 and sex <= 0.128,0.9418168663978577,100.0%,81.6%,0.20
37,1,1,0,N/A,0.5146495699882507,100.0%,72.6%,0.05
38,0,0,1,capital-gain <= 4195.994,0.9996822476387024,100.0%,86.6%,0.19
39,0,0,1,sex > 0.559 and capital-gain > -8503.563,0.9769222140312195,100.0%,88.4%,0.24
40,0,0,1,capital-gain <= 6947.133,0.9961367845535278,100.0%,94.4%,0.21
41,0,0,1,N/A,0.9928919076919556,0.0%,92.0%,0.19
42,0,0,1,capital-gain <= 3110.977,0.8810836672782898,100.0%,88.0%,0.24
43,0,0,1,capital-gain <= 5996.394 and occupation > 6.271,0.999717116355896,100.0%,91.8%,0.20
44,1,1,0,N/A,0.9534949064254761,0.0%,91.2%,0.24
45,0,0,1,capital-gain <= 4066.588,0.9998335242271423,100.0%,77.4%,0.18
46,1,1,0,N/A,0.7464815378189087,0.0%,89.2%,0.20
47,0,0,1,capital-gain <= 7604.19 and sex <= 0.559,0.999600887298584,100.0%,90.8%,0.22
48,0,0,1,race > 3.298,0.9849035739898682,100.0%,88.8%,0.20
49,0,0,1,capital-gain <= 4243.807,0.5626189708709717,100.0%,83.0%,0.22
50,0,0,1,capital-gain <= 5192.51,0.9957230091094971,100.0%,85.6%,0.18
51,0,0,1,capital-gain <= 4490.723,0.9953653812408447,100.0%,82.8%,0.17
52,0,1,0,N/A,0.5452274680137634,100.0%,85.6%,0.21
53,0,0,1,N/A,0.9870561957359314,100.0%,85.6%,0.19
54,0,0,1,capital-gain <= 6865.068 and education <= 3.685,0.9651472568511963,100.0%,92.2%,0.19
55,0,0,1,capital-gain <= 4268.781 and education-num > 8.908 and capital-gain <= 6136.287,0.5275895595550537,100.0%,87.8%,0.20
56,0,0,1,marital-status > 3.758 and capital-gain <= 5624.502,0.9814692139625549,100.0%,84.6%,0.17
57,1,1,0,capital-gain <= 2720.807,0.616612434387207,100.0%,87.0%,0.19
58,0,0,1,capital-gain <= 7308.422,0.9965106248855591,100.0%,95.8%,0.17
59,0,0,1,capital-gain <= 7872.794,0.8139240741729736,100.0%,95.0%,0.19
60,0,0,1,capital-gain <= 3487.015,0.9855363368988037,100.0%,91.6%,0.19
61,0,0,1,capital-gain <= 4810.274 and capital-loss > -630.022 and capital-gain <= 7373.723,0.9883967041969299,100.0%,89.4%,0.18
62,1,1,0,fnlwgt > 151680.977,0.6539670825004578,100.0%,77.0%,0.20
63,0,0,1,N/A,0.9961545467376709,0.0%,82.6%,0.18
64,0,0,1,N/A,0.9885216355323792,0.0%,75.8%,0.16
65,1,1,0,N/A,0.9958913326263428,100.0%,67.4%,0.18
66,0,0,1,capital-gain <= 7324.054,0.9883435368537903,100.0%,94.2%,0.20
67,0,0,1,N/A,0.8822653293609619,100.0%,82.6%,0.18
68,1,1,0,N/A,0.7501400709152222,100.0%,92.8%,0.18
69,0,0,1,sex <= 0.001 and capital-gain <= 1846.131 and education-num > 10.592 and capital-gain <= 6780.173,0.9798781871795654,100.0%,84.2%,0.19
70,0,0,1,capital-gain <= 5849.207,0.6831525564193726,100.0%,93.0%,0.18
71,0,1,0,education-num > 13.667,0.6923584342002869,100.0%,83.0%,0.21
72,1,1,0,N/A,0.8398876190185547,0.0%,93.4%,0.19
73,0,0,1,capital-gain <= 7186.678,0.6663256883621216,100.0%,92.6%,0.18
74,0,0,1,capital-gain <= 6875.632,0.7917296290397644,100.0%,91.4%,0.18
75,1,1,0,N/A,0.9970249533653259,0.0%,24.8%,0.16
76,1,1,0,N/A,0.9948081374168396,0.0%,92.0%,0.19
77,0,0,1,capital-gain <= 7961.335 and hours-per-week <= 26.688,0.999243438243866,100.0%,93.2%,0.17
78,0,0,1,hours-per-week > 36.39,0.9589527249336243,100.0%,63.6%,0.05
79,0,0,1,hours-per-week <= 51.288,0.9406493306159973,100.0%,89.6%,0.17
80,1,1,0,N/A,0.6807447671890259,100.0%,85.6%,0.21
81,1,1,0,capital-gain <= 6717.182 and race > 3.167 and relationship <= 1.341 and occupation <= 6.01,0.7324584126472473,100.0%,92.8%,0.18
82,1,1,0,N/A,0.6221083402633667,100.0%,93.0%,0.17
83,0,0,1,N/A,0.8531650304794312,0.0%,93.0%,0.19
84,0,0,1,N/A,0.9995140433311462,100.0%,72.2%,0.18
85,0,0,1,N/A,0.9977952241897583,0.0%,85.8%,0.18
86,0,0,1,occupation > 3.89 and marital-status > 1.647,0.5842998027801514,100.0%,90.0%,0.21
87,0,0,1,native-country <= 31.804 and workclass > 0.006,0.9248365163803101,100.0%,76.2%,0.18
88,1,0,1,capital-gain <= 6214.218,0.8179235458374023,100.0%,87.2%,0.21
89,0,0,1,capital-gain <= 5344.94 and native-country > 35.295 and fnlwgt > 169525.742,0.6746127605438232,100.0%,93.8%,0.20
90,0,0,1,capital-gain <= 7321.996,0.9777510762214661,100.0%,94.6%,0.20
91,1,1,0,N/A,0.6371240019798279,100.0%,83.8%,0.19
92,1,1,0,N/A,0.5322011113166809,100.0%,92.2%,0.20
93,1,0,1,hours-per-week > 31.58 and capital-loss > -402.332,0.8704812526702881,100.0%,73.6%,0.20
94,0,0,1,age > 53.866 and capital-gain <= 5933.224 and occupation > -2.935,0.9767920970916748,100.0%,88.0%,0.19
95,1,1,0,capital-gain <= 5128.677,0.9628204703330994,100.0%,94.4%,0.22
96,1,1,0,capital-gain <= 6125.842 and occupation <= 13.915,0.9728052616119385,100.0%,92.8%,0.24
97,1,1,0,N/A,0.9985007047653198,0.0%,92.2%,0.24
98,0,0,1,N/A,0.9952210783958435,0.0%,90.0%,0.20
99,0,0,1,native-country <= 45.681,0.6827067136764526,100.0%,94.0%,0.21
100,0,0,1,capital-gain <= 7116.593,0.9253519773483276,100.0%,92.8%,0.24
101,0,0,1,N/A,0.9972419738769531,0.0%,75.2%,0.18
102,1,1,0,N/A,0.9659565091133118,100.0%,77.6%,0.18
103,0,0,1,relationship <= 0.006 and capital-gain <= 6248.223,0.6591315269470215,100.0%,80.2%,0.07
104,0,0,1,capital-gain <= 6188.502,0.988528311252594,100.0%,87.6%,0.19
105,0,0,1,capital-gain <= 9013.444,0.9896789193153381,100.0%,90.0%,0.18
106,0,0,1,sex <= 1.131 and marital-status <= 2.065,0.9795096516609192,100.0%,69.0%,0.16
107,1,1,0,N/A,0.7230347394943237,0.0%,93.8%,0.21
108,0,0,1,capital-gain <= 5485.154,0.9879807829856873,100.0%,90.8%,0.21
109,0,0,1,relationship <= 0.996 and workclass <= 2.445 and race <= 2.254,0.9823237061500549,100.0%,63.4%,0.18
110,1,1,0,capital-gain <= 5151.878 and sex <= 0.77,0.7568890452384949,100.0%,87.4%,0.19
111,0,0,1,capital-gain <= 6657.917 and race <= 2.172,0.9909045100212097,100.0%,91.6%,0.18
112,1,1,0,N/A,0.5176658034324646,100.0%,86.0%,0.19
113,1,1,0,capital-gain <= 7147.956 and capital-loss > -859.852,0.584830641746521,100.0%,93.2%,0.18
114,0,0,1,capital-gain <= 6604.984,0.9721212387084961,100.0%,90.4%,0.18
115,1,1,0,N/A,0.6460631489753723,100.0%,81.4%,0.20
116,1,0,1,capital-gain <= 5003.215 and education-num <= 11.927,0.9810628294944763,100.0%,93.8%,0.21
117,1,1,0,N/A,0.7587798833847046,100.0%,85.8%,0.19
118,0,0,1,education-num > 3.962,0.9955894947052002,100.0%,95.6%,0.18
119,0,0,1,N/A,0.7894079089164734,100.0%,82.2%,0.17
120,0,0,1,N/A,0.6978217363357544,0.0%,89.2%,0.20
121,1,1,0,N/A,0.5434837937355042,100.0%,90.4%,0.19
122,0,0,1,capital-gain <= 7190.384,0.9765288829803467,100.0%,89.2%,0.20
123,0,0,1,capital-gain <= 7141.163 and relationship <= 2.84,0.9951785802841187,100.0%,93.6%,0.22
124,1,1,0,capital-gain <= 4940.276 and sex > 0.635,0.5368394255638123,100.0%,88.4%,0.19
125,0,0,1,capital-gain <= 8230.44,0.9332427978515625,100.0%,92.0%,0.18
126,0,0,1,capital-gain <= 5048.134,0.9845826029777527,100.0%,90.2%,0.19
127,0,1,0,N/A,0.5521003007888794,0.0%,93.4%,0.19
128,1,1,0,capital-gain <= 2229.051,0.9846765398979187,100.0%,87.8%,0.17
129,1,0,1,capital-gain <= 6425.217,0.7190936207771301,100.0%,91.8%,0.19
130,0,0,1,N/A,0.91431725025177,0.0%,89.8%,0.20
131,0,1,0,N/A,0.5364007949829102,100.0%,80.2%,0.20
132,0,0,1,sex <= 1.053 and race <= 4.107 and sex <= 1.714,0.9899197220802307,100.0%,93.6%,0.22
133,0,0,1,capital-gain <= 7655.267,0.9996077418327332,100.0%,93.8%,0.21
134,0,0,1,capital-gain <= 6676.814,0.8709279298782349,100.0%,93.6%,0.21
135,1,1,0,N/A,0.9594315886497498,0.0%,91.2%,0.19
136,0,0,1,N/A,0.7347695827484131,0.0%,93.2%,0.20
137,0,0,1,N/A,0.9993447661399841,0.0%,76.2%,0.17
138,1,0,1,capital-gain <= 6863.821,0.7085729837417603,100.0%,89.8%,0.23
139,0,0,1,capital-gain <= 4283.494 and native-country > 36.394 and relationship > -0.335 and race <= 2.229,0.9692368507385254,100.0%,88.8%,0.23
140,1,0,1,race > 3.289 and capital-loss <= 227.543,0.702673614025116,100.0%,91.0%,0.23
141,0,0,1,N/A,0.7449327707290649,100.0%,80.8%,0.20
142,1,0,1,workclass > 2.409 and capital-gain <= 2305.888,0.9819737672805786,100.0%,78.4%,0.18
143,0,0,1,capital-gain <= 7170.499,0.9858526587486267,100.0%,94.8%,0.21
144,0,0,1,capital-gain <= 6539.28,0.8496784567832947,100.0%,90.2%,0.19
145,0,0,1,capital-gain <= 6318.402,0.9785775542259216,100.0%,93.4%,0.19
146,0,0,1,capital-gain <= 6108.04,0.9919140338897705,100.0%,91.8%,0.18
147,0,0,1,capital-gain <= 8394.179,0.9787421226501465,100.0%,91.6%,0.19
148,0,0,1,capital-gain <= 6684.061,0.9996559023857117,100.0%,90.2%,0.19
149,0,0,1,occupation <= 6.026 and relationship <= 0.95,0.9681111574172974,100.0%,92.0%,0.30
150,0,0,1,capital-gain <= 7299.674,0.7030961513519287,100.0%,96.2%,0.21
151,0,0,1,capital-gain <= 6603.443 and workclass <= 0.127,0.9765521287918091,100.0%,91.8%,0.17
152,0,0,1,capital-gain <= 3733.835,0.654975414276123,100.0%,83.2%,0.18
153,1,1,0,capital-gain > 7256.959,0.9991505146026611,100.0%,90.8%,0.22
154,0,0,1,native-country > 35.998,0.5778201818466187,100.0%,92.0%,0.20
155,0,0,1,capital-gain <= 6993.736,0.9987221360206604,100.0%,92.0%,0.19
156,0,0,1,capital-gain <= 5897.073 and fnlwgt > 60256.92,0.9834398031234741,100.0%,88.4%,0.20
157,0,0,1,capital-gain <= 2482.2 and race > 3.868 and capital-gain <= 4799.272 and education-num > 12.112,0.7100067734718323,100.0%,79.2%,0.20
158,0,0,1,capital-gain <= 1471.949 and occupation > 6.438 and relationship > 3.91 and capital-gain <= 6549.718,0.566265344619751,100.0%,78.8%,0.18
159,0,1,0,N/A,0.5353705883026123,100.0%,85.2%,0.22
160,0,0,1,N/A,0.9217211008071899,0.0%,92.2%,0.19
161,0,0,1,capital-gain <= 5085.469,0.9667351245880127,100.0%,88.2%,0.18
162,1,1,0,capital-gain <= 4884.615,0.7029858231544495,100.0%,87.8%,0.18
163,0,0,1,N/A,0.9249109625816345,0.0%,92.2%,0.18
164,1,1,0,N/A,0.7863343954086304,100.0%,83.2%,0.20
165,0,0,1,fnlwgt <= 211736.648 and capital-gain <= 2844.973 and race > 3.643,0.8044809103012085,100.0%,91.2%,0.20
166,0,0,1,education-num <= 11.589 and fnlwgt <= 227942.43,0.9927488565444946,100.0%,91.2%,0.19
167,0,0,1,capital-gain <= 7665.412,0.8021279573440552,100.0%,92.8%,0.19
168,1,0,1,N/A,0.6523517370223999,0.0%,95.0%,0.19
169,0,0,1,capital-gain <= 4874.689,0.9737764596939087,100.0%,87.6%,0.18
170,0,1,0,N/A,0.7538079619407654,0.0%,93.8%,0.17
171,0,0,1,N/A,0.9838461875915527,0.0%,89.6%,0.21
172,0,0,1,relationship > 0.053 and workclass <= 2.217,0.8280400037765503,100.0%,85.4%,0.20
173,0,0,1,N/A,0.9989565014839172,0.0%,90.8%,0.17
174,0,0,1,fnlwgt > 103050.25 and occupation <= 7.794,0.7116975784301758,100.0%,93.0%,0.21
175,0,0,1,capital-gain <= 6098.097 and workclass > 2.46,0.9615501761436462,99.6%,90.8%,0.18
176,0,0,1,capital-gain <= 7068.395 and relationship > 0.985 and capital-gain <= 8624.67,0.9995775818824768,100.0%,92.8%,0.20
177,0,0,1,marital-status <= 0.311 and capital-gain <= 5002.538,0.9816417098045349,100.0%,89.6%,0.22
178,0,0,1,native-country <= 24.088 and capital-gain <= 4267.764,0.9900761246681213,100.0%,87.2%,0.18
179,0,0,1,N/A,0.554745078086853,100.0%,65.6%,0.16
180,1,0,1,capital-gain <= 7308.77,0.6523137092590332,100.0%,86.8%,0.18
181,1,1,0,N/A,0.98143470287323,100.0%,80.8%,0.18
182,0,0,1,workclass <= 2.251 and occupation <= 10.092,0.9859433174133301,100.0%,76.4%,0.17
183,0,0,1,education-num <= 10.923 and capital-gain <= 4297.154 and age <= 37.888 and relationship > 2.333,0.999779224395752,100.0%,79.2%,0.17
184,0,0,1,native-country <= 21.82 and capital-gain <= 3261.542,0.9856918454170227,100.0%,79.4%,0.18
185,1,0,1,capital-gain <= 4452.916 and workclass > 3.005,0.7007768154144287,100.0%,86.0%,0.18
186,0,0,1,capital-gain <= 7892.444,0.9432246685028076,100.0%,94.2%,0.21
187,0,0,1,capital-loss > -499.7 and workclass > 1.722,0.9998435378074646,100.0%,74.8%,0.18
188,0,0,1,capital-gain <= 5160.177,0.964294970035553,100.0%,90.8%,0.21
189,0,0,1,hours-per-week <= 26.386 and capital-gain <= 5152.64,0.9996729493141174,100.0%,89.6%,0.19
190,0,0,1,capital-loss > -134.207 and capital-gain <= 4299.404,0.9914489984512329,100.0%,75.2%,0.17
191,0,0,1,education-num <= 10.303,0.5107871294021606,100.0%,78.2%,0.20
192,0,0,1,N/A,0.9829812049865723,0.0%,82.4%,0.18
193,0,0,1,capital-gain <= 4126.947,0.6534355878829956,100.0%,81.8%,0.20
194,0,0,1,capital-gain <= 7320.064,0.8499924540519714,100.0%,94.4%,0.17
195,1,1,0,N/A,0.5835364460945129,100.0%,91.8%,0.20
196,0,0,1,N/A,0.9995593428611755,0.0%,91.4%,0.18
197,0,0,1,relationship <= 1.882 and marital-status > 3.196,0.9771783351898193,100.0%,89.0%,0.20
198,0,0,1,capital-gain <= 8489.614,0.9811475276947021,100.0%,91.6%,0.19
199,0,0,1,capital-gain <= 3829.365 and marital-status <= 2.6,0.8464660048484802,100.0%,83.8%,0.18
200,0,1,0,N/A,0.5674925446510315,100.0%,91.2%,0.20
201,0,0,1,sex <= 1.033,0.6161755323410034,100.0%,75.8%,0.18
202,1,1,0,capital-gain > 6684.409,0.9985289573669434,100.0%,92.0%,0.21
203,0,0,1,workclass > 0.272,0.9068192839622498,100.0%,93.2%,0.20
204,1,0,1,capital-gain <= 4666.352,0.899584174156189,100.0%,91.4%,0.18
205,0,0,1,capital-gain <= 7309.402,0.9821682572364807,100.0%,93.4%,0.17
206,0,0,1,N/A,0.7864781022071838,100.0%,89.4%,0.18
207,0,0,1,capital-gain > -15594.605,0.9926889538764954,100.0%,91.4%,0.18
208,1,0,1,N/A,0.7942909002304077,100.0%,74.4%,0.17
209,1,1,0,capital-gain > 5867.323,0.9577486515045166,100.0%,91.8%,0.18
210,0,0,1,native-country > 34.128,0.8207592964172363,100.0%,77.0%,0.18
211,0,0,1,age <= 33.601 and sex <= 0.387 and capital-gain <= 4171.603,0.9997501969337463,100.0%,82.2%,0.18
212,0,0,1,capital-gain <= 7330.787,0.9918623566627502,100.0%,95.2%,0.18
213,0,0,1,N/A,0.9865383505821228,0.0%,89.4%,0.17
214,0,0,1,relationship > 2.874,0.9970632195472717,100.0%,76.6%,0.17
215,0,0,1,N/A,0.9974349141120911,0.0%,88.4%,0.18
216,0,0,1,capital-gain <= 7179.702,0.7897087931632996,100.0%,94.8%,0.19
217,0,0,1,N/A,0.592293918132782,0.0%,90.4%,0.20
218,0,0,1,capital-gain <= 5375.529 and sex <= 0.414,0.9999062418937683,100.0%,82.0%,0.17
219,1,1,0,N/A,0.7318253517150879,0.0%,19.0%,0.17
220,0,0,1,education > 5.452 and occupation > 3.021,0.9943310618400574,100.0%,92.4%,0.16
221,0,0,1,capital-gain <= 6517.174,0.9922038912773132,100.0%,93.0%,0.18
222,0,0,1,workclass > 1.681 and capital-gain <= 4057.799,0.8640376925468445,100.0%,92.8%,0.20
223,0,0,1,N/A,0.8046468496322632,0.0%,91.2%,0.19
224,0,0,1,N/A,0.9375976920127869,0.0%,85.4%,0.18
225,0,0,1,capital-gain <= 7812.826,0.9946087002754211,100.0%,92.4%,0.20
226,0,0,1,capital-gain <= 3496.901 and capital-loss <= 665.724 and occupation > 0.418,0.9938346743583679,100.0%,91.6%,0.17
227,0,0,1,capital-gain <= 4441.642,0.7267313003540039,100.0%,89.8%,0.17
228,0,0,1,capital-gain <= 5063.95 and education-num > 11.696,0.835204005241394,100.0%,90.4%,0.20
229,1,0,1,capital-gain <= 4969.677 and sex > 0.247,0.5702211856842041,100.0%,92.8%,0.19
230,0,0,1,capital-gain <= 5066.396,0.9713088274002075,100.0%,90.4%,0.18
231,0,0,1,race > 3.764 and capital-gain <= 8634.39,0.9953280687332153,100.0%,83.4%,0.19
232,0,0,1,capital-gain <= 5190.637,0.5413106679916382,100.0%,90.6%,0.19
233,0,0,1,capital-gain <= 8702.885,0.7827835083007812,100.0%,93.2%,0.18
234,1,1,0,education <= 14.009,0.9997228980064392,100.0%,88.8%,0.20
235,0,0,1,capital-gain <= 5007.994 and capital-loss <= 106.384,0.9413833618164062,100.0%,90.6%,0.17
236,0,0,1,capital-gain <= 6298.019,0.806317150592804,100.0%,89.0%,0.20
237,0,0,1,capital-gain <= 4404.218,0.9074668884277344,100.0%,85.2%,0.17
238,0,0,1,age > 33.582 and race <= 4.679 and education > 5.027,0.6442346572875977,100.0%,90.0%,0.18
239,1,0,1,N/A,0.5135616064071655,0.0%,77.2%,0.19
240,1,0,1,N/A,0.5246526002883911,100.0%,84.0%,0.20
241,0,0,1,capital-gain <= 6409.813 and occupation <= 7.065,0.648334801197052,100.0%,91.2%,0.18
242,0,0,1,capital-gain <= 5178.109 and sex <= 0.62,0.9570836424827576,100.0%,92.0%,0.18
243,0,0,1,N/A,0.9705894589424133,0.0%,90.6%,0.18
244,0,0,1,N/A,0.9979216456413269,0.0%,91.6%,0.19
245,0,0,1,education-num <= 10.556,0.8218715786933899,100.0%,69.4%,0.19
246,1,1,0,capital-gain <= 2604.057 and education <= 10.09,0.7448147535324097,100.0%,78.4%,0.22
247,0,0,1,N/A,0.9781253933906555,0.0%,72.4%,0.18
248,0,0,1,N/A,0.9997332692146301,0.0%,74.6%,0.17
249,0,0,1,capital-gain <= 7175.073,0.9984909296035767,100.0%,94.0%,0.19
250,0,0,1,capital-gain <= 5569.675 and race > 3.528,0.8484795093536377,100.0%,92.2%,0.18
251,0,0,1,N/A,0.9454352259635925,0.0%,93.4%,0.19
252,0,0,1,capital-gain <= 7050.821,0.69889235496521,100.0%,93.4%,0.18
253,0,0,1,workclass <= 2.66 and capital-gain <= 6426.338,0.9934075474739075,100.0%,82.0%,0.17
254,0,0,1,capital-gain <= 6867.051,0.5607007741928101,100.0%,93.4%,0.20
255,0,0,1,capital-gain <= 4996.012,0.9658836126327515,100.0%,79.0%,0.18
256,0,0,1,fnlwgt <= 299235.484,0.9908818006515503,100.0%,78.4%,0.18
257,0,0,1,capital-gain <= 6232.041 and age <= 57.624 and workclass > 0.822,0.9717959761619568,100.0%,89.6%,0.18
258,0,0,1,capital-gain <= 6028.675,0.6549991369247437,100.0%,95.2%,0.19
259,0,0,1,capital-gain <= 7100.583 and workclass <= 2.385,0.9933550953865051,100.0%,94.2%,0.19
260,0,0,1,capital-gain <= 8627.13,0.9973235726356506,100.0%,92.2%,0.20
261,0,0,1,N/A,0.9718033075332642,100.0%,86.2%,0.18
262,0,0,1,capital-gain <= 7086.654,0.9569265842437744,100.0%,92.0%,0.19
263,1,1,0,N/A,0.9915564060211182,0.0%,77.0%,0.16
264,0,0,1,education <= 13.852,0.9551432728767395,100.0%,90.0%,0.19
265,1,1,0,N/A,0.5108174085617065,100.0%,89.2%,0.18
266,0,0,1,hours-per-week <= 39.47 and capital-gain <= 6947.36,0.9989722967147827,100.0%,84.4%,0.17
267,0,0,1,workclass > 1.076,0.9527595043182373,100.0%,72.8%,0.18
268,0,0,1,capital-gain <= 7310.466,0.9608893990516663,100.0%,94.6%,0.19
269,0,0,1,sex > 0.418,0.9995801448822021,100.0%,82.4%,0.17
270,0,0,1,race > 3.954 and fnlwgt > -76338.664,0.9671630263328552,100.0%,92.8%,0.18
271,1,1,0,capital-gain > 6977.473 and race > 3.313 and sex > 0.521,0.9961596727371216,100.0%,92.2%,0.18
272,0,0,1,N/A,0.9926146268844604,0.0%,92.8%,0.17
273,0,0,1,capital-gain <= 7275.774,0.9975261688232422,100.0%,95.2%,0.18
274,0,0,1,education-num > 4.94,0.9089165925979614,100.0%,91.4%,0.18
275,0,0,1,relationship > 2.112,0.9892024993896484,100.0%,78.6%,0.19
276,0,0,1,capital-gain <= 4997.004,0.9995474219322205,100.0%,90.2%,0.18
277,1,1,0,N/A,0.7702861428260803,100.0%,82.6%,0.19
278,0,1,0,N/A,0.6558244824409485,0.0%,89.8%,0.17
279,1,1,0,N/A,0.760575532913208,100.0%,82.6%,0.19
280,0,0,1,N/A,0.9799606204032898,0.0%,91.4%,0.18
281,0,0,1,relationship > 0.327 and hours-per-week <= 49.939,0.9840441942214966,100.0%,94.4%,0.19
282,0,0,1,capital-gain <= 7006.593,0.8874586820602417,100.0%,82.8%,0.19
283,0,0,1,N/A,0.855894148349762,100.0%,65.2%,0.16
284,1,1,0,N/A,0.8103167414665222,100.0%,88.0%,0.20
285,0,0,1,capital-gain <= 5055.003,0.9782350063323975,100.0%,90.0%,0.19
286,0,0,1,capital-gain <= 6463.429,0.9767385125160217,100.0%,92.4%,0.18
287,0,0,1,workclass <= 3.273 and education-num > 8.442,0.5057733058929443,100.0%,89.6%,0.18
288,1,1,0,N/A,0.9976861476898193,100.0%,47.8%,0.17
289,1,1,0,capital-gain <= 6038.686 and education-num > 9.227,0.7320806980133057,100.0%,90.8%,0.19
290,0,0,1,capital-gain <= 7379.333,0.9961618185043335,100.0%,91.6%,0.19
291,0,0,1,N/A,0.8094154000282288,0.0%,93.2%,0.17
292,0,0,1,N/A,0.9623658657073975,0.0%,88.2%,0.18
293,0,0,1,fnlwgt <= 176149.828 and capital-gain <= 6902.131,0.9917999505996704,100.0%,84.6%,0.17
294,0,0,1,capital-gain <= 4128.004 and education-num <= 9.916 and capital-gain <= 7391.119,0.9795505404472351,100.0%,91.2%,0.18
295,0,0,1,capital-gain <= 6521.873,0.994505763053894,100.0%,91.4%,0.18
296,0,0,1,capital-gain <= 7319.699,0.995079517364502,100.0%,92.8%,0.17
297,0,0,1,capital-gain <= 7643.237,0.999945878982544,100.0%,93.2%,0.21
298,0,0,1,capital-gain <= 4753.052,0.7653908729553223,100.0%,90.2%,0.21
299,0,0,1,capital-gain <= 4771.881,0.9980441331863403,100.0%,92.6%,0.21
300,1,1,0,N/A,0.8713706731796265,100.0%,73.8%,0.21
301,0,0,1,capital-gain <= 7369.82,0.9995983839035034,100.0%,96.0%,0.17
302,0,1,0,capital-gain <= 5785.991,0.8292480111122131,100.0%,93.2%,0.19
303,0,0,1,relationship > -1.078,0.9913378953933716,100.0%,83.6%,0.18
304,0,0,1,marital-status > 1.91 and hours-per-week > 34.698,0.9606155157089233,100.0%,69.8%,0.16
305,0,0,1,N/A,0.9692134857177734,0.0%,92.2%,0.17
306,0,0,1,N/A,0.9686545729637146,0.0%,93.0%,0.18
307,0,0,1,race > 3.433 and age <= 40.363,0.9887686967849731,100.0%,72.6%,0.18
308,0,0,1,N/A,0.9652605652809143,0.0%,93.6%,0.18
309,0,0,1,capital-gain <= 7120.704 and education-num <= 12.102,0.9054578542709351,98.9%,93.6%,0.19
310,0,0,1,capital-gain <= 5104.787,0.8753043413162231,100.0%,91.4%,0.19
311,0,0,1,capital-gain <= 7206.51,0.8878343105316162,100.0%,92.4%,0.18
312,1,0,1,capital-gain <= 6910.204,0.7739236950874329,100.0%,92.0%,0.19
313,1,0,1,relationship <= 2.46 and workclass > 1.461,0.7596843838691711,100.0%,90.2%,0.18
314,0,0,1,occupation <= 7.266 and capital-loss > -118.231,0.9568856954574585,100.0%,94.4%,0.20
315,0,0,1,capital-gain <= 2836.013 and relationship > 1.325 and capital-gain <= 7318.973,0.9842915534973145,100.0%,91.8%,0.18
316,1,1,0,N/A,0.965718686580658,100.0%,83.4%,0.18
317,0,0,1,capital-gain <= 7807.061,0.9916226267814636,100.0%,92.2%,0.18
318,0,0,1,capital-gain <= 4707.313 and native-country > 26.322 and sex <= 0.51,0.9878051280975342,100.0%,89.6%,0.18
319,0,0,1,capital-gain <= 6773.891 and marital-status > 2.916,0.9985665082931519,100.0%,75.8%,0.16
320,0,0,1,capital-gain <= 4605.442 and marital-status > 3.704,0.9901765584945679,100.0%,84.0%,0.17
321,1,1,0,N/A,0.5321356058120728,0.0%,24.0%,0.17
322,1,1,0,N/A,0.8912627696990967,100.0%,83.2%,0.19
323,1,0,1,capital-gain <= 5614.705,0.8038187026977539,100.0%,93.4%,0.18
324,0,0,1,capital-gain <= 6882.174 and race <= 2.227,0.9931090474128723,100.0%,92.2%,0.19
325,0,0,1,capital-gain <= 6884.312,0.7971771359443665,100.0%,91.8%,0.18
326,0,0,1,hours-per-week <= 42.417,0.9869437217712402,100.0%,93.8%,0.20
327,1,1,0,N/A,0.6892848610877991,100.0%,79.6%,0.19
328,1,0,1,capital-gain <= 5789.88,0.5475638508796692,100.0%,88.8%,0.17
329,1,1,0,N/A,0.572690486907959,100.0%,74.2%,0.18
330,1,1,0,N/A,0.980079710483551,0.0%,20.8%,0.16
331,1,1,0,N/A,0.7734785079956055,100.0%,90.4%,0.19
332,1,0,1,age > 52.564,0.5990906953811646,100.0%,47.2%,0.05
333,0,0,1,capital-gain <= 6561.046,0.9804253578186035,100.0%,91.4%,0.20
334,0,0,1,N/A,0.958495020866394,0.0%,80.8%,0.19
335,0,0,1,capital-gain <= 3883.141,0.9981604218482971,100.0%,91.8%,0.19
336,0,0,1,occupation <= 7.306,0.9739152193069458,100.0%,84.8%,0.20
337,0,0,1,N/A,0.9836851358413696,0.0%,77.4%,0.17
338,0,0,1,capital-gain <= 7255.201,0.6683864593505859,100.0%,93.8%,0.21
339,0,0,1,age > 36.871 and hours-per-week <= 55.394,0.8918507695198059,100.0%,86.6%,0.19
340,0,0,1,capital-gain <= 3359.861 and capital-loss > -305.021,0.5086545944213867,100.0%,93.2%,0.19
341,1,0,1,N/A,0.6304683685302734,0.0%,91.2%,0.17
342,0,0,1,N/A,0.9364891052246094,0.0%,85.2%,0.17
343,0,0,1,capital-gain <= 4486.097,0.940477192401886,100.0%,93.0%,0.18
344,1,1,0,capital-gain <= 6862.12 and education-num > 4.957,0.7616485357284546,100.0%,92.2%,0.18
345,0,0,1,capital-gain <= 6625.375,0.9645990133285522,100.0%,89.6%,0.21
346,0,0,1,capital-gain <= 7256.922,0.5575013160705566,100.0%,95.8%,0.18
347,1,1,0,capital-gain <= 2040.208 and marital-status <= 3.307 and workclass <= 3.082,0.9936773180961609,100.0%,90.2%,0.17
348,0,0,1,capital-gain <= 6802.966,0.9990169405937195,100.0%,92.6%,0.18
349,0,0,1,capital-gain <= 6760.233,0.7058352828025818,100.0%,92.4%,0.18
350,0,0,1,N/A,0.774151086807251,100.0%,84.2%,0.18
351,0,0,1,N/A,0.9997150897979736,0.0%,92.2%,0.63
352,1,0,1,capital-gain <= 7220.163,0.5532617568969727,100.0%,93.4%,0.19
353,0,0,1,capital-gain <= 5216.897,0.8968610763549805,100.0%,89.4%,0.20
354,1,0,1,capital-gain <= 6093.457,0.8994082808494568,100.0%,86.6%,0.20
355,0,0,1,N/A,0.9168005585670471,0.0%,92.8%,0.17
356,0,0,1,education <= 15.487 and capital-gain <= 3508.34,0.999092698097229,100.0%,89.4%,0.18
357,0,0,1,N/A,0.7651545405387878,0.0%,92.0%,0.20
358,0,0,1,N/A,0.9548863768577576,0.0%,87.8%,0.19
359,0,0,1,capital-gain <= 5457.162,0.9996762871742249,100.0%,88.2%,0.17
360,0,0,1,workclass > 1.538 and sex > 0.235,0.5350096225738525,100.0%,87.8%,0.18
361,0,0,1,capital-gain <= 5437.797 and education-num > 8.317,0.9932264089584351,100.0%,88.6%,0.17
362,0,0,1,capital-gain <= 6287.743,0.7720645666122437,100.0%,93.0%,0.19
363,0,0,1,capital-gain <= 7362.081,0.7672409415245056,100.0%,95.4%,0.23
364,1,1,0,N/A,0.636966347694397,0.0%,91.6%,0.30
365,0,0,1,capital-gain <= 5188.057 and age > 23.202 and race > 2.947,0.9846383929252625,100.0%,81.8%,0.28
366,1,1,0,age <= 28.982,0.9563780426979065,100.0%,69.4%,0.19
367,0,0,1,capital-gain <= 3958.512 and age <= 38.49 and capital-gain <= 4367.348,0.9793483018875122,100.0%,84.4%,0.20
368,1,1,0,capital-gain > 7092.006,0.9969313144683838,100.0%,92.0%,0.22
369,0,0,1,N/A,0.975774347782135,0.0%,87.4%,0.21
370,0,0,1,capital-gain <= 6273.713,0.999744713306427,100.0%,88.4%,0.18
371,0,0,1,relationship <= 3.285,0.9801613092422485,100.0%,79.8%,0.19
372,0,0,1,education-num <= 14.875,0.9834164977073669,100.0%,89.8%,0.20
373,0,1,0,N/A,0.5123160481452942,100.0%,89.2%,0.19
374,0,0,1,capital-loss > -965.336,0.9210381507873535,100.0%,92.8%,0.20
375,1,1,0,N/A,0.5678437948226929,100.0%,90.6%,0.19
376,1,1,0,occupation <= 4.229,0.9787856340408325,100.0%,70.0%,0.17
377,0,0,1,education-num <= 11.012 and capital-gain <= 1523.176,0.9845622777938843,100.0%,78.0%,0.18
378,1,1,0,capital-gain > 5787.715 and marital-status <= 4.142,0.9969125986099243,99.9%,90.6%,0.19
379,0,0,1,capital-gain <= 7428.229,0.9774274826049805,100.0%,95.0%,0.17
380,0,0,1,occupation > 10.554 and capital-gain <= 4395.508,0.5651427507400513,100.0%,85.8%,0.17
381,0,0,1,capital-gain <= 5184.37,0.961541473865509,100.0%,90.8%,0.19
382,0,0,1,capital-loss <= 163.219,0.8276786208152771,100.0%,92.0%,0.18
383,0,0,1,capital-gain <= 4505.603 and education-num > 8.236 and sex <= 0.443,0.9814912676811218,100.0%,86.0%,0.18
384,0,0,1,capital-gain <= 6438.973,0.9972309470176697,100.0%,93.8%,0.18
385,0,0,1,capital-gain <= 7077.411,0.9641162157058716,100.0%,93.8%,0.17
386,0,0,1,capital-gain <= 7186.449,0.8770321011543274,100.0%,94.8%,0.18
387,1,0,1,capital-gain <= 7065.522,0.5794337391853333,100.0%,93.4%,0.19
388,0,0,1,capital-gain <= 5076.819,0.9650015234947205,100.0%,89.4%,0.18
389,1,1,0,capital-gain <= 5772.199 and education > 7.301 and workclass <= 1.541,0.6955054998397827,100.0%,92.0%,0.20
390,0,0,1,capital-gain <= 7361.564,0.9996127486228943,100.0%,95.2%,0.20
391,0,0,1,capital-gain <= 6633.854,0.960321843624115,100.0%,92.8%,0.18
392,0,0,1,capital-gain <= 6925.097 and sex <= 0.111 and capital-loss <= 21.93 and marital-status > 2.587,0.9995886087417603,100.0%,91.2%,0.18
393,0,0,1,capital-gain <= 6711.028,0.9851292371749878,100.0%,93.8%,0.19
394,0,0,1,marital-status > 2.485 and capital-gain <= 3674.119,0.9797245264053345,100.0%,80.2%,0.17
395,0,0,1,N/A,0.9924114942550659,0.0%,84.8%,0.17
396,0,0,1,capital-gain <= 4789.925 and age <= 19.755,0.9997451305389404,100.0%,87.6%,0.19
397,0,0,1,capital-gain <= 8363.813,0.7820279598236084,100.0%,92.4%,0.19
398,1,1,0,race <= 2.011 and capital-gain > 7945.561,0.9994482398033142,100.0%,92.0%,0.19
399,0,0,1,capital-loss > -244.481,0.986915647983551,100.0%,68.0%,0.05
400,1,1,0,N/A,0.9994059801101685,0.0%,26.2%,0.22
401,0,0,1,capital-gain <= 7319.719 and race > 3.637,0.5126746892929077,100.0%,93.6%,0.20
402,0,0,1,capital-gain <= 6722.468,0.9929254055023193,100.0%,90.8%,0.18
403,1,1,0,N/A,0.5483548641204834,0.0%,92.4%,0.19
404,1,1,0,capital-gain <= 4917.027 and race > 3.224,0.6729261875152588,100.0%,89.2%,0.20
405,1,1,0,N/A,0.7425958514213562,100.0%,94.8%,0.24
406,1,1,0,capital-gain > 6791.818 and fnlwgt > 95624.102 and native-country <= 41.324,0.9994165897369385,100.0%,90.0%,0.21
407,0,0,1,capital-gain <= 5893.454 and fnlwgt <= 113099.488,0.991619884967804,100.0%,90.4%,0.19
408,0,0,1,workclass > 1.392,0.9671877026557922,100.0%,77.8%,0.19
409,0,0,1,workclass > 1.897 and capital-gain <= 7378.675,0.9558649659156799,100.0%,80.2%,0.20
410,0,0,1,fnlwgt <= 175151.344 and capital-gain <= 3284.719,0.9997069835662842,100.0%,79.4%,0.18
411,0,1,0,capital-gain <= 5403.099,0.5225103497505188,100.0%,91.6%,0.18
412,0,0,1,N/A,0.9984101057052612,0.0%,85.4%,0.19
413,1,0,1,capital-gain <= 7158.418 and native-country <= 38.616,0.7867982387542725,100.0%,92.0%,0.19
414,0,0,1,capital-loss <= 172.163,0.9857137799263,100.0%,76.0%,0.20
415,1,0,1,capital-gain <= 7080.952,0.5114904642105103,100.0%,93.4%,0.19
416,0,0,1,capital-gain <= 6230.715 and occupation <= 7.438,0.9717829823493958,100.0%,91.0%,0.20
417,0,0,1,capital-gain <= 7147.525 and capital-loss > -314.951 and capital-gain <= 7390.268,0.9904577136039734,100.0%,93.0%,0.19
418,1,0,1,race > 3.37,0.721206545829773,100.0%,90.0%,0.17
419,0,0,1,capital-gain <= 7215.331,0.8415619134902954,100.0%,94.8%,0.18
420,0,0,1,capital-gain <= 5770.039,0.9866279363632202,100.0%,89.2%,0.20
421,0,1,0,N/A,0.5189394354820251,0.0%,78.2%,0.17
422,0,0,1,capital-gain <= 4222.765 and relationship > -0.168 and sex > 0.655,0.8757466077804565,100.0%,85.0%,0.19
423,1,1,0,N/A,0.9980084300041199,100.0%,88.4%,0.19
424,0,0,1,capital-gain <= 2753.355,0.9688581824302673,100.0%,91.0%,0.18
425,0,0,1,capital-gain <= 5071.138,0.9963970184326172,100.0%,92.2%,0.18
426,1,1,0,N/A,0.8110576868057251,100.0%,86.2%,0.18
427,0,0,1,N/A,0.9933210015296936,0.0%,88.4%,0.18
428,0,0,1,capital-gain <= 7295.281,0.9611718058586121,100.0%,93.4%,0.17
429,0,0,1,N/A,0.9880385994911194,0.0%,94.6%,0.20
430,0,0,1,workclass <= 3.273,0.9421159029006958,100.0%,91.8%,0.19
431,1,1,0,N/A,0.5878314971923828,100.0%,91.2%,0.20
432,0,0,1,capital-gain <= 7201.26 and age > 42.472,0.9354954957962036,100.0%,92.8%,0.18
433,1,0,1,capital-gain <= 7405.86,0.6928263902664185,100.0%,95.0%,0.17
434,0,0,1,capital-gain <= 4701.37,0.8299128413200378,100.0%,90.6%,0.17
435,0,0,1,capital-gain <= 6259.677,0.6767057180404663,100.0%,91.4%,0.17
436,1,1,0,capital-gain <= 1941.015,0.6684248447418213,100.0%,88.0%,0.18
437,0,0,1,relationship > 0.631 and capital-gain <= 4022.153,0.9989493489265442,100.0%,78.6%,0.18
438,0,0,1,capital-gain <= 6758.876 and education <= 13.445,0.7562964558601379,100.0%,89.0%,0.19
439,0,0,1,capital-loss <= 260.001 and capital-gain <= 2672.707,0.8394210338592529,100.0%,91.0%,0.18
440,0,0,1,capital-gain <= 4526.773,0.8101555705070496,100.0%,88.0%,0.16
441,1,0,1,capital-gain <= 6882.235,0.5384901762008667,100.0%,90.4%,0.18
442,1,1,0,capital-gain <= 2441.775 and marital-status > 0.604,0.8727920055389404,100.0%,79.8%,0.18
443,0,0,1,capital-gain <= 8090.48,0.9768901467323303,100.0%,89.6%,0.19
444,1,1,0,N/A,0.7228917479515076,100.0%,87.2%,0.18
445,0,0,1,capital-gain <= 5011.759,0.9589399695396423,100.0%,87.4%,0.19
446,0,0,1,education-num <= 10.243 and workclass <= 2.529 and occupation <= 8.64,0.8080768585205078,100.0%,88.6%,0.20
447,0,1,0,N/A,0.7522367238998413,100.0%,84.2%,0.17
448,0,1,0,N/A,0.6959521770477295,100.0%,91.6%,0.19
449,0,0,1,hours-per-week > 55.352,0.5970240831375122,100.0%,77.0%,0.17
450,0,0,1,capital-gain <= 7223.713,0.9994287490844727,100.0%,95.8%,0.17
451,0,0,1,capital-gain > -9022.946 and education-num <= 12.432,0.729335367679596,100.0%,81.2%,0.19
452,0,1,0,N/A,0.5393017530441284,100.0%,79.6%,0.18
453,0,0,1,capital-gain <= 4887.744 and race <= 2.734,0.7443387508392334,100.0%,88.6%,0.20
454,0,0,1,capital-loss > 1015.293 and relationship > -0.555 and capital-loss > 500.789,0.9871135950088501,100.0%,76.4%,0.17
455,1,1,0,capital-gain <= 3753.021 and age > 29.712,0.7913301587104797,100.0%,83.4%,0.18
456,0,0,1,occupation > -4.906,0.9916667938232422,100.0%,91.0%,0.18
457,1,1,0,N/A,0.9632393717765808,100.0%,88.0%,0.20
458,1,0,1,N/A,0.7546669244766235,0.0%,91.0%,0.19
459,0,0,1,N/A,0.9888870120048523,0.0%,92.4%,0.19
460,0,0,1,hours-per-week > 44.946 and capital-gain <= 4704.345,0.8082619309425354,100.0%,77.8%,0.19
461,0,1,0,capital-gain <= 3936.579 and native-country <= 40.054,0.6842849254608154,100.0%,84.2%,0.19
462,0,0,1,native-country > 29.007 and sex > -0.236,0.9949773550033569,100.0%,94.8%,0.17
463,0,0,1,capital-gain <= 4931.74 and capital-loss <= 156.426,0.9972639083862305,100.0%,84.8%,0.18
464,1,0,1,capital-gain <= 6823.999,0.6718916893005371,100.0%,94.4%,0.19
465,1,1,0,capital-gain > 5096.654,0.9993699193000793,100.0%,90.4%,0.17
466,0,0,1,workclass > 0.844 and capital-loss > -47.967,0.6633322238922119,100.0%,75.2%,0.19
467,0,0,1,capital-gain <= 7086.407,0.8782665729522705,100.0%,93.8%,0.19
468,0,0,1,capital-gain <= 7280.424,0.8918650150299072,100.0%,95.0%,0.16
469,0,0,1,age <= 19.173 and fnlwgt > 104380.582,0.9988781809806824,100.0%,91.0%,0.17
470,0,0,1,capital-gain <= 7184.709,0.7286021709442139,100.0%,81.6%,0.17
471,0,0,1,capital-gain <= 6454.309,0.9230866432189941,100.0%,91.0%,0.19
472,1,1,0,N/A,0.9325017929077148,100.0%,81.2%,0.18
473,0,0,1,native-country <= 38.66 and fnlwgt > 317334.25 and capital-gain <= 6893.175,0.9662850499153137,100.0%,80.2%,0.16
474,1,1,0,N/A,0.6562567353248596,100.0%,88.6%,0.18
475,1,1,0,N/A,0.9991112351417542,0.0%,25.0%,0.17
476,1,1,0,N/A,0.9981901049613953,0.0%,28.0%,0.16
477,0,0,1,capital-gain <= 6981.266,0.972386360168457,100.0%,87.6%,0.19
478,1,1,0,N/A,0.819052517414093,100.0%,88.6%,0.19
479,0,0,1,native-country > 33.384 and relationship > 2.514,0.9997326731681824,100.0%,94.6%,0.17
480,0,0,1,N/A,0.9980542063713074,0.0%,84.4%,0.19
481,0,0,1,education > 12.857,0.7264961004257202,100.0%,93.4%,0.20
482,0,1,0,N/A,0.5040329098701477,100.0%,89.2%,0.18
483,0,0,1,capital-gain <= 5178.13,0.9944217801094055,100.0%,78.8%,0.17
484,0,1,0,native-country > 31.494,0.5061942338943481,100.0%,90.0%,0.19
485,1,1,0,N/A,0.5034841895103455,100.0%,71.4%,0.05
486,0,0,1,capital-gain <= 4565.556,0.9807077050209045,100.0%,87.2%,0.18
487,0,0,1,capital-gain <= 6207.787,0.7029170989990234,100.0%,92.0%,0.18
488,0,0,1,N/A,0.941023588180542,0.0%,93.2%,0.19
489,0,0,1,capital-gain > -3932.039 and marital-status > 2.548 and fnlwgt > 97049.785,0.8634721040725708,100.0%,90.4%,0.19
490,0,0,1,fnlwgt <= 213753.766,0.9991223216056824,100.0%,72.6%,0.18
491,1,1,0,N/A,0.757958710193634,100.0%,77.6%,0.20
492,0,0,1,capital-gain <= 4023.011,0.8024047613143921,100.0%,84.2%,0.18
493,0,1,0,capital-gain <= 5669.391 and fnlwgt > 91019.441 and occupation > 8.778 and age <= 45.08,0.6868584752082825,100.0%,92.6%,0.19
494,1,0,1,occupation > -3.539,0.6515989303588867,100.0%,91.8%,0.19
495,0,0,1,capital-gain <= 6297.389,0.9927205443382263,100.0%,90.8%,0.19
496,0,0,1,capital-gain <= 5089.552 and native-country <= 42.775,0.8820513486862183,100.0%,89.0%,1.30
497,1,1,0,N/A,0.9903045296669006,0.0%,28.4%,0.54
498,0,0,1,native-country > 26.719,0.9939569234848022,100.0%,75.6%,0.31
499,0,0,1,capital-gain <= 4241.847 and education <= 17.853 and native-country > 32.349,0.9997062087059021,100.0%,87.6%,0.24
500,0,0,1,N/A,0.9126890897750854,0.0%,95.0%,0.26
501,0,0,1,capital-gain <= 8256.789,0.9995787143707275,100.0%,90.2%,0.30
502,1,0,1,N/A,0.530936598777771,0.0%,92.2%,0.21
503,0,0,1,capital-gain <= 6897.411,0.7580217123031616,100.0%,91.2%,0.19
504,0,0,1,capital-gain <= 7323.981,0.9804922938346863,100.0%,85.6%,0.18
505,0,1,0,N/A,0.5770585536956787,100.0%,71.2%,0.20
506,1,1,0,N/A,0.5766791701316833,0.0%,88.6%,0.22
507,0,0,1,capital-gain <= 3639.399 and fnlwgt > 124087.004 and capital-gain <= 6996.406,0.7053990960121155,100.0%,89.0%,0.25
508,0,0,1,relationship > -1.504,0.9528448581695557,100.0%,89.6%,0.20
509,0,0,1,capital-gain <= 5318.209 and age <= 23.092,0.981226921081543,100.0%,91.8%,0.20
510,0,0,1,capital-gain <= 2966.607,0.932261049747467,100.0%,81.4%,0.19
511,1,1,0,N/A,0.5742286443710327,100.0%,90.6%,0.23
512,0,0,1,capital-gain <= 3068.422 and hours-per-week > 43.473 and capital-gain <= 4046.767 and occupation <= 5.956,0.876003623008728,100.0%,81.8%,0.21
513,0,0,1,capital-gain <= 6170.894,0.9947500228881836,100.0%,92.4%,0.20
514,0,0,1,relationship > 0.066 and capital-gain <= 4568.861,0.8842921853065491,100.0%,89.4%,0.20
515,0,0,1,education > 9.03 and capital-loss > -444.536 and age > 28.602,0.9760892391204834,100.0%,76.8%,0.05
516,0,0,1,capital-gain <= 7146.049,0.9987239837646484,100.0%,94.0%,0.18
517,0,0,1,capital-gain <= 6914.384,0.9995224475860596,100.0%,93.8%,0.18
518,1,0,1,capital-gain <= 6896.152,0.6708582639694214,100.0%,87.0%,0.19
519,0,0,1,fnlwgt <= 172993.219 and education-num <= 12.765,0.7041890621185303,100.0%,92.0%,0.19
520,0,0,1,N/A,0.9753345251083374,0.0%,92.0%,0.19
521,1,0,1,capital-gain <= 4110.199,0.8570024371147156,100.0%,91.8%,0.18
522,1,0,1,race > 3.252 and native-country > 27.59,0.6718916893005371,100.0%,93.6%,0.20
523,1,0,1,capital-gain <= 8022.112,0.6498768329620361,100.0%,85.6%,0.17
524,1,1,0,age <= 31.312 and capital-gain > -257.701 and native-country > 32.332,0.7279015183448792,100.0%,82.2%,0.20
525,0,0,1,capital-gain <= 7098.782,0.9475586414337158,100.0%,94.6%,0.17
526,0,0,1,capital-gain <= 6865.771,0.8349273204803467,100.0%,94.6%,0.21
527,1,1,0,capital-gain <= 4098.99 and race <= 4.416 and education > 7.943,0.7573441863059998,100.0%,85.2%,0.21
528,0,1,0,N/A,0.5991758108139038,100.0%,74.8%,0.17
529,0,0,1,capital-gain <= 3921.936,0.5568678379058838,100.0%,87.6%,0.19
530,1,1,0,capital-gain <= 6484.77 and education > 1.249,0.7746316194534302,100.0%,91.4%,0.19
531,0,0,1,N/A,0.9906635880470276,0.0%,93.0%,0.18
532,1,0,1,capital-gain <= 5614.113 and education > 11.873 and education-num <= 12.322,0.6930755376815796,100.0%,88.8%,0.18
533,1,1,0,N/A,0.7905515432357788,100.0%,86.6%,0.19
534,0,0,1,capital-gain <= 7051.955,0.9790593981742859,100.0%,93.6%,0.19
535,0,0,1,occupation <= 5.3 and capital-gain <= 2953.305,0.9865038990974426,100.0%,89.6%,0.19
536,0,1,0,N/A,0.5307460427284241,100.0%,91.2%,0.19
537,0,0,1,capital-gain <= 5992.25,0.9980785846710205,100.0%,89.6%,0.19
538,0,0,1,capital-gain <= 4547.079,0.9409282207489014,100.0%,92.0%,0.19
539,0,0,1,capital-gain <= 4161.792,0.978151261806488,100.0%,86.0%,0.19
540,1,1,0,N/A,0.9975414276123047,0.0%,26.6%,0.17
541,1,1,0,N/A,0.5361884832382202,100.0%,89.6%,0.20
542,0,0,1,occupation > 6.379 and capital-gain <= 4660.774 and fnlwgt <= 217867.219,0.7510039806365967,100.0%,80.4%,0.20
543,0,0,1,N/A,0.6610704660415649,0.0%,90.8%,0.17
544,0,0,1,N/A,0.9878692626953125,100.0%,75.8%,0.17
545,0,0,1,education-num <= 11.76 and native-country > 36.936,0.9556096792221069,100.0%,75.6%,0.16
546,0,0,1,N/A,0.7194705009460449,0.0%,95.2%,0.20
547,0,0,1,capital-gain <= 2633.499,0.9205753803253174,100.0%,77.2%,0.17
548,0,0,1,capital-gain <= 5578.43,0.9990029335021973,100.0%,88.0%,0.18
549,0,0,1,marital-status > 1.533,0.8191998600959778,100.0%,91.0%,0.20
550,0,0,1,N/A,0.9988927245140076,0.0%,78.2%,0.18
551,0,0,1,capital-gain <= 7285.618,0.989649772644043,100.0%,94.4%,0.18
552,1,0,1,capital-gain <= 5478.818,0.7281481027603149,100.0%,87.0%,0.18
553,1,1,0,N/A,0.7511558532714844,100.0%,80.2%,0.19
554,0,0,1,capital-gain <= 6311.137,0.9893774390220642,100.0%,95.2%,0.16
555,0,0,1,capital-gain <= 4216.197,0.9971453547477722,100.0%,82.8%,0.19
556,1,0,1,capital-gain <= 5704.749 and education-num <= 10.073 and capital-gain <= 6990.202,0.9682446122169495,100.0%,87.0%,0.21
557,0,0,1,education <= 1.7 and capital-gain <= 6966.18,0.9997449517250061,100.0%,92.6%,0.20
558,0,0,1,N/A,0.861575186252594,0.0%,77.2%,0.17
559,0,1,0,N/A,0.5042367577552795,100.0%,93.0%,0.21
560,0,0,1,capital-gain <= 6297.923,0.7443932890892029,100.0%,94.2%,0.22
561,0,0,1,education-num > 8.289 and capital-gain <= 5677.213,0.7026808261871338,100.0%,78.2%,0.17
562,0,0,1,capital-gain <= 6960.286,0.9553413987159729,100.0%,93.2%,0.18
563,0,0,1,capital-gain <= 6004.1,0.9955042600631714,100.0%,90.0%,0.16
564,1,0,1,capital-gain <= 4018.181,0.5828169584274292,100.0%,94.4%,0.18
565,1,1,0,N/A,0.7251936793327332,100.0%,92.2%,0.22
566,1,1,0,N/A,0.5875113606452942,100.0%,92.2%,0.20
567,1,1,0,capital-gain > 4272.576,0.998979389667511,100.0%,84.2%,0.20
568,1,1,0,N/A,0.9854907989501953,100.0%,93.4%,0.20
569,0,0,1,native-country > 35.354 and education > 12.214,0.9962618350982666,100.0%,91.0%,0.18
570,0,0,1,capital-gain <= 5273.611,0.9824510812759399,100.0%,90.6%,0.18
571,0,0,1,capital-gain <= 7468.159,0.9036914110183716,100.0%,93.2%,0.22
572,0,0,1,capital-gain <= 4262.011,0.9994069337844849,100.0%,85.6%,0.19
573,1,1,0,capital-gain <= 5609.136 and education-num > 10.194,0.7842621803283691,100.0%,94.4%,0.19
574,0,0,1,age <= 60.478,0.9687806367874146,100.0%,89.4%,0.21
575,0,1,0,N/A,0.6188397407531738,0.0%,76.8%,0.17
576,0,0,1,capital-gain <= 6835.773,0.9996995329856873,100.0%,92.2%,0.20
577,1,1,0,N/A,0.9867903590202332,100.0%,75.8%,0.23
578,1,1,0,N/A,0.715796947479248,100.0%,91.8%,0.19
579,0,0,1,capital-gain <= 5738.321,0.8444402813911438,100.0%,88.0%,0.17
580,0,0,1,capital-gain <= 7231.458,0.6726797819137573,100.0%,94.0%,0.21
581,0,0,1,age <= 49.445,0.9769997000694275,100.0%,91.0%,0.24
582,0,0,1,N/A,0.7208120226860046,0.0%,88.8%,0.22
583,1,1,0,N/A,0.9982958436012268,100.0%,35.0%,0.19
584,0,1,0,N/A,0.6624725461006165,100.0%,95.8%,0.21
585,1,1,0,age > 50.626,0.9814844131469727,100.0%,66.6%,0.18
586,1,1,0,relationship <= 1.151 and capital-gain > 6594.756,0.9991834759712219,100.0%,84.6%,0.21
587,0,0,1,capital-gain <= 7253.52,0.8981192708015442,100.0%,86.4%,0.19
588,1,0,1,capital-gain <= 3625.266 and relationship > -0.729,0.830172061920166,100.0%,94.2%,0.20
589,0,0,1,capital-gain <= 4923.79 and race <= 2.45,0.910048246383667,100.0%,88.4%,0.18
590,1,1,0,N/A,0.9837746620178223,0.0%,88.4%,0.18
591,0,0,1,capital-gain <= 6087.361,0.9671999216079712,100.0%,89.6%,0.21
592,0,0,1,capital-gain <= 2757.577 and education <= 1.373 and workclass > 3.173 and capital-gain <= 6936.751,0.8828241229057312,100.0%,89.6%,0.19
593,0,0,1,occupation > 3.341,0.7280118465423584,100.0%,89.6%,0.19
594,0,0,1,N/A,0.7362546920776367,0.0%,87.2%,0.19
595,0,0,1,capital-gain <= 7140.808,0.998652994632721,100.0%,92.0%,0.17
596,0,0,1,capital-gain <= 6195.145 and sex > 0.849,0.9927080869674683,100.0%,86.4%,0.19
597,1,1,0,capital-gain <= 7296.337 and hours-per-week > 44.76,0.5140258073806763,100.0%,94.6%,0.18
598,1,1,0,N/A,0.8147436380386353,100.0%,91.6%,0.19
599,0,0,1,capital-gain <= 4906.983,0.930831789970398,100.0%,89.4%,0.20
600,0,0,1,capital-gain <= 7235.689,0.9919194579124451,100.0%,95.4%,0.19
601,1,1,0,capital-gain > 7336.839,0.9960558414459229,100.0%,94.0%,0.21
602,0,0,1,capital-gain <= 3472.771,0.9401488900184631,100.0%,88.2%,0.18
603,1,1,0,N/A,0.5501929521560669,100.0%,76.4%,0.18
604,0,0,1,sex <= 0.415 and capital-gain <= 6027.656,0.8547410368919373,100.0%,83.4%,0.18
605,1,0,1,capital-gain <= 4493.668,0.7444337606430054,100.0%,87.2%,0.17
606,0,0,1,capital-gain <= 6026.023 and education <= 10.481,0.9952259063720703,100.0%,90.4%,0.18
607,0,0,1,N/A,0.9826744794845581,0.0%,89.0%,0.20
608,1,1,0,N/A,0.7822656035423279,100.0%,87.0%,0.18
609,1,0,1,N/A,0.924347460269928,0.0%,88.8%,0.19
610,0,0,1,N/A,0.8984667062759399,100.0%,75.2%,0.18
611,1,1,0,capital-gain <= 7031.146 and marital-status <= 2.717,0.8734713196754456,100.0%,94.6%,0.19
612,0,0,1,capital-gain <= 6386.641,0.9412623643875122,100.0%,91.8%,0.19
613,1,1,0,N/A,0.9661785960197449,100.0%,74.0%,0.19
614,0,0,1,education-num <= 10.787 and education <= 15.298 and race > 3.58,0.9611132144927979,100.0%,93.0%,0.19
615,0,1,0,N/A,0.5525435209274292,100.0%,91.8%,0.23
616,0,0,1,capital-gain <= 5701.439,0.9449267983436584,100.0%,92.0%,0.18
617,0,0,1,capital-gain <= 7959.361,0.9997038245201111,100.0%,93.2%,0.20
618,0,0,1,capital-gain <= 2289.593 and capital-loss <= 61.717 and age <= 41.006 and native-country > 32.017,0.999802827835083,100.0%,78.2%,0.17
619,0,0,1,N/A,0.9944983720779419,0.0%,93.6%,0.19
620,1,0,1,capital-gain <= 6204.905,0.6581582427024841,100.0%,91.2%,0.19
621,0,0,1,N/A,0.8370178937911987,100.0%,75.8%,0.18
622,0,0,1,capital-gain <= 6327.091,0.961872935295105,100.0%,93.8%,0.19
623,1,1,0,sex > 0.898,0.9931954145431519,100.0%,82.6%,0.18
624,0,0,1,N/A,0.9957070350646973,0.0%,93.0%,0.19
625,0,0,1,N/A,0.9955182671546936,0.0%,91.6%,0.17
626,0,0,1,capital-gain <= 4651.633,0.9339743256568909,100.0%,82.8%,0.18
627,0,0,1,occupation > 2.898 and capital-gain > -5140.569,0.9789835214614868,100.0%,89.8%,0.18
628,0,0,1,capital-gain <= 8848.068,0.9990975856781006,100.0%,88.2%,0.16
629,0,0,1,occupation > 3.888,0.8678658604621887,100.0%,81.0%,0.18
630,0,0,1,N/A,0.6463983058929443,0.0%,93.2%,0.19
631,0,0,1,capital-loss > -267.314 and sex > -0.126,0.9925143122673035,100.0%,73.2%,0.17
632,0,0,1,capital-gain <= 7175.431,0.9988523125648499,100.0%,96.2%,0.20
633,0,0,1,capital-gain <= 6543.149 and relationship > 1.854 and sex > 0.762,0.9797791838645935,100.0%,90.6%,0.17
634,0,0,1,capital-gain <= 6590.622,0.963316798210144,100.0%,92.6%,0.18
635,1,1,0,hours-per-week > 50.651,0.7702296376228333,100.0%,83.2%,0.18
636,1,1,0,N/A,0.9986112117767334,0.0%,21.6%,0.17
637,0,0,1,capital-gain <= 4134.678,0.9663890600204468,100.0%,83.4%,0.18
638,0,0,1,sex > 0.832 and age <= 39.514 and race > 3.15 and occupation <= 7.59,0.6234066486358643,100.0%,91.4%,0.19
639,0,0,1,capital-gain <= 5205.285,0.9074579477310181,100.0%,91.0%,0.18
640,0,0,1,N/A,0.9996978044509888,0.0%,76.6%,0.16
641,0,0,1,N/A,0.9899802207946777,0.0%,92.2%,0.19
642,0,0,1,sex <= 0.973,0.9987337589263916,100.0%,94.4%,0.18
643,0,0,1,relationship > -1.321 and occupation > 2.561,0.8741622567176819,100.0%,91.2%,0.21
644,1,0,1,capital-gain <= 6368.273 and sex <= 1.217,0.745337963104248,100.0%,85.2%,0.18
645,0,1,0,capital-gain <= 6523.628 and education-num > 8.548,0.6725634932518005,100.0%,93.6%,0.18
646,0,0,1,capital-gain <= 6280.447,0.9994365572929382,99.9%,83.0%,0.17
647,1,1,0,N/A,0.7278984189033508,100.0%,73.4%,0.05
648,1,1,0,N/A,0.9965851306915283,100.0%,76.0%,0.18
649,0,0,1,capital-gain <= 7292.552,0.9631698131561279,100.0%,94.4%,0.20
650,0,0,1,capital-gain <= 6166.019,0.9000526070594788,100.0%,90.8%,0.18
651,0,0,1,capital-gain <= 2542.993 and fnlwgt > 114236.832,0.9962488412857056,100.0%,91.4%,0.18
652,0,0,1,capital-loss <= 117.525,0.9809746146202087,100.0%,90.8%,0.21
653,0,0,1,capital-gain <= 4801.696,0.9929735064506531,100.0%,86.8%,0.18
654,0,0,1,capital-gain <= 6693.471,0.8073768615722656,100.0%,91.0%,0.17
655,0,0,1,N/A,0.6663352251052856,0.0%,92.6%,0.18
656,0,0,1,N/A,0.9781142473220825,0.0%,81.0%,0.17
657,1,0,1,race > 3.697 and capital-gain <= 3440.933 and marital-status <= 2.759,0.8064483404159546,100.0%,88.2%,0.18
658,1,1,0,education-num <= 13.113,0.6096838116645813,100.0%,87.8%,0.20
659,0,0,1,fnlwgt > 81428.719 and hours-per-week > 28.203,0.9964194297790527,100.0%,73.0%,0.18
660,0,0,1,capital-gain <= 6831.567,0.9731009006500244,100.0%,92.6%,0.19
661,1,1,0,N/A,0.9923847913742065,0.0%,73.4%,0.17
662,0,0,1,N/A,0.9992392659187317,0.0%,76.4%,0.17
663,0,0,1,capital-gain <= 2180.157,0.9903339743614197,99.9%,74.4%,0.16
664,0,0,1,occupation <= 8.8 and race <= 2.559 and capital-loss > -304.197 and relationship <= 3.233,0.9910385608673096,100.0%,91.8%,0.18
665,0,0,1,capital-gain <= 1666.302 and relationship <= 3.403,0.9722635746002197,100.0%,91.2%,0.19
666,1,1,0,N/A,0.6330168843269348,100.0%,90.8%,0.20
667,0,0,1,native-country > 37.983 and capital-gain <= 6248.877,0.9993242025375366,100.0%,88.8%,0.17
668,0,0,1,capital-gain <= 8014.002,0.9982715249061584,100.0%,93.2%,0.19
669,0,0,1,N/A,0.934563159942627,0.0%,77.2%,0.19
670,0,0,1,capital-gain <= 8177.902,0.9965800642967224,100.0%,89.4%,0.21
671,0,1,0,N/A,0.8660113215446472,100.0%,93.8%,0.20
672,0,0,1,education > 11.627 and capital-gain <= 7102.139,0.6178861856460571,100.0%,78.8%,0.18
673,0,1,0,N/A,0.6432499885559082,0.0%,94.2%,0.18
674,0,0,1,marital-status > -0.296 and capital-gain > -1697.529,0.8335442543029785,100.0%,72.4%,0.18
675,0,0,1,capital-gain <= 7194.728,0.9677613377571106,100.0%,94.8%,0.20
676,0,1,0,N/A,0.6108317971229553,100.0%,93.8%,0.20
677,1,1,0,N/A,0.851811408996582,100.0%,89.2%,0.19
678,0,0,1,N/A,0.7995995283126831,100.0%,82.2%,0.19
679,0,0,1,capital-gain <= 7301.093 and native-country > 35.293,0.9421427845954895,100.0%,94.2%,0.19
680,0,0,1,N/A,0.8121094107627869,0.0%,62.8%,0.18
681,0,0,1,capital-gain <= 5202.539,0.9937820434570312,100.0%,88.8%,0.20
682,1,1,0,N/A,0.5260087251663208,100.0%,75.0%,0.19
683,0,1,0,capital-gain <= 6976.309,0.506139874458313,100.0%,94.6%,0.20
684,1,0,1,capital-gain <= 5986.592,0.7061350345611572,100.0%,91.0%,0.20
685,0,0,1,capital-gain <= 7726.852,0.9995541572570801,100.0%,94.2%,0.18
686,0,0,1,capital-gain <= 3105.198,0.9971967935562134,100.0%,79.2%,0.19
687,0,0,1,capital-gain <= 6191.391,0.9823223948478699,100.0%,90.4%,0.18
688,0,0,1,capital-gain <= 2191.581,0.9948997497558594,100.0%,76.4%,0.17
689,0,0,1,capital-gain <= 7312.452,0.7031182050704956,100.0%,94.2%,0.20
690,1,1,0,relationship <= 0.922 and workclass <= 0.724,0.6322855353355408,100.0%,75.8%,0.18
691,1,1,0,fnlwgt > 127521.301,0.9369226098060608,100.0%,75.8%,0.17
692,0,0,1,N/A,0.8500894904136658,0.0%,92.4%,0.17
693,1,1,0,capital-gain > 7221.624,0.9984097480773926,100.0%,91.2%,0.20
694,0,0,1,capital-gain <= 5111.912,0.997875452041626,100.0%,89.2%,0.18
695,1,1,0,N/A,0.5778658986091614,100.0%,86.2%,0.16
696,0,0,1,capital-gain <= 5207.878,0.9290755987167358,100.0%,91.4%,0.19
697,1,1,0,N/A,0.8059375882148743,100.0%,80.4%,0.19
698,1,0,1,occupation > 9.938 and race > 3.221 and capital-loss > -131.471,0.7314532995223999,100.0%,87.6%,0.17
699,0,0,1,N/A,0.7384138107299805,0.0%,77.4%,0.18
700,0,0,1,capital-gain <= 6955.583,0.9916817545890808,100.0%,94.4%,0.18
701,1,1,0,N/A,0.815805196762085,100.0%,77.4%,0.19
702,0,0,1,capital-gain <= 7315.195,0.9036352634429932,100.0%,88.6%,0.17
703,0,0,1,capital-gain <= 4922.744 and workclass <= 1.635,0.7823095321655273,100.0%,83.8%,0.18
704,0,0,1,fnlwgt > 200145.773,0.5222233533859253,100.0%,74.2%,0.17
705,0,0,1,capital-gain <= 5740.992,0.9140751957893372,99.6%,89.2%,0.19
706,0,0,1,capital-gain <= 6500.686 and capital-loss <= 352.812 and fnlwgt > 44251.135,0.7523669004440308,100.0%,88.2%,0.18
707,0,0,1,capital-gain <= 4021.595 and sex > 0.638 and capital-gain <= 7444.504 and race > 3.586,0.8353060483932495,100.0%,90.0%,0.20
708,0,0,1,capital-gain <= 6818.846 and fnlwgt > 300310.297,0.8681679964065552,100.0%,89.8%,0.19
709,0,0,1,N/A,0.9864062666893005,0.0%,94.6%,0.18
710,1,0,1,capital-gain <= 4350.55,0.8971464037895203,100.0%,88.2%,0.18
711,0,0,1,age <= 32.716 and capital-gain <= 7873.034,0.9887579679489136,100.0%,91.2%,0.18
712,0,0,1,capital-gain <= 7603.125,0.9964142441749573,100.0%,94.0%,0.17
713,1,1,0,N/A,0.8068038821220398,0.0%,89.8%,0.20
714,0,0,1,capital-gain <= 7010.626,0.9674450159072876,100.0%,90.0%,0.19
715,1,1,0,education-num <= 9.69,0.9244610667228699,100.0%,70.0%,0.17
716,0,0,1,N/A,0.9834858775138855,0.0%,74.6%,0.16
717,1,1,0,N/A,0.8066011667251587,100.0%,78.8%,0.19
718,0,0,1,capital-gain <= 4725.792,0.9973393082618713,100.0%,91.8%,0.18
719,0,0,1,capital-gain <= 3682.018,0.823249876499176,100.0%,81.6%,0.17
720,0,0,1,education > 11.27,0.9837895631790161,100.0%,74.6%,0.17
721,1,1,0,capital-gain <= 5186.097 and race > 3.327,0.7066454887390137,100.0%,87.8%,0.19
722,0,1,0,capital-gain <= 5157.995,0.6016803979873657,100.0%,92.4%,0.19
723,0,0,1,N/A,0.999932587146759,0.0%,95.2%,0.18
724,0,0,1,N/A,0.980614423751831,0.0%,91.2%,0.18
725,1,0,1,N/A,0.6731147170066833,0.0%,95.0%,0.19
726,0,0,1,occupation > 6.528 and capital-gain <= 7423.953,0.9997434020042419,100.0%,93.2%,0.17
727,0,0,1,capital-gain <= 6204.378,0.9138799905776978,100.0%,91.2%,0.19
728,0,0,1,education-num <= 10.167,0.9983149170875549,100.0%,77.8%,0.18
729,0,0,1,capital-gain <= 6742.446,0.9962118864059448,100.0%,87.0%,0.19
730,0,0,1,capital-gain <= 6188.189 and workclass <= 2.104,0.999565601348877,100.0%,92.4%,0.17
731,0,0,1,capital-gain <= 3196.764,0.9513506293296814,100.0%,78.2%,0.17
732,0,0,1,native-country > 34.238 and capital-gain <= 7309.639,0.9864341616630554,100.0%,79.4%,0.16
733,0,0,1,capital-loss <= 77.578 and marital-status <= 0.515 and occupation <= 2.754,0.9809022545814514,100.0%,81.8%,0.16
734,1,1,0,capital-gain > 4775.007 and education-num <= 14.358,0.9996090531349182,100.0%,90.0%,0.18
735,1,1,0,N/A,0.7276007533073425,100.0%,84.8%,0.18
736,0,1,0,education-num > 11.741,0.7457208633422852,100.0%,79.0%,0.21
737,1,1,0,N/A,0.994958221912384,100.0%,77.8%,0.17
738,0,0,1,N/A,0.994831383228302,0.0%,74.2%,0.17
739,0,0,1,capital-gain <= 6727.999,0.5891009569168091,100.0%,94.6%,0.19
740,0,0,1,capital-gain <= 3235.994 and education <= 9.018 and race <= 4.177,0.9966513514518738,100.0%,86.4%,0.18
741,0,0,1,capital-gain <= 7117.956,0.9072422981262207,100.0%,94.0%,0.19
742,0,0,1,capital-gain <= 5033.011,0.999661386013031,100.0%,93.4%,0.19
743,1,1,0,capital-gain <= 6544.347 and hours-per-week > 17.235,0.6992855668067932,100.0%,90.0%,0.19
744,0,0,1,capital-gain <= 5745.294 and marital-status > 1.078 and capital-gain <= 6801.548,0.9304648041725159,100.0%,88.0%,0.18
745,0,0,1,hours-per-week <= 52.802,0.6155831813812256,100.0%,88.0%,0.17
746,0,0,1,capital-gain <= 7179.562,0.9933744072914124,100.0%,88.6%,0.19
747,0,0,1,capital-gain <= 6945.2,0.9796378016471863,100.0%,93.4%,0.18
748,0,0,1,capital-gain <= 7298.289,0.7633548974990845,100.0%,92.2%,0.19
749,0,1,0,N/A,0.5694290399551392,100.0%,74.0%,0.17
750,0,0,1,N/A,0.9646594524383545,0.0%,88.6%,0.21
751,0,0,1,native-country > 26.484,0.9462032914161682,100.0%,93.4%,0.17
752,0,0,1,capital-gain <= 7293.538,0.9958544373512268,100.0%,91.4%,0.18
753,0,0,1,capital-gain <= 7849.713,0.9982620477676392,100.0%,90.8%,0.18
754,0,0,1,capital-gain <= 7227.522,0.7154886722564697,100.0%,94.2%,0.18
755,0,0,1,capital-gain <= 7518.704,0.7992479205131531,100.0%,92.2%,0.17
756,1,1,0,N/A,0.6304998397827148,100.0%,87.6%,0.19
757,0,0,1,education <= 11.911 and capital-gain <= 26.431,0.8965678215026855,100.0%,80.8%,0.19
758,0,0,1,race <= 4.381,0.9995603561401367,100.0%,86.2%,0.17
759,0,0,1,capital-gain <= 7257.866,0.995474636554718,100.0%,93.8%,0.17
760,0,0,1,capital-gain <= 6838.393,0.9956369400024414,100.0%,91.2%,0.18
761,0,0,1,N/A,0.8120368719100952,0.0%,92.8%,0.18
762,0,0,1,capital-gain <= 5357.115,0.9855897426605225,100.0%,88.0%,0.17
763,0,0,1,age > 38.293 and education-num > 10.041,0.9664783477783203,100.0%,68.0%,0.17
764,0,0,1,capital-gain <= 6511.955,0.7830013036727905,100.0%,91.8%,0.20
765,0,0,1,N/A,0.9827461838722229,0.0%,94.0%,0.18
766,0,0,1,N/A,0.9595566987991333,0.0%,90.2%,0.16
767,0,0,1,hours-per-week > 33.903,0.9923709630966187,100.0%,82.8%,0.16
768,1,0,1,sex <= 1.132,0.7754168510437012,100.0%,74.0%,0.17
769,0,0,1,native-country <= 30.576,0.9960057735443115,100.0%,75.0%,0.17
770,1,1,0,N/A,0.9926153421401978,100.0%,86.6%,0.17
771,0,0,1,capital-gain <= 2420.221,0.7655397057533264,100.0%,86.4%,0.19
772,1,1,0,N/A,0.7226594090461731,100.0%,78.0%,0.17
773,0,0,1,age <= 35.923 and education-num <= 8.687 and capital-gain <= 2182.121,0.9996991753578186,100.0%,75.4%,0.16
774,0,0,1,capital-gain <= 6917.445,0.9987847805023193,100.0%,93.4%,0.17
775,1,1,0,native-country > 19.302,0.9911193251609802,100.0%,90.4%,0.18
776,0,0,1,fnlwgt <= 311876.641,0.9989110827445984,100.0%,90.2%,0.19
777,0,0,1,capital-gain <= 257.978,0.6724693179130554,100.0%,90.6%,0.18
778,0,0,1,N/A,0.5608484745025635,0.0%,74.4%,0.17
779,1,0,1,capital-gain <= 6548.066,0.8920701146125793,100.0%,93.4%,0.18
780,0,0,1,fnlwgt > 126203.43 and capital-loss > -336.979,0.7251452207565308,100.0%,89.6%,0.19
781,1,1,0,N/A,0.6739059090614319,0.0%,94.2%,0.18
782,0,0,1,capital-gain <= 7745.622,0.9494146704673767,100.0%,93.4%,0.18
783,0,0,1,native-country > 37.249 and capital-gain <= 5139.594,0.9728482365608215,100.0%,74.4%,0.16
784,0,0,1,capital-gain <= 4948.227,0.9831244945526123,100.0%,93.2%,0.17
785,1,1,0,capital-gain > 7232.31 and sex > 0.61,0.9986746311187744,100.0%,92.8%,0.19
786,0,0,1,capital-gain <= 4778.294 and native-country > 33.844,0.8461520075798035,100.0%,91.2%,0.18
787,0,0,1,capital-gain <= 6702.686 and workclass <= 2.702,0.9849517345428467,100.0%,90.2%,0.17
788,0,0,1,capital-gain <= 6122.796,0.9997469782829285,100.0%,84.8%,0.17
789,0,1,0,N/A,0.5054270029067993,0.0%,89.4%,0.19
790,0,0,1,education > 3.061 and marital-status <= 4.127,0.9706551432609558,100.0%,87.2%,0.18
791,0,1,0,capital-gain <= 6014.878,0.5021159648895264,100.0%,95.4%,0.18
792,0,0,1,N/A,0.9952633380889893,0.0%,92.0%,0.18
793,0,0,1,capital-gain <= 6849.341,0.8956639766693115,100.0%,93.6%,0.19
794,0,0,1,workclass <= 1.874 and occupation > -0.233,0.9992576241493225,100.0%,78.0%,0.18
795,0,0,1,capital-gain <= 7081.146,0.9994722008705139,100.0%,92.0%,0.19
796,0,1,0,N/A,0.6378128528594971,100.0%,73.4%,0.05
797,1,0,1,relationship > 0.273 and education-num > 7.187,0.9787758588790894,100.0%,75.2%,0.17
798,0,0,1,capital-gain <= 6657.515,0.7858128547668457,100.0%,90.2%,0.18
799,0,0,1,capital-gain > -16061.784,0.6007719039916992,100.0%,88.0%,0.18
800,1,1,0,capital-gain <= 7052.046 and education-num > 5.735,0.5432766079902649,100.0%,94.6%,0.20
801,0,0,1,capital-gain <= 5385.518,0.9994701147079468,100.0%,85.6%,0.17
802,0,0,1,capital-gain <= 5507.674 and race <= 1.884,0.9991164803504944,100.0%,92.4%,0.19
803,0,0,1,capital-gain <= 6491.464,0.8904749751091003,100.0%,91.4%,0.18
804,0,0,1,capital-gain <= 4869.729,0.9562804102897644,100.0%,87.6%,0.18
805,0,0,1,N/A,0.7593057155609131,0.0%,80.6%,0.18
806,0,0,1,capital-gain <= 7224.771,0.9996274709701538,100.0%,91.8%,0.17
807,0,0,1,capital-gain <= 7346.916,0.9866337180137634,100.0%,95.0%,0.18
808,0,0,1,capital-gain <= 5681.507,0.9969821572303772,100.0%,90.4%,0.17
809,0,0,1,sex > 0.773 and race > 3.068 and sex > 0.138,0.9995200037956238,100.0%,89.8%,0.19
810,0,1,0,capital-gain <= 4050.826 and education > 11.636,0.5845960378646851,100.0%,90.8%,0.20
811,0,0,1,capital-gain <= 8053.919,0.6293952465057373,100.0%,93.8%,0.19
812,0,0,1,N/A,0.9726342558860779,100.0%,78.2%,0.18
813,1,1,0,capital-gain <= 4570.268 and race > 2.377,0.7108795642852783,100.0%,91.2%,0.18
814,0,1,0,N/A,0.5539241433143616,100.0%,93.0%,0.19
815,1,1,0,occupation > -0.381,0.9969070553779602,100.0%,74.4%,0.16
816,1,0,1,marital-status > 2.991 and capital-gain <= 5106.454,0.7255504131317139,100.0%,85.4%,0.19
817,1,1,0,N/A,0.9212213754653931,0.0%,89.6%,0.19
818,0,0,1,native-country > 16.99,0.9681108593940735,100.0%,92.2%,0.17
819,0,0,1,hours-per-week <= 49.163,0.7850742340087891,100.0%,91.2%,0.20
820,0,0,1,capital-gain <= 7308.855,0.9960413575172424,100.0%,95.8%,0.19
821,0,0,1,capital-gain <= 7268.621,0.7256916761398315,100.0%,94.6%,0.20
822,0,0,1,capital-gain <= 7720.236,0.9994286298751831,100.0%,92.6%,0.19
823,0,0,1,capital-gain <= 7319.946,0.9641698002815247,100.0%,94.0%,0.19
824,1,1,0,N/A,0.9638627171516418,100.0%,90.4%,0.24
825,0,0,1,capital-gain <= 4674.961 and sex <= 0.357 and capital-loss <= 97.88 and capital-gain <= 6761.148,0.8492682576179504,100.0%,85.6%,0.21
826,1,0,1,capital-loss <= 400.496 and fnlwgt <= 121025.504 and education > 3.804,0.7174704074859619,100.0%,94.0%,0.19
827,0,0,1,N/A,0.8981548547744751,0.0%,88.8%,0.18
828,0,0,1,N/A,0.9959850907325745,0.0%,79.4%,0.17
829,0,0,1,race > 3.395 and capital-gain <= 6875.98,0.9628995060920715,100.0%,81.2%,0.16
830,1,1,0,N/A,0.7164418697357178,100.0%,83.4%,0.19
831,1,0,1,capital-gain <= 7233.757,0.5023618936538696,100.0%,93.4%,0.48
832,0,0,1,capital-gain <= 5152.505,0.9732984900474548,100.0%,84.0%,0.17
833,0,0,1,capital-gain <= 6998.174,0.9780753254890442,99.7%,94.0%,0.19
834,0,0,1,capital-gain <= 6721.987,0.9963841438293457,100.0%,92.0%,0.20
835,0,0,1,N/A,0.9891002774238586,0.0%,76.8%,0.16
836,0,0,1,capital-gain <= 7158.025,0.9215182065963745,100.0%,86.6%,0.17
837,0,0,1,age <= 43.072 and capital-gain <= 4569.595,0.9976926445960999,100.0%,80.6%,0.19
838,0,0,1,capital-gain <= 7570.634,0.9973956942558289,100.0%,93.6%,0.18
839,0,0,1,capital-gain <= 6946.76,0.9797184467315674,100.0%,85.4%,0.18
840,0,0,1,capital-gain <= 3273.233,0.9943697452545166,100.0%,83.6%,0.17
841,0,0,1,N/A,0.875328779220581,0.0%,89.8%,0.18
842,1,1,0,capital-gain <= 6229.255 and relationship > -0.45,0.6573363542556763,100.0%,93.0%,0.18
843,0,0,1,capital-gain <= 7357.998,0.8793147802352905,100.0%,95.6%,0.18
844,1,1,0,N/A,0.5397997498512268,100.0%,84.8%,0.20
845,0,0,1,workclass <= 3.218 and age <= 40.487,0.788399875164032,100.0%,81.0%,0.19
846,0,0,1,native-country > 31.418 and workclass > 1.3 and fnlwgt > 75879.363,0.6118204593658447,100.0%,93.0%,0.18
847,1,1,0,N/A,0.5765535831451416,100.0%,83.6%,0.18
848,1,1,0,capital-gain <= 3725.955,0.8081335425376892,100.0%,79.0%,0.18
849,0,0,1,education > 9.83 and native-country > 29.676,0.8173386454582214,100.0%,81.0%,0.18
850,0,0,1,capital-gain <= 6853.192,0.706081748008728,100.0%,91.8%,0.18
851,0,0,1,capital-gain <= 7233.146,0.8200956583023071,100.0%,94.6%,0.17
852,0,0,1,N/A,0.9513275027275085,0.0%,89.8%,0.19
853,0,0,1,capital-loss > -79.415,0.9935634136199951,100.0%,93.2%,0.18
854,0,0,1,occupation <= 7.588 and workclass > 0.846,0.7546259164810181,100.0%,90.4%,0.19
855,0,0,1,education > 2.188,0.9791119694709778,100.0%,93.8%,0.17
856,1,1,0,N/A,0.8739820122718811,0.0%,92.8%,0.19
857,1,1,0,N/A,0.6788235306739807,100.0%,92.8%,0.18
858,0,0,1,native-country > 33.176 and capital-gain > -3911.156 and education-num <= 14.454,0.9991918802261353,100.0%,94.8%,0.18
859,0,0,1,N/A,0.9996215105056763,0.0%,89.4%,0.19
860,0,0,1,N/A,0.9958430528640747,0.0%,91.0%,0.20
861,0,0,1,capital-gain <= 4558.166,0.9918133616447449,100.0%,89.2%,0.18
862,0,0,1,capital-gain <= 6670.505,0.7828488349914551,100.0%,85.8%,0.18
863,0,0,1,education > 9.893 and sex > 0.669,0.7513927817344666,100.0%,85.8%,0.19
864,0,0,1,capital-gain <= 5048.162 and native-country > 33.326,0.9969865083694458,100.0%,83.2%,0.18
865,0,0,1,N/A,0.989526629447937,0.0%,94.2%,0.18
866,0,0,1,N/A,0.9334200620651245,0.0%,95.2%,0.18
867,0,0,1,N/A,0.980594277381897,0.0%,75.2%,0.17
868,0,0,1,N/A,0.9950260519981384,0.0%,90.2%,0.19
869,0,1,0,N/A,0.6251465678215027,100.0%,88.2%,0.18
870,1,1,0,N/A,0.5933133959770203,100.0%,88.8%,0.18
871,1,1,0,N/A,0.8220339417457581,100.0%,88.4%,0.17
872,0,0,1,capital-gain <= 2216.702,0.977604866027832,100.0%,84.6%,0.17
873,0,0,1,capital-gain <= 7748.727 and marital-status > 1.614,0.955863356590271,100.0%,93.4%,0.18
874,0,0,1,capital-gain <= 7028.634,0.9494428038597107,100.0%,94.4%,0.20
875,1,0,1,workclass <= 2.385 and capital-gain <= 2922.947,0.5280559062957764,100.0%,90.6%,0.19
876,0,0,1,capital-gain <= 4399.963 and marital-status > 1.823,0.9970980882644653,100.0%,80.2%,0.17
877,0,0,1,capital-gain <= 5122.511,0.8189994692802429,100.0%,75.2%,0.17
878,0,0,1,capital-gain <= 6924.162,0.8586757183074951,100.0%,91.6%,0.17
879,0,0,1,education-num > 8.971 and capital-gain <= 3930.76,0.6505842804908752,100.0%,82.2%,0.16
880,0,0,1,N/A,0.868105411529541,0.0%,85.4%,0.18
881,0,0,1,education-num <= 13.475,0.7397347688674927,100.0%,75.2%,0.19
882,1,1,0,capital-gain > 5181.056,0.9973630309104919,100.0%,93.6%,0.18
883,0,0,1,capital-gain <= 7007.397,0.7022262215614319,100.0%,87.8%,0.18
884,0,0,1,sex > 0.872 and capital-gain <= 4050.618,0.9764401316642761,100.0%,87.0%,0.18
885,0,0,1,capital-gain <= 5170.67 and marital-status <= 1.097,0.9850297570228577,100.0%,88.2%,0.18
886,0,1,0,N/A,0.6492156982421875,0.0%,93.8%,0.19
887,0,0,1,N/A,0.9939925074577332,0.0%,94.4%,0.19
888,0,0,1,N/A,0.9910792708396912,0.0%,76.0%,0.16
889,0,0,1,capital-gain <= 6852.178,0.9901034832000732,100.0%,93.8%,0.19
890,0,0,1,capital-gain <= 7220.236,0.7139890193939209,100.0%,93.8%,0.19
891,0,0,1,capital-gain <= 7110.587 and capital-loss > -481.92,0.9993327856063843,100.0%,81.8%,0.17
892,0,0,1,capital-gain <= 6708.463,0.9764646291732788,100.0%,85.2%,0.16
893,1,1,0,N/A,0.8514004945755005,100.0%,89.2%,0.18
894,0,0,1,capital-gain <= 5668.211,0.9749512672424316,100.0%,88.8%,0.17
895,1,0,1,capital-gain <= 5584.794,0.6468771696090698,100.0%,93.2%,0.22
896,0,0,1,capital-gain <= 5663.634,0.9215553998947144,100.0%,88.6%,0.21
897,1,0,1,capital-gain <= 3500.635,0.9651547074317932,100.0%,87.4%,0.19
898,1,0,1,N/A,0.679265022277832,0.0%,91.0%,0.20
899,0,0,1,capital-gain <= 5837.465,0.6211404800415039,100.0%,89.2%,0.20
900,0,0,1,capital-gain <= 7183.141,0.9995346069335938,100.0%,84.8%,0.19
901,0,0,1,education <= 6.412 and capital-gain <= 4454.762,0.996845006942749,100.0%,90.6%,0.17
902,0,0,1,age <= 38.266 and fnlwgt > 41521.771,0.9883385300636292,100.0%,82.6%,0.17
903,0,0,1,education > 7.125,0.9898867011070251,100.0%,90.6%,0.22
904,1,0,1,capital-gain <= 7251.343,0.8210515379905701,100.0%,93.6%,0.20
905,1,0,1,education > 12.416 and race > 1.824,0.6139207482337952,100.0%,74.0%,0.28
906,1,1,0,N/A,0.9821217060089111,100.0%,77.2%,0.20
907,0,0,1,capital-gain <= 3714.884,0.8059892654418945,100.0%,81.2%,0.23
908,0,0,1,N/A,0.6638934016227722,0.0%,90.4%,0.25
909,1,1,0,capital-gain <= 1176.991,0.9935742020606995,100.0%,94.0%,0.22
910,0,0,1,capital-gain <= 4951.411,0.9972580075263977,100.0%,93.4%,0.20
911,0,0,1,capital-gain <= 2474.556 and sex > 0.401,0.6192061305046082,100.0%,89.0%,0.20
912,0,0,1,marital-status > 0.24 and hours-per-week <= 52.933,0.7811506986618042,100.0%,93.0%,0.23
913,1,0,1,capital-gain <= 5713.81 and workclass <= 2.626,0.5139362812042236,100.0%,94.4%,0.21
914,0,0,1,native-country > 32.535 and capital-gain > -9708.956,0.9952380061149597,100.0%,89.4%,0.21
915,0,0,1,capital-gain <= 6431.071,0.681000292301178,100.0%,90.4%,0.20
916,1,1,0,capital-gain <= 6685.171 and education > 5.583,0.7575368881225586,100.0%,91.0%,0.19
917,0,0,1,capital-gain <= 6461.292,0.9904938340187073,100.0%,92.0%,0.19
918,0,0,1,capital-gain <= 5885.819,0.9660955667495728,100.0%,88.2%,0.15
919,0,0,1,education <= 8.838 and relationship <= 2.464,0.9947007298469543,100.0%,81.4%,0.21
920,0,0,1,N/A,0.943468451499939,0.0%,92.8%,0.20
921,1,0,1,capital-gain <= 5212.788 and workclass <= 2.623,0.5680961608886719,100.0%,92.0%,0.19
922,0,0,1,sex <= 0.555 and capital-gain <= 4985.111,0.8205230236053467,100.0%,83.0%,0.17
923,0,0,1,capital-gain <= 7210.618,0.5987244248390198,100.0%,94.8%,0.18
924,0,0,1,workclass > 1.217 and sex <= 1.126,0.7259516716003418,100.0%,75.4%,0.19
925,0,0,1,capital-gain <= 8303.129,0.9957664012908936,100.0%,92.0%,0.18
926,0,0,1,N/A,0.6656885147094727,100.0%,79.2%,0.22
927,0,0,1,capital-gain <= 4842.286,0.9860568642616272,100.0%,85.2%,0.21
928,0,0,1,capital-gain <= 6810.444,0.9987846612930298,100.0%,92.4%,0.17
929,1,1,0,N/A,0.5746273398399353,100.0%,89.4%,0.17
930,0,0,1,N/A,0.9890885353088379,0.0%,74.2%,0.17
931,0,0,1,capital-gain <= 5812.359,0.9834140539169312,100.0%,93.0%,0.17
932,0,0,1,capital-gain <= 5734.37,0.7495369911193848,100.0%,85.8%,0.19
933,0,0,1,N/A,0.9238640666007996,0.0%,77.6%,0.18
934,1,0,1,capital-gain <= 4327.049 and fnlwgt > 107023.703 and workclass > 1.873,0.8630087375640869,100.0%,88.0%,0.20
935,0,0,1,capital-gain <= 6750.34 and sex <= 0.752,0.9996550679206848,100.0%,92.2%,0.18
936,0,0,1,capital-gain <= 8480.765,0.997750997543335,100.0%,89.2%,0.18
937,0,0,1,capital-gain <= 6329.432 and capital-loss <= 138.203,0.5878470540046692,100.0%,91.8%,0.18
938,0,0,1,capital-gain <= 5218.361,0.9991059899330139,100.0%,82.8%,0.17
939,0,0,1,capital-gain <= 7068.573,0.9961519837379456,100.0%,93.8%,0.19
940,0,0,1,native-country > 30.251,0.9813512563705444,100.0%,73.4%,0.16
941,0,0,1,capital-loss <= 226.157 and capital-gain <= 8110.157,0.8129435777664185,100.0%,84.2%,0.18
942,0,0,1,capital-gain <= 6204.28,0.7663068771362305,100.0%,93.4%,0.20
943,0,0,1,occupation <= 8.467,0.996528685092926,100.0%,76.8%,0.16
944,0,0,1,capital-gain <= 5388.575 and age <= 32.734 and capital-gain <= 6047.568,0.9979714155197144,100.0%,88.0%,0.17
945,1,1,0,capital-gain <= 5288.761 and education-num > 5.963,0.972575306892395,100.0%,90.0%,0.16
946,0,0,1,capital-gain <= 1342.466 and native-country > 36.096 and capital-gain <= 3811.891,0.8767954111099243,100.0%,77.8%,0.17
947,0,0,1,capital-gain <= 7101.196,0.5078138113021851,100.0%,92.4%,0.16
948,0,0,1,capital-gain <= 6893.015,0.7549275159835815,100.0%,92.0%,0.18
949,1,0,1,capital-gain <= 6983.874,0.8056840300559998,100.0%,84.2%,0.21
950,0,0,1,capital-gain <= 6920.582,0.9882604479789734,100.0%,94.2%,0.21
951,0,0,1,N/A,0.9334368705749512,0.0%,87.8%,0.18
952,0,0,1,capital-gain <= 3528.343 and fnlwgt > 291132.828 and marital-status > 2.644 and workclass <= 3.43 and race <= 3.376,0.9903005957603455,100.0%,87.2%,0.18
953,0,1,0,workclass <= 1.062 and education-num > 8.536 and fnlwgt <= 212067.414,0.7275342345237732,100.0%,77.6%,0.17
954,0,0,1,race > 3.699 and capital-gain <= 9329.13 and fnlwgt <= 74726.895,0.9998517632484436,100.0%,81.4%,0.17
955,1,0,1,capital-gain <= 5948.814 and occupation <= 11.307 and sex > 0.622,0.6941628456115723,100.0%,91.2%,0.18
956,0,0,1,relationship > 3.202,0.8854423761367798,100.0%,75.4%,0.17
957,0,0,1,native-country > 28.106,0.8796252608299255,100.0%,77.4%,0.20
958,0,0,1,N/A,0.8837510943412781,100.0%,91.8%,0.17
959,0,0,1,capital-gain <= 7671.66 and workclass <= 2.6,0.981759786605835,100.0%,92.2%,0.18
960,0,0,1,workclass <= 3.149 and capital-gain <= 5845.65,0.9836722612380981,100.0%,80.0%,0.16
961,1,1,0,N/A,0.9991119503974915,0.0%,92.6%,0.17
962,0,0,1,native-country > 34.596 and capital-gain <= 2000.798,0.8361994624137878,100.0%,77.4%,0.18
963,0,0,1,capital-gain <= 4859.841 and education-num > 8.047 and workclass > 1.812,0.9909385442733765,100.0%,88.6%,0.17
964,0,0,1,capital-gain <= 6876.424,0.9266953468322754,100.0%,92.2%,0.18
965,1,1,0,N/A,0.9978183507919312,0.0%,92.6%,0.19
966,0,0,1,N/A,0.9754180312156677,0.0%,91.6%,0.18
967,1,1,0,capital-gain <= 6709.535,0.8849950432777405,100.0%,92.8%,0.19
968,1,0,1,capital-gain <= 4148.137,0.6727476119995117,100.0%,90.8%,0.18
969,0,0,1,sex <= 1.105,0.9738698601722717,99.9%,81.6%,0.18
970,1,1,0,N/A,0.8909110426902771,100.0%,90.0%,0.17
971,0,0,1,capital-gain <= 6631.343,0.9743742346763611,100.0%,96.0%,0.20
972,0,0,1,N/A,0.9991537928581238,0.0%,75.6%,0.19
973,0,0,1,capital-gain <= 1860.968,0.7222592830657959,100.0%,84.6%,0.19
974,1,0,1,capital-gain <= 3941.596,0.8597956895828247,100.0%,84.6%,0.20
975,1,0,1,capital-gain <= 7298.618,0.6939259767532349,100.0%,93.6%,0.19
976,1,1,0,capital-gain <= 7296.841 and age > 16.939,0.6799035668373108,100.0%,92.4%,0.20
977,0,0,1,fnlwgt > 23270.219 and relationship > -0.404,0.8753081560134888,100.0%,78.6%,0.18
978,0,0,1,N/A,0.788294792175293,0.0%,91.0%,0.23
979,0,0,1,race <= 2.061 and capital-gain <= 7331.611,0.8784024715423584,100.0%,94.2%,0.21
980,0,0,1,N/A,0.9962343573570251,0.0%,75.0%,0.18
981,0,0,1,capital-loss > -10.272 and capital-gain <= 6874.844,0.9187787771224976,100.0%,83.8%,0.21
982,1,1,0,N/A,0.8673748970031738,100.0%,94.0%,0.20
983,0,0,1,capital-gain <= 6251.888 and marital-status <= 2.468,0.9349126815795898,100.0%,90.6%,0.19
984,0,0,1,N/A,0.9948497414588928,0.0%,86.8%,0.17
985,0,1,0,N/A,0.5007309913635254,100.0%,93.6%,0.18
986,1,0,1,fnlwgt <= 278779.719 and hours-per-week <= 52.955,0.9504780173301697,100.0%,85.4%,0.21
987,0,0,1,capital-gain <= 4243.602,0.9989283680915833,100.0%,90.4%,0.20
988,0,0,1,hours-per-week > 39.312 and workclass > 1.53,0.903020977973938,100.0%,78.6%,0.20
989,1,0,1,capital-gain <= 5153.354,0.7575333714485168,100.0%,88.6%,0.19
990,0,0,1,N/A,0.9975054264068604,0.0%,87.4%,0.18
991,0,0,1,capital-gain <= 6494.669,0.8026937246322632,100.0%,91.6%,0.18
992,0,0,1,education-num <= 13.307 and native-country <= 40.202,0.9628285765647888,100.0%,90.8%,0.18
993,1,0,1,capital-loss > -655.82 and occupation > 1.513,0.6455053091049194,100.0%,94.0%,0.20
994,1,0,1,capital-gain <= 7176.107,0.6630833148956299,100.0%,93.6%,0.21
995,0,0,1,capital-gain <= 3197.808 and workclass > 1.448,0.9795691967010498,100.0%,82.0%,0.18
996,0,0,1,capital-gain <= 7326.695,0.9739488959312439,100.0%,95.0%,0.17
997,0,0,1,hours-per-week <= 42.246 and capital-gain <= 1893.228,0.9959747195243835,100.0%,92.2%,0.18
998,0,0,1,education <= 10.836 and occupation <= 11.342,0.9426298141479492,100.0%,91.4%,0.18
999,0,0,1,capital-gain > -2800.005 and capital-loss > -28.014,0.9796178340911865,100.0%,81.0%,0.17
1000,0,0,1,capital-gain <= 6787.822,0.9684611558914185,100.0%,92.4%,0.24
1001,0,0,1,capital-gain <= 5981.288,0.526362419128418,100.0%,85.0%,0.17
1002,1,0,1,capital-gain <= 5129.124,0.5332574844360352,100.0%,93.0%,0.17
1003,0,0,1,workclass <= 2.754 and race <= 4.697 and age <= 47.72,0.8984934687614441,100.0%,92.8%,0.19
1004,0,0,1,N/A,0.9879528284072876,0.0%,75.4%,0.18
1005,0,0,1,capital-gain <= 3959.719,0.9488826990127563,100.0%,84.0%,0.17
1006,0,0,1,capital-gain <= 8476.98,0.9517358541488647,100.0%,88.8%,0.19
1007,0,0,1,capital-gain <= 7722.69,0.9937595129013062,100.0%,94.0%,0.22
1008,0,0,1,education-num <= 13.78,0.9990521669387817,100.0%,91.6%,0.19
1009,0,0,1,capital-gain <= 3902.018 and capital-loss > -92.699,0.884097158908844,100.0%,92.0%,0.19
1010,1,1,0,N/A,0.631721556186676,100.0%,80.8%,0.17
1011,0,0,1,native-country > 28.833 and capital-gain <= 5670.635,0.6942058801651001,100.0%,92.4%,0.19
1012,0,0,1,capital-gain <= 6849.853,0.9061654210090637,100.0%,85.4%,0.17
1013,0,0,1,capital-gain <= 5637.303,0.7612658739089966,100.0%,92.2%,0.17
1014,0,0,1,capital-gain <= 7106.386 and hours-per-week <= 16.803,0.9995165467262268,100.0%,94.6%,0.20
1015,0,0,1,capital-gain <= 6731.971,0.9893015027046204,100.0%,91.2%,0.18
1016,0,0,1,N/A,0.9697878956794739,0.0%,76.4%,0.16
1017,0,1,0,capital-gain <= 4084.237 and native-country > 35.017,0.5008068084716797,100.0%,93.6%,0.17
1018,0,0,1,capital-gain <= 7322.625,0.9199914932250977,100.0%,93.0%,0.18
1019,0,0,1,capital-gain <= 7379.605,0.9334364533424377,100.0%,95.2%,0.19
1020,0,0,1,capital-gain <= 4186.096,0.9994198083877563,100.0%,86.0%,0.20
1021,0,0,1,capital-gain <= 5135.551 and occupation <= 4.003 and capital-gain <= 7707.703,0.6485238671302795,100.0%,92.6%,0.18
1022,1,1,0,N/A,0.6732089519500732,100.0%,91.4%,0.18
1023,1,1,0,N/A,0.9890332221984863,100.0%,73.6%,0.17
1024,0,0,1,capital-gain <= 6829.641,0.5702211856842041,100.0%,87.8%,0.19
1025,0,0,1,capital-gain <= 4788.292 and education-num <= 9.369 and marital-status <= 1.466 and capital-gain <= 6106.717,0.9668246507644653,100.0%,88.2%,0.18
1026,1,1,0,capital-gain <= 5162.159 and marital-status > 1.438 and native-country > 28.463,0.970192551612854,100.0%,91.6%,0.18
1027,0,0,1,N/A,0.8657552003860474,0.0%,85.6%,0.20
1028,0,0,1,capital-gain <= 7218.521,0.8586650490760803,100.0%,92.2%,0.18
1029,0,0,1,N/A,0.5360510349273682,0.0%,83.2%,0.17
1030,0,0,1,capital-gain <= 6132.361,0.9996175169944763,100.0%,92.6%,0.17
1031,1,1,0,N/A,0.9856783747673035,100.0%,95.4%,0.18
1032,1,1,0,N/A,0.9988170862197876,0.0%,94.4%,0.19
1033,1,1,0,workclass > 1.901,0.8302122354507446,100.0%,89.0%,0.23
1034,0,0,1,capital-gain <= 3063.348,0.8772239685058594,100.0%,92.4%,0.18
1035,0,0,1,capital-gain <= 6764.968,0.99887615442276,100.0%,86.8%,0.18
1036,0,0,1,capital-gain <= 5721.99,0.9917855262756348,100.0%,89.4%,0.19
1037,0,0,1,capital-gain <= 3466.061 and occupation > -0.467,0.99825519323349,100.0%,81.4%,0.17
1038,1,1,0,marital-status > 0.751,0.6757093667984009,100.0%,85.8%,0.19
1039,0,1,0,capital-gain <= 5884.259 and hours-per-week > 9.655,0.6328147649765015,100.0%,89.2%,0.17
1040,0,0,1,N/A,0.9966858625411987,0.0%,74.4%,0.19
1041,0,0,1,capital-gain <= 6459.181,0.9943385124206543,100.0%,93.6%,0.18
1042,0,0,1,relationship > -2.675,0.6059695482254028,100.0%,94.0%,0.18
1043,0,0,1,capital-gain <= 7231.424 and marital-status > 2.744,0.9992989897727966,100.0%,94.2%,0.18
1044,1,0,1,N/A,0.703126072883606,0.0%,91.8%,0.18
1045,0,0,1,capital-gain <= 5740.358 and marital-status > 1.585 and education-num <= 10.5 and fnlwgt <= 156038.266,0.9422581195831299,100.0%,85.6%,0.17
1046,0,0,1,capital-gain <= 6837.9,0.9993923306465149,100.0%,92.8%,0.22
1047,1,1,0,N/A,0.9332994222640991,0.0%,95.4%,0.23
1048,0,0,1,capital-gain <= 7343.648,0.7154886722564697,100.0%,94.2%,0.20
1049,1,0,1,occupation > 9.637 and capital-gain <= 4770.065,0.6329622268676758,100.0%,85.4%,0.19
1050,1,1,0,capital-gain <= 5078.402 and occupation > -2.316,0.8088251352310181,100.0%,89.0%,0.18
1051,0,0,1,capital-gain <= 5941.243,0.9979616403579712,100.0%,89.4%,0.16
1052,1,0,1,capital-gain <= 4282.331,0.5708746910095215,100.0%,87.6%,0.17
1053,0,0,1,marital-status <= 3.067,0.755131185054779,100.0%,87.4%,0.25
1054,0,0,1,capital-gain <= 4633.876,0.9699702262878418,100.0%,81.8%,0.17
1055,1,0,1,capital-gain <= 5816.868,0.8575142025947571,100.0%,92.0%,0.19
1056,0,0,1,N/A,0.9980107545852661,0.0%,93.8%,0.18
1057,0,0,1,capital-gain <= 7669.174,0.9991108179092407,100.0%,92.4%,0.19
1058,0,0,1,capital-gain <= 5682.071 and capital-loss <= 319.878,0.9082507491111755,100.0%,90.8%,0.17
1059,0,0,1,capital-gain <= 7384.186,0.9998455047607422,100.0%,94.6%,0.21
1060,0,0,1,capital-gain <= 8587.089,0.9997572898864746,100.0%,90.8%,0.18
1061,0,0,1,occupation > 4.107,0.568146288394928,100.0%,72.8%,0.17
1062,0,0,1,N/A,0.9964324235916138,100.0%,81.0%,0.19
1063,0,0,1,capital-gain <= 7050.519,0.9717953205108643,98.7%,87.8%,0.19
1064,1,1,0,capital-loss > 1193.391,0.9612430930137634,100.0%,78.0%,0.17
1065,0,0,1,occupation > -1.312,0.9942919015884399,100.0%,76.4%,0.18
1066,0,0,1,N/A,0.9900017380714417,100.0%,84.8%,0.21
1067,1,1,0,N/A,0.8702259063720703,100.0%,90.8%,0.21
1068,0,0,1,capital-gain <= 4971.116,0.999794602394104,100.0%,83.2%,0.18
1069,0,0,1,N/A,0.8556330800056458,0.0%,94.4%,0.19
1070,1,1,0,N/A,0.9294880032539368,100.0%,87.0%,0.18
1071,0,0,1,N/A,0.8308992981910706,0.0%,88.6%,0.17
1072,0,0,1,N/A,0.9994921088218689,0.0%,93.8%,0.18
1073,1,0,1,fnlwgt <= 315888.656,0.5053976774215698,100.0%,80.2%,0.23
1074,0,0,1,capital-gain <= 6263.028,0.9967063069343567,100.0%,92.8%,0.18
1075,0,0,1,education > 8.132 and race <= 4.644,0.6529072523117065,100.0%,92.8%,0.18
1076,0,0,1,relationship > 0.055 and race <= 1.994 and occupation > 0.619,0.889110267162323,100.0%,77.4%,0.16
1077,0,0,1,capital-gain <= 3741.826 and hours-per-week > 38.382,0.9040924906730652,100.0%,82.6%,0.18
1078,0,1,0,N/A,0.6135022044181824,100.0%,93.8%,0.16
1079,1,0,1,capital-gain <= 6570.51,0.843691885471344,100.0%,89.2%,0.20
1080,0,0,1,N/A,0.9995896220207214,0.0%,92.0%,0.18
1081,1,1,0,marital-status > 5.194 and capital-gain > 6593.248,0.9994221925735474,100.0%,92.0%,0.19
1082,1,0,1,N/A,0.8614097833633423,0.0%,92.6%,0.19
1083,1,1,0,capital-gain > 6767.75,0.9981741905212402,100.0%,89.2%,0.19
1084,0,0,1,capital-gain <= 6192.279 and occupation > 8.899,0.9995942115783691,100.0%,87.8%,0.18
1085,0,0,1,N/A,0.869422972202301,0.0%,92.0%,0.20
1086,0,0,1,capital-gain <= 6757.283,0.750958263874054,100.0%,93.6%,0.20
1087,0,0,1,marital-status > 3.28 and capital-gain <= 7977.64,0.9997860789299011,100.0%,83.6%,0.17
1088,0,0,1,race > 3.306 and marital-status > -0.312,0.9927753806114197,100.0%,72.0%,0.16
1089,0,0,1,relationship <= 2.327 and age <= 47.192,0.9987782835960388,100.0%,77.2%,0.16
1090,0,0,1,capital-gain <= 7010.962,0.978600025177002,100.0%,94.4%,0.18
1091,1,1,0,N/A,0.6506283283233643,100.0%,93.2%,0.18
1092,0,0,1,capital-gain <= 6845.765,0.9995654821395874,100.0%,82.2%,0.21
1093,0,0,1,relationship <= 2.402 and marital-status <= 4.497,0.9727903008460999,100.0%,92.0%,0.18
1094,0,0,1,native-country > 28.387 and fnlwgt > 30035.425,0.8619015216827393,100.0%,93.2%,0.16
1095,1,1,0,N/A,0.9927975535392761,0.0%,92.4%,0.18
1096,1,1,0,N/A,0.7849646806716919,100.0%,81.0%,0.19
1097,1,1,0,relationship <= 0.004 and education-num > 12.084,0.5503212809562683,100.0%,58.6%,0.05
1098,0,0,1,capital-gain <= 6552.519,0.9997624158859253,100.0%,90.6%,0.18
1099,0,0,1,N/A,0.9986144304275513,0.0%,90.8%,0.17
1100,0,0,1,capital-gain <= 6143.392,0.9733942151069641,100.0%,78.2%,0.21
1101,1,1,0,N/A,0.8215035796165466,100.0%,76.4%,0.17
1102,0,0,1,capital-gain <= 5186.537 and sex <= 0.549,0.9997731447219849,100.0%,83.4%,0.17
1103,0,0,1,capital-gain <= 7238.135,0.9463927149772644,100.0%,95.0%,0.19
1104,0,0,1,capital-gain <= 2516.753 and relationship <= 1.282 and education-num > 7.547,0.8278823494911194,100.0%,88.0%,0.18
1105,0,0,1,sex <= 1.065 and hours-per-week <= 42.794 and capital-gain <= 47.021,0.9604196548461914,100.0%,90.0%,0.21
1106,0,0,1,capital-gain <= 5777.853 and marital-status > 2.629 and age > 43.016 and relationship > 0.597,0.9616641998291016,100.0%,85.0%,0.18
1107,1,0,1,capital-gain <= 6121.164,0.7963296175003052,100.0%,92.8%,0.26
1108,1,1,0,native-country <= 39.724 and education-num > 8.079 and marital-status <= 2.095,0.7510605454444885,100.0%,76.0%,0.18
1109,0,0,1,capital-gain <= 4472.146,0.9811789989471436,100.0%,93.6%,0.18
1110,1,0,1,capital-gain <= 1351.285,0.5494712591171265,100.0%,72.8%,0.18
1111,0,0,1,capital-gain <= 6852.542,0.9916020631790161,100.0%,94.6%,0.19
1112,1,1,0,marital-status <= 2.442 and capital-gain > 7247.821 and education > 12.028,0.999154806137085,100.0%,92.4%,0.18
1113,0,0,1,marital-status > 3.624 and capital-gain <= 7814.926,0.9638423919677734,100.0%,63.4%,0.17
1114,0,0,1,capital-gain <= 5948.187 and fnlwgt > 22178.34,0.9889741539955139,100.0%,90.8%,0.21
1115,0,1,0,capital-gain <= 6965.968,0.553064227104187,100.0%,92.4%,0.18
1116,1,1,0,N/A,0.6751436591148376,100.0%,90.4%,0.18
1117,0,0,1,capital-loss > -443.065,0.990419328212738,100.0%,77.0%,0.16
1118,0,0,1,capital-gain <= 8251.026,0.6663573384284973,100.0%,91.2%,0.20
1119,0,0,1,native-country > 26.934,0.9279317855834961,100.0%,77.0%,0.16
1120,1,1,0,N/A,0.6341720223426819,100.0%,88.2%,0.22
1121,0,0,1,N/A,0.8764036893844604,100.0%,57.0%,0.05
1122,0,0,1,N/A,0.9952315092086792,100.0%,89.0%,0.19
1123,0,0,1,N/A,0.995766282081604,0.0%,94.6%,0.19
1124,1,1,0,N/A,0.8327335715293884,100.0%,85.6%,0.18
1125,0,0,1,N/A,0.9872468113899231,0.0%,93.8%,0.17
1126,0,0,1,capital-gain <= 6444.554,0.6612076759338379,100.0%,92.4%,0.16
1127,0,0,1,workclass <= 2.477 and capital-gain <= 5766.767,0.8455134630203247,100.0%,81.4%,0.18
1128,1,1,0,race <= 1.944 and capital-gain > 7188.842,0.9889572262763977,100.0%,93.8%,0.21
1129,0,0,1,capital-gain <= 6385.464 and race <= 1.735,0.999108612537384,100.0%,89.4%,0.16
1130,0,0,1,N/A,0.9996107816696167,0.0%,93.4%,0.18
1131,0,0,1,capital-gain <= 6848.702,0.974059522151947,100.0%,92.8%,0.17
1132,1,1,0,capital-gain <= 2255.776 and education-num > 9.926,0.9773409366607666,100.0%,79.0%,0.19
1133,1,0,1,N/A,0.6947665214538574,0.0%,94.4%,0.20
1134,0,0,1,race > 2.646,0.5829867720603943,100.0%,94.4%,0.22
1135,0,0,1,capital-gain <= 6111.222,0.9903564453125,100.0%,94.2%,0.17
1136,0,1,0,capital-gain <= 6627.054 and age > 12.235,0.6369774341583252,100.0%,91.2%,0.18
1137,1,1,0,capital-gain > 7085.589,0.9996778964996338,100.0%,93.0%,0.18
1138,1,0,1,native-country > 22.676,0.7207956314086914,100.0%,91.8%,0.19
1139,0,0,1,capital-gain <= 4486.401,0.9821234345436096,100.0%,81.2%,0.17
1140,0,0,1,fnlwgt > 18397.394 and race <= 4.084,0.8968221545219421,100.0%,87.4%,0.23
1141,0,0,1,N/A,0.9535387754440308,0.0%,93.4%,0.20
1142,0,0,1,capital-gain <= 3519.313 and relationship <= 2.604,0.8102802634239197,100.0%,81.8%,0.18
1143,0,0,1,capital-gain <= 4481.476,0.945540726184845,100.0%,82.6%,0.17
1144,0,0,1,capital-gain <= 7091.822,0.9226244688034058,100.0%,94.8%,0.19
1145,1,1,0,N/A,0.712684690952301,100.0%,92.6%,0.19
1146,0,0,1,capital-gain <= 7617.573,0.999022364616394,100.0%,94.2%,0.18
1147,0,1,0,N/A,0.625536322593689,0.0%,75.4%,0.19
1148,0,0,1,sex > 0.991 and race > 3.705 and capital-loss <= 349.892,0.7325426340103149,100.0%,72.4%,0.05
1149,0,0,1,N/A,0.9887926578521729,0.0%,86.8%,0.19
1150,0,1,0,capital-gain <= 4283.55 and education > 7.348 and hours-per-week > 22.396,0.7853950262069702,100.0%,87.6%,0.17
1151,0,0,1,N/A,0.9993172883987427,0.0%,93.4%,0.18
1152,1,1,0,N/A,0.9994316697120667,0.0%,91.8%,0.19
1153,1,0,1,capital-gain <= 5782.901 and education-num > 6.929 and relationship > 0.799,0.6879821419715881,100.0%,88.6%,0.17
1154,0,0,1,capital-gain <= 6545.126,0.927831768989563,100.0%,90.6%,0.21
1155,0,0,1,N/A,0.996591329574585,0.0%,79.4%,0.16
1156,0,0,1,capital-gain <= 6960.953,0.9796942472457886,100.0%,93.4%,0.17
1157,0,0,1,capital-gain <= 6361.981,0.9674273729324341,100.0%,84.8%,0.16
1158,0,0,1,capital-gain <= 6620.487,0.7993842363357544,100.0%,93.2%,0.17
1159,0,0,1,native-country <= 41.942,0.9997491836547852,100.0%,87.0%,0.17
1160,0,0,1,capital-gain > -3451.248 and workclass > 1.391,0.995166003704071,100.0%,78.6%,0.19
1161,1,1,0,capital-gain > 6864.945,0.9992885589599609,100.0%,94.4%,0.24
1162,0,0,1,capital-gain <= 6620.104,0.7923198342323303,100.0%,92.4%,0.20
1163,0,0,1,capital-gain <= 3353.435,0.9208149909973145,100.0%,95.0%,0.17
1164,0,0,1,N/A,0.9957104921340942,0.0%,92.8%,0.16
1165,0,0,1,relationship > 0.607 and sex <= 1.328 and occupation <= 5.872,0.997736394405365,100.0%,90.8%,0.18
1166,1,1,0,N/A,0.5016288161277771,100.0%,91.0%,0.18
1167,0,0,1,capital-gain <= 7054.877,0.8266685009002686,100.0%,91.2%,0.18
1168,1,0,1,fnlwgt > 83260.297 and hours-per-week <= 43.892 and capital-loss > -109.834,0.5879988670349121,100.0%,75.4%,0.21
1169,1,0,1,capital-loss > -188.113,0.6226162910461426,100.0%,76.8%,0.17
1170,1,1,0,N/A,0.5828782916069031,100.0%,92.8%,0.18
1171,0,0,1,capital-gain <= 2753.675,0.9790549278259277,100.0%,78.4%,0.16
1172,0,0,1,capital-gain <= 7205.498,0.6776493787765503,100.0%,94.4%,0.18
1173,0,0,1,capital-loss > -610.996,0.9946633577346802,100.0%,78.6%,0.17
1174,1,1,0,N/A,0.7452751398086548,100.0%,91.4%,0.23
1175,0,0,1,N/A,0.9210088849067688,0.0%,93.8%,0.18
1176,0,0,1,capital-gain <= 7755.142,0.5813350081443787,100.0%,91.4%,0.19
1177,0,0,1,education > 6.358,0.8420776724815369,100.0%,72.4%,0.17
1178,1,0,1,N/A,0.8192406892776489,0.0%,85.4%,0.17
1179,0,0,1,native-country > 34.175,0.9841211438179016,100.0%,77.0%,0.04
1180,0,0,1,capital-gain <= 5486.36,0.9870671629905701,100.0%,91.6%,0.18
1181,0,0,1,sex > 0.287 and education > 7.015,0.5137006044387817,100.0%,79.8%,0.19
1182,0,0,1,capital-gain <= 4730.778,0.9143248200416565,100.0%,88.2%,0.23
1183,0,0,1,marital-status > 1.411 and race > 2.786,0.9127410054206848,100.0%,86.0%,0.20
1184,0,0,1,capital-loss > 513.695 and capital-gain <= 4277.269,0.9265615940093994,100.0%,84.8%,0.16
1185,0,0,1,N/A,0.998608410358429,0.0%,91.6%,0.19
1186,1,0,1,capital-loss > -103.077 and age > 32.991,0.6255901455879211,100.0%,88.2%,0.17
1187,0,0,1,capital-gain <= 1008.569 and hours-per-week > 33.512 and capital-gain <= 3260.632 and education <= 12.067,0.9357242584228516,100.0%,78.0%,0.19
1188,0,0,1,capital-gain <= 6941.475 and marital-status <= 2.183,0.677382230758667,100.0%,89.4%,0.21
1189,0,0,1,capital-gain <= 7588.215,0.9998528361320496,100.0%,90.8%,0.17
1190,0,0,1,N/A,0.874732494354248,0.0%,92.4%,0.18
1191,0,0,1,capital-gain <= 7968.866,0.9326182007789612,100.0%,90.8%,0.19
1192,1,0,1,capital-gain <= 7113.272,0.6324784159660339,100.0%,94.0%,0.18
1193,0,0,1,capital-gain <= 6201.278,0.9763152003288269,100.0%,93.4%,0.18
1194,0,0,1,capital-gain <= 6447.857 and fnlwgt <= 161353.336,0.959269642829895,100.0%,93.4%,0.22
1195,0,0,1,sex > 0.873 and native-country > 31.693 and education-num > 8.565,0.6130739450454712,100.0%,92.0%,0.20
1196,0,0,1,N/A,0.8812248706817627,0.0%,86.6%,0.20
1197,0,0,1,capital-gain <= 6815.439,0.9729845523834229,100.0%,92.6%,0.26
1198,0,0,1,education-num > 8.643 and fnlwgt > -3156.957,0.8980199694633484,100.0%,90.0%,0.32
1199,1,0,1,N/A,0.5139883756637573,0.0%,92.6%,0.23
1200,1,1,0,hours-per-week > 37.547 and capital-loss <= 60.046,0.9997805953025818,100.0%,53.6%,0.23
1201,1,1,0,N/A,0.5576143264770508,100.0%,87.0%,0.22
1202,1,0,1,N/A,0.6686983704566956,0.0%,95.0%,0.25
1203,0,0,1,N/A,0.9822328686714172,0.0%,89.2%,0.24
1204,1,0,1,capital-gain <= 6434.576 and occupation <= 6.82 and capital-gain <= 7779.734,0.7546465396881104,100.0%,91.0%,0.22
1205,0,0,1,N/A,0.5114496350288391,0.0%,73.8%,0.20
1206,0,1,0,N/A,0.5418813824653625,0.0%,93.2%,0.19
1207,0,0,1,hours-per-week <= 25.983 and workclass <= 3.024 and hours-per-week <= 30.547 and sex > 0.338,0.8488147854804993,100.0%,77.2%,0.18
1208,1,1,0,capital-gain <= 6972.444 and age > 15.276,0.7526454329490662,100.0%,93.4%,0.20
1209,0,0,1,N/A,0.988284707069397,0.0%,87.4%,0.18
1210,0,0,1,marital-status > 2.827 and race > 3.281,0.9754627346992493,100.0%,92.0%,0.21
1211,0,0,1,N/A,0.8653038144111633,100.0%,77.6%,0.28
1212,0,1,0,N/A,0.7054948210716248,100.0%,88.4%,0.24
1213,1,1,0,native-country <= 39.241,0.6215585470199585,100.0%,80.2%,0.18
1214,0,0,1,capital-gain <= 5038.803 and age <= 35.753,0.9974175691604614,100.0%,89.4%,0.19
1215,0,0,1,education-num <= 10.92 and capital-gain <= 7316.321,0.9998049736022949,100.0%,83.0%,0.18
1216,0,0,1,N/A,0.8958965539932251,0.0%,90.8%,0.20
1217,1,0,1,relationship <= 2.255,0.85469651222229,100.0%,90.4%,0.22
1218,0,1,0,N/A,0.5157254934310913,100.0%,78.4%,0.20
1219,0,0,1,native-country <= 44.057 and occupation <= 9.269,0.8029289841651917,100.0%,88.0%,0.19
1220,0,0,1,capital-gain <= 6801.957,0.8428216576576233,100.0%,93.6%,0.21
1221,0,0,1,capital-gain <= 7049.371 and age > 49.467 and capital-gain <= 7205.01,0.9730063080787659,100.0%,94.4%,0.20
1222,0,0,1,capital-gain <= 8095.433,0.9652460813522339,100.0%,91.4%,0.21
1223,0,0,1,capital-gain <= 7035.642,0.9367722868919373,100.0%,93.4%,0.20
1224,0,0,1,sex > 0.682 and capital-gain <= 4848.107,0.9992880821228027,100.0%,80.8%,0.20
1225,0,0,1,N/A,0.9493787288665771,100.0%,51.8%,0.18
1226,0,0,1,workclass > 0.913,0.810314953327179,100.0%,89.0%,0.21
1227,0,0,1,capital-gain <= 3754.474 and relationship <= 1.954 and capital-gain <= 6598.975,0.7716997861862183,100.0%,86.4%,0.22
1228,1,1,0,capital-gain > 7285.529 and race > 3.706,0.9984498023986816,100.0%,93.6%,0.19
1229,0,0,1,capital-gain <= 6377.436 and occupation > 3.31 and fnlwgt <= 181308.695,0.9858261346817017,100.0%,86.6%,0.17
1230,0,0,1,capital-gain <= 6886.714,0.9749388098716736,100.0%,93.8%,0.21
1231,0,0,1,capital-gain <= 2740.468,0.7620748281478882,100.0%,77.0%,0.23
1232,0,0,1,capital-gain <= 4129.161 and relationship <= 1.777,0.9064261317253113,100.0%,79.4%,0.27
1233,0,0,1,N/A,0.8954070210456848,0.0%,83.2%,0.29
1234,0,0,1,N/A,0.9143224358558655,0.0%,90.0%,0.30
1235,1,1,0,N/A,0.7295620441436768,0.0%,93.0%,0.23
1236,0,0,1,capital-gain <= 4325.886 and education <= 12.297,0.8044553995132446,100.0%,86.4%,0.22
1237,1,0,1,capital-gain <= 4351.496 and fnlwgt <= 124156.895 and age > 38.685 and race > 3.67,0.8099597692489624,100.0%,92.8%,0.25
1238,0,0,1,age <= 39.594 and capital-loss > -460.389,0.9954984784126282,100.0%,79.2%,0.23
1239,0,0,1,capital-gain <= 4322.528,0.9931167960166931,100.0%,86.2%,0.21
1240,0,0,1,hours-per-week <= 46.588 and age <= 35.576 and relationship > 2.363,0.9817311763763428,100.0%,72.6%,0.19
1241,0,0,1,N/A,0.9637159705162048,0.0%,92.2%,0.20
1242,0,0,1,capital-loss <= 398.021,0.9970831871032715,100.0%,74.8%,0.20
1243,0,0,1,N/A,0.9946810603141785,0.0%,90.0%,0.34
1244,0,0,1,N/A,0.8086180686950684,0.0%,90.8%,0.24
1245,1,1,0,race <= 2.101,0.7584623098373413,100.0%,73.0%,0.21
1246,0,0,1,capital-gain <= 4993.234,0.9074332118034363,100.0%,93.0%,0.19
1247,0,0,1,capital-gain <= 6923.558 and education-num <= 11.589,0.7697685956954956,100.0%,93.2%,0.19
1248,0,0,1,capital-gain <= 2767.504,0.9861159324645996,100.0%,78.2%,0.19
1249,0,0,1,marital-status <= 2.856,0.7418303489685059,100.0%,85.2%,0.20
1250,0,0,1,occupation > 2.188,0.8861360549926758,100.0%,92.0%,0.22
1251,0,1,0,capital-gain <= 6215.592,0.5623697638511658,100.0%,91.2%,0.22
1252,1,1,0,N/A,0.5445528030395508,100.0%,88.2%,0.21
1253,1,1,0,capital-gain <= 5996.917,0.583120584487915,100.0%,91.8%,0.23
1254,0,0,1,N/A,0.996565580368042,0.0%,79.0%,0.18
1255,0,0,1,capital-gain <= 4665.272,0.9428143501281738,100.0%,90.8%,0.24
1256,0,0,1,education-num <= 16.027,0.9760227799415588,100.0%,93.6%,0.20
1257,0,0,1,capital-gain <= 6773.779,0.9883118867874146,100.0%,92.6%,0.21
1258,0,0,1,N/A,0.9486918449401855,100.0%,79.6%,0.19
1259,0,0,1,capital-gain <= 2688.999,0.8695998191833496,100.0%,78.4%,0.20
1260,0,0,1,capital-gain <= 6567.981 and education <= 7.673,0.9976698160171509,96.4%,92.2%,0.19
1261,0,0,1,N/A,0.7830544114112854,100.0%,73.2%,0.22
1262,0,0,1,N/A,0.918249249458313,100.0%,84.8%,0.19
1263,1,0,1,capital-gain <= 4454.462 and sex > 0.416,0.7797034978866577,100.0%,90.0%,0.18
1264,0,0,1,education-num <= 12.826 and race <= 4.69,0.9549630284309387,100.0%,89.8%,0.19
1265,0,0,1,capital-gain <= 6497.08 and occupation > 9.189,0.9373700618743896,100.0%,90.2%,0.18
1266,0,0,1,N/A,0.9873479604721069,0.0%,91.6%,0.20
1267,1,1,0,capital-gain > 7006.785,0.9978901743888855,100.0%,94.0%,0.19
1268,0,0,1,capital-gain <= 5486.75,0.8077929019927979,100.0%,88.0%,0.21
1269,0,0,1,capital-gain <= 6441.886,0.8938279747962952,100.0%,91.6%,0.21
1270,0,0,1,race <= 4.714 and workclass > 1.776,0.9987715482711792,100.0%,92.2%,0.21
1271,0,0,1,capital-gain <= 6492.697 and education > 8.475,0.9955882430076599,100.0%,90.0%,0.19
1272,0,0,1,capital-gain <= 6775.58,0.9977771043777466,100.0%,93.6%,0.19
1273,0,0,1,capital-gain <= 6544.518,0.9998459219932556,100.0%,90.4%,0.20
1274,0,1,0,N/A,0.734533965587616,100.0%,90.8%,0.30
1275,0,0,1,capital-gain <= 5663.714,0.6383558511734009,100.0%,84.2%,0.21
1276,0,0,1,capital-gain <= 7227.252,0.991405189037323,100.0%,94.8%,0.20
1277,1,0,1,marital-status <= 2.514 and fnlwgt > 46261.607 and race > 3.767,0.5718886256217957,100.0%,94.2%,0.20
1278,0,0,1,capital-gain <= 1266.893 and workclass > 3.566,0.647398829460144,100.0%,72.0%,0.17
1279,0,0,1,capital-gain <= 6802.721,0.7328479290008545,100.0%,91.6%,0.20
1280,1,1,0,capital-gain <= 6335.264,0.5204989314079285,100.0%,93.2%,0.20
1281,0,0,1,capital-gain <= 4716.415 and marital-status <= 2.44 and capital-gain <= 7483.932,0.7526233196258545,100.0%,91.2%,0.22
1282,1,1,0,N/A,0.7710763216018677,0.0%,95.2%,0.19
1283,0,0,1,capital-gain <= 3817.078,0.6886194944381714,100.0%,90.6%,0.20
1284,0,0,1,capital-loss <= 326.933 and occupation <= 2.651,0.9856623411178589,100.0%,72.4%,0.19
1285,0,0,1,N/A,0.9997113943099976,0.0%,93.0%,0.19
1286,0,0,1,capital-gain <= 6977.965,0.9994081258773804,100.0%,93.6%,0.22
1287,0,0,1,education-num > 12.173,0.9946638345718384,100.0%,74.4%,0.18
1288,1,0,1,capital-gain <= 5470.15,0.7532978057861328,100.0%,78.2%,0.18
1289,1,1,0,sex > 0.95,0.9907156229019165,100.0%,67.8%,0.20
1290,0,0,1,N/A,0.9950757026672363,0.0%,92.4%,0.20
1291,0,0,1,occupation <= 6.169,0.9891390800476074,100.0%,73.8%,0.18
1292,0,0,1,capital-gain <= 7151.929,0.6862634420394897,100.0%,95.2%,0.19
1293,0,0,1,hours-per-week <= 22.734 and capital-gain <= 6915.008,0.9996604323387146,100.0%,90.0%,0.21
1294,0,0,1,capital-gain <= 6280.3,0.9963465332984924,100.0%,89.4%,0.19
1295,0,0,1,sex <= 1.445,0.8407452702522278,100.0%,90.8%,0.20
1296,0,0,1,race > 3.442 and capital-gain <= 2107.778,0.8137995004653931,100.0%,88.8%,0.21
1297,1,1,0,N/A,0.6950871348381042,100.0%,92.6%,0.20
1298,0,1,0,capital-gain <= 3477.788 and workclass <= 1.122,0.8258675932884216,100.0%,91.8%,0.20
1299,0,0,1,N/A,0.9974451661109924,0.0%,94.0%,0.22
1300,0,0,1,capital-gain <= 6144.672,0.9929430484771729,100.0%,94.2%,0.26
1301,0,0,1,N/A,0.9885932207107544,0.0%,93.6%,0.20
1302,0,0,1,hours-per-week <= 44.322 and education <= 16.072 and capital-gain <= 871.393,0.9818416833877563,100.0%,79.8%,0.19
1303,0,0,1,capital-gain <= 6271.336,0.9990028142929077,100.0%,90.2%,0.29
1304,0,0,1,capital-gain <= 4129.085,0.9984931945800781,100.0%,88.0%,0.26
1305,0,0,1,N/A,0.5633832812309265,0.0%,94.2%,0.38
1306,0,1,0,N/A,0.5615168809890747,100.0%,92.8%,0.29
1307,1,1,0,capital-gain <= 4651.262 and capital-loss <= 208.753 and native-country <= 26.099,0.6097072958946228,100.0%,86.0%,0.22
1308,0,0,1,sex > -0.211,0.980947732925415,100.0%,79.0%,0.19
1309,0,0,1,N/A,0.8166278600692749,0.0%,89.6%,0.22
1310,0,0,1,hours-per-week <= 49.777,0.9553645253181458,100.0%,88.8%,0.20
1311,0,0,1,capital-gain <= 7050.757,0.9969844818115234,100.0%,94.0%,0.56
1312,1,1,0,capital-gain <= 6978.309 and fnlwgt <= 267843.953 and occupation > 7.418,0.607733428478241,100.0%,91.8%,0.19
1313,0,0,1,capital-gain <= 6758.451,0.7305686473846436,100.0%,94.4%,0.20
1314,1,0,1,race <= 4.615,0.9945656061172485,100.0%,79.8%,0.19
1315,0,0,1,capital-gain <= 7162.282,0.8247284889221191,100.0%,91.6%,0.19
1316,0,0,1,capital-gain <= 6181.711,0.9894040822982788,100.0%,89.4%,0.20
1317,1,1,0,capital-gain <= 2442.502 and relationship <= 2.344,0.7116968631744385,100.0%,87.6%,0.20
1318,0,0,1,capital-gain <= 5763.504,0.9992794394493103,99.0%,90.0%,0.20
1319,1,1,0,N/A,0.6525421142578125,100.0%,81.4%,0.21
1320,0,0,1,capital-gain <= 7242.779,0.9104069471359253,100.0%,92.8%,0.19
1321,1,1,0,N/A,0.7392262816429138,100.0%,92.4%,0.21
1322,0,0,1,capital-gain <= 6631.757,0.9537399411201477,100.0%,93.8%,0.19
1323,1,0,1,education > 5.934 and capital-gain <= 6230.486,0.5985311269760132,100.0%,92.6%,0.21
1324,0,0,1,capital-gain <= 5883.951,0.977173388004303,100.0%,89.0%,0.19
1325,0,1,0,N/A,0.7040445804595947,100.0%,91.4%,0.19
1326,0,0,1,capital-gain <= 7227.75,0.9833236336708069,100.0%,92.4%,0.19
1327,0,0,1,N/A,0.9823901653289795,100.0%,83.8%,0.20
1328,0,0,1,capital-gain <= 5082.977,0.9904410243034363,100.0%,91.6%,0.20
1329,0,0,1,native-country <= 42.005 and hours-per-week <= 49.073,0.972804069519043,100.0%,92.0%,0.21
1330,1,0,1,capital-gain <= 4731.447 and occupation <= 7.813 and native-country > 27.867,0.5307331085205078,100.0%,85.0%,0.18
1331,0,0,1,capital-gain <= 3935.826,0.7902551889419556,100.0%,90.8%,0.21
1332,0,0,1,workclass > 2.055 and relationship > 2.076 and race > 1.607,0.7990612983703613,100.0%,76.8%,0.18
1333,0,0,1,capital-gain <= 6912.522,0.9600529670715332,100.0%,92.2%,0.24
1334,1,1,0,N/A,0.5970680117607117,100.0%,87.8%,0.20
1335,0,0,1,capital-gain <= 6896.055,0.834312379360199,100.0%,93.6%,0.19
1336,0,0,1,N/A,0.8454259634017944,0.0%,92.6%,0.20
1337,0,0,1,sex <= 0.052,0.9946554899215698,100.0%,91.0%,0.28
1338,0,0,1,N/A,0.6465133428573608,0.0%,89.6%,0.23
1339,0,0,1,capital-gain <= 4533.674 and native-country <= 38.057 and capital-loss > -417.926,0.9982771277427673,100.0%,87.0%,0.21
1340,0,1,0,N/A,0.5191373825073242,0.0%,91.8%,0.20
1341,1,0,1,capital-gain <= 5757.856,0.8454785943031311,100.0%,94.6%,0.19
1342,0,0,1,capital-gain <= 7058.479 and sex <= 0.05,0.9912015795707703,100.0%,90.2%,0.21
1343,0,0,1,N/A,0.8185817003250122,0.0%,92.2%,0.21
1344,0,0,1,capital-gain <= 5951.976,0.9974924921989441,100.0%,92.0%,0.21
1345,0,0,1,capital-gain <= 8627.808,0.9932296872138977,100.0%,91.4%,0.18
1346,0,0,1,capital-gain <= 7055.58,0.789300799369812,100.0%,92.4%,0.19
1347,0,1,0,N/A,0.5412549376487732,100.0%,73.0%,0.20
1348,1,1,0,N/A,0.7708945274353027,100.0%,89.2%,0.21
1349,1,0,1,hours-per-week > 48.015 and occupation <= 10.622 and native-country <= 38.829,0.6423633098602295,100.0%,92.4%,0.21
1350,1,1,0,N/A,0.943368136882782,100.0%,74.0%,0.20
1351,0,1,0,N/A,0.7085238695144653,100.0%,85.0%,0.20
1352,0,0,1,capital-gain <= 7212.997,0.9927103519439697,100.0%,91.2%,0.21
1353,0,0,1,relationship > 1.977 and capital-gain <= 6211.854,0.9938168525695801,100.0%,84.2%,0.19
1354,0,0,1,capital-gain <= 7169.494,0.9670993089675903,100.0%,91.6%,0.20
1355,1,1,0,education > 10.422 and capital-gain > 7169.881,0.9989846348762512,100.0%,92.0%,0.20
1356,0,0,1,N/A,0.889663577079773,0.0%,92.0%,0.19
1357,0,0,1,capital-gain <= 3405.266,0.7632220983505249,100.0%,83.8%,0.19
1358,0,0,1,capital-gain <= 7325.766,0.7068260908126831,100.0%,91.4%,0.21
1359,0,0,1,workclass > 0.511 and occupation <= 2.106,0.5525342226028442,100.0%,93.0%,0.20
1360,0,0,1,capital-gain <= 6287.424,0.9930506944656372,100.0%,81.4%,0.19
1361,0,0,1,N/A,0.9751271605491638,0.0%,87.4%,0.19
1362,0,0,1,capital-gain <= 5636.14 and education-num > 10.533 and capital-gain <= 7518.286,0.9046244621276855,100.0%,91.8%,0.22
1363,0,0,1,N/A,0.8246488571166992,0.0%,74.2%,0.19
1364,1,1,0,N/A,0.5146378874778748,100.0%,89.6%,0.23
1365,0,0,1,capital-gain <= 6646.347,0.9410715103149414,100.0%,83.4%,0.25
1366,0,0,1,age <= 30.228 and workclass > 0.831 and hours-per-week > 43.69,0.9972177147865295,100.0%,86.8%,0.21
1367,1,0,1,capital-gain <= 5723.217,0.9442196488380432,100.0%,93.8%,0.22
1368,0,0,1,N/A,0.9335372447967529,0.0%,95.0%,0.20
1369,0,0,1,race > 3.903 and education-num > 7.457,0.9693475961685181,100.0%,91.2%,0.23
1370,0,0,1,capital-loss > -106.246,0.9897135496139526,100.0%,78.4%,0.06
1371,1,1,0,capital-gain > 6182.654,0.9970186948776245,100.0%,88.6%,0.28
1372,0,0,1,N/A,0.9874337315559387,0.0%,93.2%,0.24
1373,0,0,1,education <= 15.729 and age <= 40.702,0.9790523648262024,100.0%,92.4%,0.24
1374,1,1,0,N/A,0.9991812109947205,0.0%,26.6%,0.17
1375,0,0,1,native-country > 36.164 and capital-loss > 468.016,0.9994920492172241,100.0%,75.4%,0.20
1376,0,0,1,fnlwgt <= 249487.68 and race > 3.378,0.9676302671432495,100.0%,85.0%,0.18
1377,0,0,1,education-num <= 12.655,0.9071993827819824,100.0%,79.8%,0.21
1378,1,1,0,capital-gain > 4457.249,0.9996790885925293,100.0%,86.4%,0.20
1379,0,0,1,capital-gain <= 7618.501,0.9690321683883667,100.0%,93.4%,0.19
1380,0,0,1,N/A,0.9832334518432617,0.0%,74.4%,0.18
1381,0,1,0,capital-gain <= 3066.223 and capital-loss > -95.061,0.6124439239501953,100.0%,83.6%,0.18
1382,0,0,1,capital-gain <= 6276.226,0.9812923073768616,100.0%,90.4%,0.22
1383,1,1,0,capital-gain > 2614.063,0.8708542585372925,100.0%,72.6%,0.19
1384,0,0,1,capital-gain <= 6816.564,0.9579893946647644,100.0%,80.6%,0.22
1385,1,1,0,N/A,0.98084557056427,0.0%,28.2%,0.20
1386,0,0,1,relationship <= 0.187 and capital-gain <= 7092.016,0.9687305688858032,100.0%,91.4%,0.20
1387,0,0,1,hours-per-week > 25.504 and native-country > 33.184,0.5727962255477905,100.0%,90.4%,0.20
1388,0,0,1,capital-gain <= 3502.532,0.9612672328948975,100.0%,81.6%,0.19
1389,0,0,1,capital-gain <= 3427.378,0.9973189830780029,100.0%,89.2%,0.21
1390,1,1,0,education > 4.807,0.9945019483566284,100.0%,76.6%,0.20
1391,0,0,1,education-num <= 13.202,0.8358466625213623,100.0%,88.8%,0.21
1392,1,0,1,capital-loss <= 146.076 and workclass > 2.947 and capital-gain <= 7282.046,0.8315237760543823,100.0%,80.4%,0.21
1393,0,0,1,N/A,0.9465370774269104,0.0%,91.4%,0.22
1394,0,0,1,capital-gain <= 5735.928 and education > 7.56,0.997096061706543,100.0%,90.2%,0.22
1395,1,1,0,N/A,0.5144557952880859,100.0%,91.4%,0.26
1396,0,0,1,capital-gain <= 5582.018 and fnlwgt <= 180369.5 and capital-gain <= 7347.065,0.9734203815460205,100.0%,92.4%,0.21
1397,0,0,1,capital-gain <= 6690.416,0.9989089369773865,100.0%,86.6%,0.18
1398,1,0,1,N/A,0.7701284289360046,0.0%,94.4%,0.22
1399,0,0,1,education <= 14.321 and hours-per-week <= 39.381,0.9954041838645935,100.0%,75.6%,0.19
1400,1,0,1,N/A,0.8809154629707336,0.0%,90.6%,0.30
1401,0,0,1,education > 6.557 and fnlwgt <= 217377.266 and capital-gain > -4244.687,0.9904499053955078,100.0%,90.0%,0.34
1402,0,0,1,N/A,0.9743170738220215,0.0%,88.4%,0.28
1403,0,0,1,N/A,0.98453688621521,0.0%,86.4%,0.24
1404,0,0,1,capital-gain <= 6364.469 and education-num > 9.266 and occupation <= 10.934,0.9994266629219055,100.0%,81.4%,0.20
1405,0,0,1,native-country > 34.98 and relationship > 0.183 and sex <= 1.15,0.9277758598327637,100.0%,84.2%,0.20
1406,0,0,1,capital-gain <= 6266.412 and native-country <= 38.384 and occupation > 3.325 and relationship <= 0.92 and capital-gain <= 8327.086,0.9180391430854797,100.0%,93.4%,0.20
1407,0,0,1,sex > 0.888 and capital-loss <= 275.843,0.998501718044281,100.0%,83.2%,0.21
1408,0,0,1,N/A,0.8349676728248596,0.0%,88.6%,0.28
1409,0,0,1,capital-gain <= 7092.652,0.7991336584091187,100.0%,93.6%,0.23
1410,0,0,1,capital-gain <= 6940.793 and relationship <= 1.159,0.5493453741073608,100.0%,93.4%,0.23
1411,0,0,1,capital-gain <= 7943.692,0.9933007955551147,100.0%,92.4%,0.19
1412,0,0,1,capital-gain <= 7150.456,0.9831613302230835,100.0%,93.2%,0.19
1413,0,0,1,capital-gain <= 5307.344,0.9941838979721069,100.0%,89.0%,0.19
1414,0,0,1,capital-gain <= 4795.725,0.8977477550506592,100.0%,88.2%,0.19
1415,0,0,1,N/A,0.9749242663383484,0.0%,85.2%,0.20
1416,0,0,1,capital-gain <= 7779.136,0.9976437091827393,100.0%,91.6%,0.19
1417,1,0,1,capital-gain <= 6840.136,0.9312798976898193,100.0%,92.6%,0.21
1418,1,1,0,capital-gain <= 6837.382,0.8409911394119263,100.0%,94.2%,0.20
1419,0,0,1,N/A,0.9949953556060791,100.0%,90.8%,0.20
1420,0,0,1,capital-gain <= 8164.027,0.999025285243988,100.0%,93.6%,0.20
1421,0,0,1,capital-gain <= 7102.202,0.91144859790802,100.0%,93.8%,0.21
1422,0,0,1,N/A,0.9971489310264587,0.0%,89.0%,0.19
1423,0,0,1,capital-gain <= 5922.821,0.9802765250205994,100.0%,90.8%,0.20
1424,1,0,1,sex <= 1.28,0.737641453742981,100.0%,93.4%,0.20
1425,0,0,1,N/A,0.9947378635406494,100.0%,89.4%,0.20
1426,1,1,0,capital-gain > 4805.195,0.9957625269889832,100.0%,83.0%,0.20
1427,0,0,1,capital-gain <= 5344.892,0.9255359172821045,100.0%,87.8%,0.20
1428,0,0,1,capital-gain <= 5956.295 and relationship > 0.105 and age <= 22.783,0.9982448816299438,100.0%,90.6%,0.19
1429,0,0,1,capital-gain <= 4482.203 and hours-per-week <= 40.413,0.990463376045227,100.0%,94.0%,0.20
1430,0,0,1,N/A,0.9802134037017822,0.0%,89.0%,0.19
1431,0,0,1,marital-status > -0.245,0.9480658769607544,100.0%,71.8%,0.20
1432,0,0,1,N/A,0.8245089054107666,0.0%,89.0%,0.19
1433,0,0,1,capital-gain <= 6532.85,0.9558196067810059,100.0%,91.2%,0.18
1434,1,0,1,capital-gain <= 7037.684,0.742948055267334,100.0%,92.4%,0.20
1435,0,0,1,capital-gain <= 5197.992,0.9762244820594788,100.0%,87.6%,0.21
1436,1,1,0,N/A,0.954099714756012,100.0%,86.6%,0.22
1437,0,0,1,capital-gain <= 6190.742,0.9908345937728882,100.0%,82.2%,0.21
1438,1,0,1,workclass <= 4.445,0.9426087141036987,100.0%,91.6%,0.21
1439,0,0,1,hours-per-week > 42.034 and capital-gain <= 5146.203 and native-country > 35.89,0.983424723148346,100.0%,94.4%,0.22
1440,1,1,0,N/A,0.9885822534561157,100.0%,84.6%,0.21
1441,0,0,1,N/A,0.6991910934448242,100.0%,92.8%,0.21
1442,0,0,1,N/A,0.9964266419410706,0.0%,92.4%,0.19
1443,0,0,1,capital-gain <= 4097.16,0.9226815104484558,100.0%,85.6%,0.20
1444,0,0,1,capital-gain <= 4020.321,0.9956461787223816,100.0%,85.2%,0.19
1445,0,0,1,capital-gain <= 4742.208 and native-country <= 39.38,0.5165404081344604,100.0%,89.6%,0.18
1446,0,0,1,marital-status > 3.003 and capital-gain <= 6623.52,0.9985148906707764,100.0%,84.4%,0.23
1447,0,0,1,capital-gain <= 5853.372,0.9245374798774719,100.0%,88.2%,0.27
1448,0,0,1,capital-gain <= 3896.149 and marital-status > 0.891,0.9445222616195679,100.0%,93.2%,0.24
1449,1,1,0,capital-gain <= 5483.722 and native-country <= 41.117,0.5905753374099731,100.0%,85.6%,0.25
1450,0,0,1,capital-gain <= 7588.65,0.9996582269668579,100.0%,95.2%,0.26
1451,1,1,0,N/A,0.727030873298645,100.0%,78.4%,0.21
1452,0,0,1,capital-gain <= 6341.914,0.9527727961540222,100.0%,90.2%,0.23
1453,1,1,0,N/A,0.6582798957824707,100.0%,87.2%,0.21
1454,0,0,1,capital-gain <= 6817.29 and age > 53.561,0.8692200183868408,100.0%,93.0%,0.21
1455,0,1,0,N/A,0.7371474504470825,100.0%,73.8%,0.19
1456,0,0,1,capital-gain <= 8706.286,0.9071571230888367,100.0%,88.4%,0.18
1457,0,0,1,N/A,0.9705396294593811,0.0%,89.2%,0.20
1458,0,0,1,relationship > 2.579 and capital-gain <= 6801.387,0.9997190833091736,100.0%,90.6%,0.20
1459,0,0,1,capital-gain <= 6107.62 and capital-loss <= 317.026,0.9908619523048401,100.0%,89.4%,0.21
1460,0,0,1,fnlwgt > 109645.184 and capital-gain <= 4925.377 and education-num <= 9.208,0.8858327269554138,100.0%,93.0%,0.21
1461,0,0,1,capital-gain <= 1312.454 and occupation <= 7.259 and sex > 0.045,0.9912844300270081,100.0%,85.6%,0.21
1462,0,0,1,hours-per-week <= 32.632 and capital-gain <= 6575.452,0.9154919981956482,100.0%,89.2%,0.19
1463,0,0,1,capital-gain <= 6451.38,0.9612007737159729,100.0%,93.2%,0.21
1464,0,0,1,capital-gain <= 7407.049,0.9374909996986389,100.0%,89.8%,0.20
1465,0,0,1,capital-gain <= 7269.208,0.9988982677459717,100.0%,94.4%,0.21
1466,0,1,0,N/A,0.6993498802185059,100.0%,93.4%,0.22
1467,1,0,1,workclass <= 2.298 and capital-gain <= 7957.459,0.8143869638442993,100.0%,84.8%,0.18
1468,0,0,1,N/A,0.6178659200668335,100.0%,84.2%,0.21
1469,0,0,1,workclass > -0.101,0.9286248087882996,100.0%,73.0%,0.18
1470,1,0,1,capital-gain <= 6988.504,0.6330254077911377,100.0%,89.6%,0.20
1471,0,0,1,capital-gain <= 7356.728,0.9977562427520752,100.0%,95.2%,0.19
1472,0,0,1,capital-gain <= 7188.947,0.9901494383811951,100.0%,95.0%,0.21
1473,0,0,1,capital-gain <= 7158.006,0.995272696018219,100.0%,91.0%,0.20
1474,0,0,1,capital-gain <= 6979.587,0.8970897197723389,100.0%,92.4%,0.20
1475,0,1,0,hours-per-week <= 50.086,0.7293693423271179,100.0%,71.8%,0.18
1476,0,0,1,capital-gain <= 7277.844,0.9862911105155945,100.0%,94.6%,0.23
1477,0,0,1,marital-status <= 3.396 and fnlwgt > -6862.116,0.7322009801864624,100.0%,90.8%,0.24
1478,0,0,1,native-country > 29.139,0.9995097517967224,100.0%,91.6%,0.18
1479,0,0,1,capital-gain <= 6843.125,0.9277271032333374,100.0%,89.6%,0.20
1480,0,0,1,race <= 4.437,0.9845120906829834,100.0%,76.4%,0.19
1481,1,1,0,N/A,0.6039695739746094,100.0%,82.8%,0.20
1482,0,1,0,N/A,0.8132647275924683,100.0%,88.8%,0.21
1483,0,0,1,hours-per-week <= 54.129,0.8693454265594482,100.0%,91.2%,0.31
1484,0,0,1,capital-gain <= 6892.444,0.6763755083084106,100.0%,93.8%,0.23
1485,1,1,0,relationship <= 0.205,0.9704381227493286,100.0%,73.6%,0.21
1486,0,0,1,capital-gain <= 7246.912,0.9986381530761719,100.0%,94.0%,0.21
1487,1,1,0,capital-gain <= 4178.043 and marital-status <= 2.083,0.8016529083251953,100.0%,90.6%,0.20
1488,0,0,1,occupation > -4.997,0.9858309626579285,100.0%,92.2%,0.20
1489,0,0,1,capital-gain <= 6909.549,0.7303805351257324,100.0%,90.0%,0.22
1490,1,0,1,capital-gain <= 6839.701 and native-country <= 20.149,0.531438946723938,100.0%,89.6%,0.21
1491,0,0,1,N/A,0.9970696568489075,0.0%,92.0%,0.20
1492,1,1,0,N/A,0.6310998797416687,0.0%,89.0%,0.18
1493,0,0,1,capital-gain <= 7278.453,0.9952796697616577,100.0%,93.2%,0.20
1494,0,0,1,capital-gain <= 7178.75,0.9995938539505005,100.0%,94.6%,0.21
1495,0,0,1,capital-gain <= 6306.559,0.6613222360610962,100.0%,91.2%,0.22
1496,0,0,1,capital-gain <= 5911.63,0.9809197783470154,100.0%,86.6%,0.21
1497,0,1,0,capital-gain <= 5129.917 and capital-loss > -28.522,0.5172625184059143,100.0%,89.4%,0.21
1498,1,1,0,relationship <= 0.876,0.6976548433303833,100.0%,75.2%,0.05
1499,0,0,1,capital-gain <= 7374.631,0.7256052494049072,100.0%,88.6%,0.22
1500,1,0,1,race <= 4.248 and capital-gain <= 7347.741,0.8018286228179932,100.0%,70.8%,0.20
1501,0,0,1,capital-gain <= 4672.407 and education > 7.573,0.9781132340431213,100.0%,90.6%,0.20
1502,0,0,1,N/A,0.9996823668479919,0.0%,75.0%,0.19
1503,1,1,0,N/A,0.8335776925086975,0.0%,91.2%,0.25
1504,0,0,1,capital-gain <= 4685.369 and education-num <= 11.424,0.9806597828865051,100.0%,87.4%,0.24
1505,0,0,1,capital-gain <= 6330.768,0.9986429214477539,100.0%,89.6%,0.22
1506,1,1,0,N/A,0.8147436380386353,100.0%,85.8%,0.22
1507,0,0,1,capital-gain <= 6447.259,0.9976866245269775,100.0%,91.2%,0.18
1508,1,0,1,capital-gain <= 7077.571 and hours-per-week > 34.545,0.8367992639541626,100.0%,90.8%,0.18
1509,0,0,1,education > 5.81,0.9913631677627563,100.0%,87.4%,0.21
1510,1,1,0,N/A,0.9001945853233337,100.0%,83.2%,0.20
1511,0,1,0,capital-gain <= 4215.693,0.6516333818435669,100.0%,90.4%,0.18
1512,1,1,0,N/A,0.6686459183692932,100.0%,91.0%,0.20
1513,0,0,1,capital-gain <= 2803.76,0.9926429390907288,100.0%,77.0%,0.18
1514,0,0,1,N/A,0.9946117401123047,100.0%,87.4%,0.18
1515,0,0,1,capital-gain <= 7572.541,0.960112988948822,100.0%,93.2%,0.20
1516,0,1,0,N/A,0.5588463544845581,100.0%,89.2%,0.18
1517,1,0,1,relationship > -0.982,0.6425408720970154,100.0%,89.8%,0.19
1518,0,0,1,capital-loss <= 231.169,0.9990925192832947,100.0%,94.8%,0.24
1519,1,0,1,capital-gain <= 6890.618,0.851044774055481,100.0%,91.6%,0.25
1520,0,0,1,sex <= 0.373,0.9959113597869873,100.0%,78.4%,0.21
1521,0,0,1,capital-gain <= 4389.533 and native-country <= 21.129,0.9987390041351318,100.0%,87.8%,0.22
1522,1,1,0,N/A,0.6377193927764893,100.0%,82.2%,0.21
1523,0,0,1,capital-gain <= 7776.207,0.9944266676902771,100.0%,91.8%,0.19
1524,0,0,1,capital-gain <= 3341.094,0.9994480609893799,100.0%,94.8%,0.18
1525,0,0,1,capital-gain <= 7238.651,0.9817580580711365,100.0%,91.0%,0.20
1526,0,0,1,hours-per-week > 13.274,0.9996631145477295,100.0%,87.2%,0.21
1527,1,0,1,race > 2.812 and fnlwgt > 91970.855,0.8700240850448608,100.0%,75.4%,0.18
1528,0,0,1,N/A,0.9994162321090698,0.0%,89.6%,0.20
1529,0,0,1,age <= 29.684 and capital-gain <= 1751.191 and capital-loss > -293.45,0.9983842372894287,100.0%,84.0%,0.19
1530,1,1,0,N/A,0.5518564581871033,0.0%,91.2%,0.19
1531,1,1,0,capital-gain > 7063.983,0.9972311854362488,100.0%,84.2%,0.19
1532,0,0,1,capital-gain <= 6953.023,0.9960441589355469,100.0%,93.2%,0.18
1533,1,1,0,capital-gain > 3803.474,0.8663166165351868,100.0%,90.4%,0.21
1534,0,0,1,N/A,0.8976602554321289,0.0%,92.2%,0.20
1535,0,0,1,capital-loss <= 518.518,0.8774289488792419,100.0%,76.4%,0.22
1536,0,0,1,capital-gain <= 6321.011,0.8848995566368103,100.0%,92.4%,0.22
1537,1,0,1,N/A,0.7526451349258423,0.0%,81.0%,0.20
1538,0,0,1,race <= 4.524 and marital-status <= 2.315,0.8468666076660156,100.0%,63.6%,0.20
1539,0,0,1,capital-gain <= 7556.123,0.9863216280937195,100.0%,95.4%,0.21
1540,0,1,0,N/A,0.8450983762741089,100.0%,87.8%,0.21
1541,1,1,0,age > 21.114 and relationship > 0.244,0.9973713159561157,100.0%,92.6%,0.21
1542,0,0,1,capital-gain <= 6934.842 and education <= 10.674,0.993382453918457,99.8%,93.4%,0.22
1543,0,0,1,capital-gain <= 7190.401,0.987856924533844,100.0%,92.0%,0.21
1544,0,0,1,capital-gain <= 5533.073,0.9997190833091736,100.0%,91.4%,0.18
1545,1,1,0,capital-gain <= 3782.744,0.9723765850067139,100.0%,91.6%,0.19
1546,1,1,0,sex > 0.75,0.9928760528564453,100.0%,63.2%,0.05
1547,0,0,1,capital-gain <= 2412.844,0.9993603825569153,100.0%,84.2%,0.19
1548,0,0,1,capital-gain <= 6983.61,0.7972458004951477,100.0%,93.6%,0.18
1549,0,0,1,capital-gain <= 7305.113,0.9871388673782349,100.0%,93.4%,0.19
1550,0,0,1,relationship > 2.068 and capital-gain <= 6359.63,0.9985334873199463,100.0%,84.4%,0.20
1551,0,0,1,workclass > 1.378 and relationship <= 0.361,0.9476471543312073,100.0%,88.4%,0.19
1552,0,0,1,N/A,0.9885755777359009,0.0%,90.6%,0.19
1553,0,0,1,capital-gain <= 4325.3,0.6461631655693054,100.0%,93.8%,0.21
1554,1,1,0,N/A,0.9712167382240295,100.0%,89.8%,0.23
1555,0,0,1,capital-gain <= 7275.797,0.9644712209701538,100.0%,92.0%,0.20
1556,0,0,1,age <= 34.311 and marital-status <= 2.877 and capital-gain <= 6600.623,0.7442654371261597,100.0%,79.2%,0.26
1557,0,0,1,N/A,0.999779224395752,100.0%,85.0%,0.20
1558,0,0,1,N/A,0.9786261916160583,0.0%,91.4%,0.22
1559,1,0,1,capital-loss > -23.298 and capital-gain <= 8297.029,0.5629129409790039,100.0%,77.2%,0.20
1560,0,0,1,capital-gain > -20393.803,0.9995081424713135,100.0%,94.4%,0.19
1561,0,1,0,N/A,0.544566810131073,100.0%,93.2%,0.20
1562,0,0,1,capital-gain <= 6330.203,0.9877680540084839,100.0%,88.6%,0.18
1563,0,1,0,marital-status <= 2.002,0.5949992537498474,100.0%,59.8%,0.06
1564,1,0,1,capital-gain <= 5592.96,0.5393590927124023,99.8%,79.0%,0.20
1565,0,0,1,capital-gain <= 6977.774 and education <= 0.912,0.9044982194900513,100.0%,93.8%,0.21
1566,0,0,1,capital-gain <= 7156.951,0.5321301221847534,100.0%,94.0%,0.20
1567,0,0,1,N/A,0.9835585951805115,0.0%,77.4%,0.18
1568,1,1,0,capital-gain > 6976.79,0.9854564070701599,100.0%,92.0%,0.21
1569,0,0,1,capital-gain <= 4644.52,0.9937447905540466,100.0%,82.6%,0.19
1570,0,0,1,capital-gain <= 4237.986 and occupation > 7.668,0.9957932233810425,100.0%,83.6%,0.20
1571,1,0,1,capital-gain <= 5245.991 and sex <= 1.348,0.5806825757026672,100.0%,90.6%,0.18
1572,0,0,1,fnlwgt <= 92301.625,0.7689797282218933,100.0%,87.4%,0.20
1573,1,1,0,hours-per-week > 30.176,0.9996422529220581,100.0%,79.4%,0.20
1574,1,0,1,education-num > 5.837,0.5465899109840393,100.0%,85.6%,0.20
1575,0,0,1,N/A,0.9932883977890015,100.0%,71.2%,0.18
1576,0,0,1,relationship > -0.058,0.9732881784439087,100.0%,78.4%,0.19
1577,0,0,1,N/A,0.7683407068252563,0.0%,85.6%,0.18
1578,1,0,1,capital-gain <= 6885.092,0.9500266313552856,100.0%,78.4%,0.18
1579,1,0,1,capital-gain <= 6281.418,0.9919194579124451,100.0%,92.6%,0.18
1580,0,0,1,capital-gain <= 6550.854,0.8509182929992676,100.0%,91.4%,0.20
1581,1,1,0,N/A,0.7239115834236145,100.0%,82.6%,0.23
1582,0,0,1,capital-gain <= 8062.423,0.999502956867218,100.0%,93.6%,0.18
1583,0,0,1,workclass > 0.981 and marital-status <= 4.201,0.9494718313217163,100.0%,88.4%,0.19
1584,0,0,1,N/A,0.6792847514152527,0.0%,89.6%,0.20
1585,0,0,1,capital-gain <= 6530.174,0.5819048285484314,100.0%,84.4%,0.21
1586,0,0,1,N/A,0.9669681191444397,0.0%,89.4%,0.20
1587,0,0,1,hours-per-week <= 52.325 and capital-gain > -4259.003,0.8015357255935669,100.0%,87.0%,0.21
1588,1,1,0,N/A,0.5104808807373047,100.0%,77.2%,0.19
1589,0,0,1,native-country > 36.334 and capital-gain <= 3874.771,0.5962634086608887,100.0%,81.0%,0.20
1590,0,0,1,capital-gain <= 5025.997,0.9993143677711487,100.0%,90.0%,0.20
1591,1,1,0,N/A,0.6121727228164673,100.0%,76.8%,0.28
1592,0,0,1,capital-gain <= 4304.808,0.9859861135482788,100.0%,89.8%,0.22
1593,0,1,0,capital-gain <= 6913.107,0.6385390758514404,100.0%,93.6%,0.22
1594,0,0,1,relationship <= 1.409 and capital-gain <= 3926.894,0.9276881217956543,100.0%,81.6%,0.18
1595,0,0,1,workclass <= 2.903 and education > 9.53 and hours-per-week <= 50.539,0.7883111238479614,100.0%,93.8%,0.22
1596,0,0,1,N/A,0.5312017202377319,100.0%,73.4%,0.19
1597,0,0,1,capital-gain <= 6450.006,0.9917064309120178,100.0%,91.0%,0.22
1598,0,0,1,sex <= 0.552 and capital-gain <= 7091.46,0.9659339189529419,100.0%,86.0%,0.19
1599,0,0,1,capital-gain <= 3156.634,0.9444287419319153,100.0%,77.8%,0.20
1600,0,0,1,capital-gain <= 7090.112,0.9972774386405945,100.0%,91.2%,0.24
1601,0,0,1,capital-gain <= 6857.3,0.9984710812568665,100.0%,92.0%,0.20
1602,1,1,0,race <= 2.552,0.63774573802948,100.0%,79.8%,0.24
1603,0,0,1,capital-gain <= 7161.42,0.98403400182724,100.0%,94.0%,0.23
1604,1,1,0,age > 27.754 and native-country <= 44.74,0.9989761114120483,100.0%,88.6%,0.29
1605,0,0,1,relationship > 2.424 and workclass <= 2.956 and hours-per-week > 27.888,0.9993374943733215,100.0%,85.8%,0.21
1606,1,0,1,capital-gain <= 7984.644,0.7989305257797241,100.0%,93.8%,0.22
1607,0,0,1,capital-gain <= 7281.1,0.9996456503868103,100.0%,86.4%,0.19
1608,0,0,1,capital-gain <= 7044.539,0.9903068542480469,100.0%,93.2%,0.20
1609,0,0,1,capital-gain <= 3486.242 and relationship > 2.109,0.98627769947052,100.0%,84.8%,0.20
1610,0,0,1,capital-gain <= 6942.507,0.969444215297699,100.0%,93.0%,0.17
1611,1,0,1,N/A,0.6654341220855713,0.0%,84.0%,0.18
1612,1,1,0,N/A,0.6744776964187622,0.0%,91.4%,0.19
1613,0,0,1,capital-gain <= 4968.177,0.970682680606842,100.0%,79.4%,0.20
1614,0,0,1,capital-gain <= 7073.659,0.6457418203353882,100.0%,93.4%,0.20
1615,0,0,1,capital-gain <= 7199.85,0.9917184710502625,100.0%,93.4%,0.21
1616,0,0,1,sex > -0.19,0.9649830460548401,100.0%,88.2%,0.20
1617,1,0,1,capital-gain <= 6405.366,0.553047776222229,100.0%,91.8%,0.20
1618,0,1,0,capital-gain <= 4533.848 and age > 7.743,0.619724690914154,100.0%,91.0%,0.23
1619,0,0,1,capital-gain <= 3217.554,0.9997081160545349,100.0%,85.4%,0.22
1620,0,0,1,N/A,0.9819282293319702,100.0%,86.4%,0.24
1621,1,1,0,capital-gain <= 6620.635,0.5726631879806519,100.0%,87.2%,0.25
1622,0,0,1,capital-gain <= 4738.995,0.9976427555084229,100.0%,88.2%,0.23
1623,0,0,1,capital-gain <= 6269.624,0.9796274900436401,100.0%,85.8%,0.21
1624,0,0,1,capital-gain <= 6031.565 and marital-status > 2.118,0.9993230700492859,100.0%,92.0%,0.25
1625,0,0,1,N/A,0.7287431955337524,0.0%,93.4%,0.22
1626,0,1,0,capital-gain <= 4140.446,0.5814235806465149,100.0%,89.4%,0.20
1627,0,0,1,capital-gain <= 4751.737 and workclass <= 2.818 and fnlwgt > 16492.619,0.9938355684280396,100.0%,85.6%,0.19
1628,0,0,1,N/A,0.8764150738716125,0.0%,94.8%,0.19
1629,0,0,1,age <= 33.57,0.999719500541687,100.0%,75.0%,0.17
1630,0,0,1,hours-per-week > 36.248 and education > 7.669 and marital-status > 1.743,0.7338618040084839,100.0%,85.8%,0.20
1631,0,0,1,capital-gain <= 7754.376,0.9981566667556763,100.0%,91.4%,0.18
1632,1,1,0,N/A,0.990626335144043,100.0%,75.6%,0.18
1633,0,0,1,capital-gain <= 6344.385 and age > 54.433,0.862105131149292,100.0%,92.8%,0.19
1634,0,0,1,native-country > 36.822 and capital-gain <= 7009.747,0.9721245765686035,100.0%,86.6%,0.20
1635,0,0,1,capital-gain <= 6731.674,0.9881945252418518,100.0%,90.4%,0.19
1636,0,0,1,capital-gain <= 6335.485,0.9990408420562744,100.0%,82.4%,0.19
1637,0,0,1,capital-gain <= 7185.188,0.9266103506088257,100.0%,91.2%,0.19
1638,0,0,1,N/A,0.9968395233154297,0.0%,90.0%,0.20
1639,0,0,1,capital-gain <= 7384.531,0.9852107763290405,100.0%,93.4%,0.20
1640,0,0,1,N/A,0.9995629191398621,0.0%,75.8%,0.18
1641,0,0,1,capital-gain <= 7176.83 and workclass > 1.923,0.9976717233657837,100.0%,89.0%,0.20
1642,1,1,0,N/A,0.9986605644226074,0.0%,22.2%,0.20
1643,0,0,1,hours-per-week <= 45.751 and fnlwgt > 34035.983,0.9678495526313782,100.0%,78.2%,0.21
1644,0,0,1,education > 9.971 and relationship > 1.523 and age <= 28.314,0.9997251629829407,100.0%,66.2%,0.21
1645,0,0,1,capital-gain <= 4834.439 and education-num > 5.69,0.9964709281921387,100.0%,90.8%,0.18
1646,0,0,1,capital-gain <= 7389.493,0.980789303779602,100.0%,95.2%,0.20
1647,0,0,1,sex <= 1.326 and workclass > 1.986,0.6475096940994263,100.0%,94.4%,0.23
1648,0,0,1,N/A,0.9051044583320618,0.0%,94.2%,0.19
1649,0,0,1,N/A,0.9572930335998535,0.0%,89.4%,0.22
1650,0,1,0,N/A,0.5813319087028503,100.0%,84.6%,0.20
1651,1,0,1,capital-gain <= 5544.038,0.8608251214027405,100.0%,87.6%,0.18
1652,0,1,0,N/A,0.7586920261383057,100.0%,88.2%,0.22
1653,1,0,1,education > 9.21 and native-country <= 38.638 and age <= 41.268,0.7231889367103577,100.0%,90.6%,0.32
1654,1,0,1,native-country > 36.448 and capital-gain <= 4114.673,0.6591315269470215,100.0%,76.6%,0.05
1655,1,1,0,N/A,0.8856196403503418,100.0%,87.0%,0.24
1656,1,1,0,N/A,0.9817607998847961,0.0%,91.4%,0.21
1657,0,0,1,relationship > 1.78 and capital-gain <= 5563.901,0.9998156428337097,100.0%,84.6%,0.19
1658,0,0,1,capital-gain <= 7483.424,0.9988202452659607,100.0%,94.4%,0.22
1659,0,0,1,N/A,0.7267193794250488,100.0%,76.2%,0.19
1660,0,0,1,capital-gain <= 6736.847,0.9515847563743591,100.0%,92.8%,0.21
1661,0,0,1,N/A,0.9983195662498474,0.0%,87.6%,0.20
1662,1,1,0,N/A,0.6437894701957703,100.0%,90.6%,0.21
1663,0,0,1,capital-gain <= 7523.508,0.9918889999389648,100.0%,94.8%,0.21
1664,0,0,1,capital-gain <= 3557.527,0.9809725284576416,100.0%,93.8%,0.19
1665,0,0,1,native-country <= 42.718,0.9052727222442627,100.0%,86.8%,0.21
1666,0,0,1,capital-gain <= 3504.847 and relationship <= 0.725 and education-num <= 8.822 and capital-gain <= 5017.687,0.7577121257781982,100.0%,84.8%,0.20
1667,0,0,1,capital-gain <= 5379.331,0.9901916980743408,100.0%,90.0%,0.20
1668,0,0,1,N/A,0.9927858710289001,0.0%,78.8%,0.19
1669,0,0,1,fnlwgt > 295675.5 and capital-gain > -333.017,0.6117230653762817,100.0%,91.0%,0.21
1670,0,0,1,capital-gain <= 6646.706,0.6575586795806885,100.0%,93.4%,0.23
1671,0,0,1,capital-gain <= 4309.199,0.9252333641052246,100.0%,85.2%,0.21
1672,0,0,1,capital-gain <= 7295.283,0.9954821467399597,100.0%,93.8%,0.21
1673,1,0,1,capital-gain <= 7604.869 and marital-status <= 2.839 and hours-per-week > 38.227 and capital-gain <= 8323.343,0.8680931329727173,100.0%,90.2%,0.19
1674,0,0,1,occupation > 1.889 and race > 2.849,0.9783815741539001,100.0%,91.4%,0.22
1675,0,0,1,hours-per-week > 29.111 and capital-gain <= 4265.387,0.9050422310829163,100.0%,77.0%,0.20
1676,0,0,1,capital-gain <= 6984.591,0.9596883654594421,100.0%,92.6%,0.22
1677,0,0,1,N/A,0.9840142130851746,0.0%,75.0%,0.18
1678,0,0,1,education-num > 7.943 and education <= 10.734 and marital-status > 0.402,0.6042816638946533,100.0%,91.2%,0.23
1679,0,0,1,education-num > 8.684 and capital-gain <= 7368.473,0.9993661642074585,100.0%,83.8%,0.19
1680,0,0,1,race <= 4.079 and education-num > 4.864,0.9998593330383301,100.0%,78.8%,0.19
1681,1,1,0,N/A,0.503021776676178,100.0%,95.6%,0.22
1682,1,0,1,capital-gain <= 5826.868,0.7693156003952026,100.0%,88.0%,0.20
1683,0,0,1,capital-gain <= 6831.258,0.9521552920341492,100.0%,93.8%,0.20
1684,0,0,1,capital-gain <= 7139.74,0.9941004514694214,100.0%,92.8%,0.22
1685,0,0,1,capital-gain <= 6861.697,0.9877563714981079,100.0%,94.0%,0.22
1686,0,0,1,capital-gain <= 7550.061,0.9946421384811401,100.0%,94.4%,0.32
1687,1,1,0,N/A,0.5769485235214233,100.0%,94.0%,0.26
1688,0,0,1,education-num <= 12.711,0.913090705871582,100.0%,70.6%,0.21
1689,1,1,0,N/A,0.878422737121582,0.0%,93.6%,0.22
1690,0,0,1,capital-gain <= 5125.813 and capital-loss > -216.878 and workclass <= 2.268,0.9995740056037903,100.0%,90.8%,0.20
1691,0,0,1,education > 7.411 and capital-gain <= 5795.039,0.9997415542602539,100.0%,79.6%,0.18
1692,1,1,0,N/A,0.8144901990890503,100.0%,93.0%,0.22
1693,0,0,1,capital-loss <= 346.23 and relationship > 0.294,0.9176343083381653,100.0%,89.0%,0.19
1694,1,1,0,capital-gain > 8593.152,0.9995958209037781,100.0%,93.0%,0.19
1695,0,0,1,workclass <= 2.784 and capital-gain <= 6685.253,0.96529221534729,100.0%,81.4%,0.18
1696,0,1,0,capital-gain <= 1719.015,0.6381492018699646,100.0%,90.6%,0.21
1697,0,0,1,capital-gain <= 1336.84,0.987500011920929,100.0%,95.8%,0.19
1698,0,0,1,N/A,0.9979923963546753,0.0%,74.8%,0.19
1699,0,0,1,capital-gain <= 7255.612,0.9819548726081848,100.0%,93.8%,0.17
1700,0,0,1,capital-gain <= 5899.43 and education-num <= 13.338,0.9995111227035522,100.0%,93.8%,0.23
1701,1,1,0,capital-gain > 4692.713,0.9996485710144043,100.0%,86.2%,0.20
1702,1,1,0,N/A,0.6437000036239624,100.0%,85.2%,0.20
1703,1,1,0,N/A,0.7603337168693542,100.0%,94.6%,0.26
1704,0,0,1,capital-gain <= 6851.368 and age <= 31.959,0.9965498447418213,100.0%,93.0%,0.26
1705,0,0,1,occupation <= 12.02 and education <= 11.664,0.9823606014251709,100.0%,92.8%,0.28
1706,0,0,1,N/A,0.9791387319564819,0.0%,90.8%,0.22
1707,0,0,1,capital-gain <= 7330.192,0.5560887455940247,100.0%,93.8%,0.35
1708,0,0,1,capital-gain <= 5681.237 and capital-loss <= 143.477,0.9559378623962402,100.0%,89.0%,0.40
1709,0,0,1,occupation <= 8.62,0.9973784685134888,100.0%,73.0%,0.22
1710,0,0,1,capital-gain <= 5075.309,0.9970928430557251,100.0%,88.4%,0.27
1711,0,0,1,capital-gain <= 3112.905,0.9990793466567993,100.0%,88.8%,0.30
1712,0,0,1,native-country > 29.686 and occupation <= 5.804,0.99660325050354,100.0%,75.0%,0.26
1713,0,0,1,hours-per-week <= 51.365 and capital-gain <= 3384.157,0.9969730973243713,100.0%,88.6%,0.36
1714,0,0,1,capital-gain <= 6325.48,0.9814318418502808,100.0%,91.8%,0.20
1715,0,0,1,capital-gain <= 2635.087 and education > 9.504,0.9841555953025818,100.0%,87.2%,0.18
1716,1,1,0,N/A,0.6809508204460144,100.0%,92.2%,0.22
1717,1,1,0,N/A,0.5295906066894531,0.0%,92.2%,0.20
1718,0,0,1,N/A,0.983328640460968,0.0%,72.4%,0.20
1719,1,1,0,N/A,0.8432043790817261,100.0%,82.2%,0.28
1720,0,0,1,occupation <= 3.975 and capital-gain <= 6854.853,0.9823848009109497,100.0%,84.6%,0.28
1721,0,0,1,sex > 0.337 and fnlwgt > 173903.422,0.7223867774009705,100.0%,75.2%,0.20
1722,0,0,1,N/A,0.8771687150001526,0.0%,92.2%,0.19
1723,0,0,1,occupation > 0.752,0.9989960193634033,100.0%,90.2%,0.18
1724,1,0,1,workclass <= 4.098,0.8462408781051636,100.0%,88.2%,0.22
1725,0,0,1,capital-gain <= 3628.662 and race <= 4.565 and capital-loss > -175.994,0.9906879663467407,100.0%,85.4%,0.20
1726,0,0,1,fnlwgt > 44245.227,0.6210025548934937,100.0%,72.6%,0.20
1727,0,0,1,N/A,0.9953644871711731,0.0%,93.2%,0.18
1728,0,0,1,N/A,0.9454903602600098,0.0%,92.0%,0.19
1729,1,0,1,N/A,0.9329249262809753,0.0%,75.4%,0.18
1730,1,0,1,N/A,0.5702345371246338,0.0%,93.4%,0.22
1731,0,0,1,N/A,0.7864308953285217,0.0%,84.6%,0.20
1732,1,0,1,N/A,0.7053489685058594,0.0%,84.0%,0.20
1733,0,1,0,N/A,0.5802729725837708,100.0%,77.6%,0.20
1734,0,0,1,capital-gain <= 5400.661 and fnlwgt > 96405.531,0.9212454557418823,100.0%,86.8%,0.20
1735,1,1,0,N/A,0.6657581329345703,100.0%,91.6%,0.22
1736,0,0,1,capital-gain <= 6814.969,0.9645416140556335,100.0%,92.2%,0.22
1737,0,0,1,capital-gain <= 4099.622,0.9994457364082336,100.0%,78.4%,0.21
1738,0,0,1,capital-gain <= 7442.902,0.8620163202285767,100.0%,90.8%,0.20
1739,0,0,1,education > 8.391,0.9424190521240234,100.0%,83.8%,0.22
1740,0,0,1,capital-gain <= 6900.477,0.6111915111541748,100.0%,92.0%,0.25
1741,0,0,1,capital-gain <= 7260.13,0.9855883717536926,100.0%,94.2%,0.22
1742,1,0,1,N/A,0.7029295563697815,0.0%,93.4%,0.22
1743,1,1,0,N/A,0.758905827999115,0.0%,91.6%,0.21
1744,0,0,1,N/A,0.961432158946991,0.0%,79.4%,0.19
1745,0,0,1,N/A,0.9925735592842102,100.0%,72.6%,0.19
1746,0,0,1,capital-gain <= 6748.552,0.6207907199859619,100.0%,93.6%,0.19
1747,0,0,1,capital-gain <= 6921.024,0.6181513071060181,100.0%,93.4%,0.20
1748,1,0,1,occupation > 2.769,0.6259356737136841,100.0%,92.4%,0.28
1749,1,0,1,capital-gain <= 7004.419 and education-num <= 4.151,0.9515994191169739,100.0%,92.8%,0.20
1750,0,0,1,workclass <= 2.372 and capital-gain <= 5027.427,0.9302780628204346,100.0%,78.4%,0.22
1751,1,1,0,N/A,0.980536937713623,100.0%,88.2%,0.19
1752,0,0,1,N/A,0.9945768713951111,0.0%,76.8%,0.18
1753,0,0,1,N/A,0.9949702620506287,0.0%,76.0%,0.18
1754,0,0,1,capital-gain <= 6596.674,0.94255131483078,100.0%,90.0%,0.21
1755,0,0,1,capital-gain <= 6847.145 and age > 28.407 and capital-gain <= 8711.482,0.9907546043395996,100.0%,93.8%,0.22
1756,0,0,1,capital-gain <= 3449.987,0.9275867342948914,100.0%,93.2%,0.21
1757,0,0,1,workclass <= 2.449 and capital-gain <= 7070.604,0.9986500144004822,100.0%,81.6%,0.24
1758,0,0,1,capital-gain <= 6833.36,0.9881458878517151,100.0%,91.0%,0.21
1759,0,0,1,N/A,0.9996349811553955,0.0%,73.4%,0.21
1760,0,0,1,capital-gain <= 6919.937,0.9921709299087524,100.0%,90.0%,0.23
1761,0,0,1,relationship > 0.163 and education <= 2.692 and native-country > 22.863,0.9967944622039795,100.0%,75.2%,0.24
1762,0,0,1,relationship <= 2.147,0.9931395649909973,100.0%,91.4%,0.25
1763,1,0,1,relationship <= 1.236 and occupation > -0.277,0.6426910161972046,100.0%,81.6%,0.24
1764,0,0,1,capital-gain <= 7239.017,0.9869415163993835,100.0%,93.6%,0.23
1765,1,1,0,N/A,0.6957443952560425,0.0%,95.4%,0.25
1766,0,0,1,capital-gain <= 4045.385 and race > 3.402,0.8266778588294983,100.0%,81.2%,0.23
1767,0,0,1,capital-gain <= 6706.146,0.9674966335296631,100.0%,92.8%,0.26
1768,0,0,1,capital-gain <= 6868.973,0.9961855411529541,100.0%,92.4%,0.31
1769,0,0,1,education <= 12.55,0.5797058343887329,100.0%,93.4%,0.33
1770,0,0,1,capital-gain <= 7323.612,0.9978886842727661,100.0%,92.0%,0.33
1771,0,0,1,N/A,0.9882611036300659,0.0%,93.4%,0.25
1772,0,0,1,capital-gain <= 7388.472 and marital-status <= 0.176,0.8885087370872498,100.0%,88.6%,0.31
1773,0,0,1,capital-gain <= 5045.645 and hours-per-week <= 48.827,0.9989352226257324,100.0%,88.2%,0.25
1774,1,1,0,N/A,0.6213273406028748,100.0%,75.2%,0.23
1775,1,1,0,N/A,0.6937476992607117,100.0%,88.6%,0.35
1776,1,1,0,capital-gain > 2333.814 and education-num <= 4.555,0.5341235399246216,100.0%,78.6%,0.28
1777,0,0,1,education <= 2.738 and capital-gain <= 6814.206,0.9951753616333008,100.0%,90.4%,0.28
1778,1,1,0,capital-gain <= 3587.158 and education-num > 8.366,0.611043393611908,100.0%,83.6%,0.26
1779,0,0,1,N/A,0.9971820712089539,0.0%,89.6%,0.38
1780,0,0,1,capital-gain <= 6798.169,0.981184720993042,100.0%,73.0%,0.25
1781,0,0,1,N/A,0.9996219873428345,0.0%,93.4%,0.29
1782,0,0,1,capital-gain <= 6749.447,0.999173104763031,100.0%,89.6%,0.48
1783,0,0,1,relationship > 0.694 and capital-gain <= 5583.073 and workclass <= 0.088,0.9666967391967773,100.0%,80.4%,0.26
1784,0,0,1,fnlwgt > 36488.08,0.6741676330566406,100.0%,75.2%,0.07
1785,0,0,1,capital-gain <= 3236.46 and sex > 0.361,0.92568439245224,100.0%,88.0%,0.23
1786,1,0,1,capital-gain <= 4755.354 and education > 3.29,0.8352639079093933,100.0%,91.0%,0.23
1787,0,0,1,age > 37.606 and sex > -0.267,0.9831083416938782,100.0%,74.0%,0.21
1788,0,0,1,relationship > 0.791,0.9444369077682495,100.0%,93.2%,0.23
1789,0,0,1,capital-gain <= 6247.316,0.9523814916610718,100.0%,92.6%,0.22
1790,1,1,0,N/A,0.8032320141792297,100.0%,86.0%,0.22
1791,0,0,1,capital-gain <= 7241.393,0.9800536632537842,100.0%,93.8%,0.24
1792,1,0,1,hours-per-week > 29.778,0.5808209180831909,100.0%,72.0%,0.23
1793,0,0,1,capital-gain <= 6266.688,0.9222592711448669,100.0%,95.6%,0.22
1794,0,0,1,relationship > 0.914 and native-country <= 39.565,0.9767225980758667,100.0%,91.0%,0.24
1795,0,0,1,marital-status > 3.137 and hours-per-week <= 31.687 and capital-gain <= 6070.38,0.9996723532676697,100.0%,82.8%,0.21
1796,0,0,1,capital-gain <= 7501.426,0.9317037463188171,100.0%,94.2%,0.25
1797,1,1,0,N/A,0.9886577725410461,100.0%,89.2%,0.23
1798,1,1,0,N/A,0.5742796063423157,100.0%,92.2%,0.28
1799,0,0,1,capital-gain <= 5516.922,0.9989842176437378,100.0%,92.6%,0.27
1800,0,0,1,marital-status <= 2.271 and capital-gain <= 4990.042 and sex <= 0.306,0.7816768288612366,100.0%,90.6%,0.29
1801,0,0,1,capital-gain <= 7092.916,0.9854220747947693,100.0%,78.0%,0.23
1802,0,0,1,capital-gain <= 6826.599 and capital-loss > -35.527,0.9831315279006958,100.0%,85.0%,0.47
1803,0,0,1,capital-gain <= 7265.73,0.9426699876785278,100.0%,94.2%,1.07
1804,0,1,0,capital-gain <= 6633.62 and education <= 10.832 and age > 27.202,0.6876042485237122,100.0%,91.8%,0.25
1805,0,0,1,capital-gain <= 4873.278,0.9891408681869507,100.0%,83.4%,0.31
1806,0,0,1,native-country > 32.842 and capital-loss > -104.244,0.9814049005508423,100.0%,91.6%,0.40
1807,0,0,1,N/A,0.9761897921562195,0.0%,92.8%,0.23
1808,1,1,0,N/A,0.8299959301948547,100.0%,83.6%,0.45
1809,1,0,1,workclass <= 2.398,0.6829864978790283,100.0%,73.8%,0.22
1810,0,0,1,native-country > 30.172 and capital-loss <= 302.081,0.972796618938446,100.0%,92.0%,0.27
1811,0,0,1,N/A,0.9971135258674622,0.0%,92.0%,0.26
1812,0,0,1,capital-gain <= 4221.288,0.6284456253051758,100.0%,91.4%,0.40
1813,0,0,1,capital-gain <= 5688.979 and race > 3.321 and native-country > 36.596,0.9736239910125732,100.0%,90.6%,0.25
1814,0,0,1,capital-gain <= 4273.071,0.9996368885040283,100.0%,86.8%,0.23
1815,0,0,1,N/A,0.7964709997177124,100.0%,75.0%,0.22
1816,1,1,0,N/A,0.9994038343429565,0.0%,23.8%,0.19
1817,1,0,1,occupation <= 7.786 and native-country > 30.965,0.5097038149833679,100.0%,91.2%,0.24
1818,1,1,0,capital-gain <= 6131.608 and age > 33.543 and hours-per-week > 30.056 and workclass > 1.424,0.9861466288566589,100.0%,86.8%,0.23
1819,0,0,1,capital-gain <= 3213.793,0.9918739199638367,100.0%,82.4%,0.32
1820,0,0,1,capital-gain <= 6340.445 and marital-status > 3.258,0.953568696975708,100.0%,87.8%,0.28
1821,0,1,0,capital-gain <= 4527.627 and occupation > 2.893,0.5074107050895691,100.0%,89.0%,0.48
1822,0,1,0,N/A,0.6539690494537354,100.0%,89.4%,0.27
1823,0,0,1,capital-gain <= 7190.626,0.9620380401611328,100.0%,93.6%,0.22
1824,0,0,1,capital-gain <= 4739.718 and fnlwgt <= 136627.461 and capital-gain <= 6992.625,0.9778173565864563,100.0%,89.4%,0.23
1825,1,1,0,N/A,0.6766751408576965,100.0%,83.4%,0.24
1826,0,0,1,capital-gain <= 4845.436 and workclass > 1.371 and capital-gain <= 7367.491,0.9847956895828247,100.0%,88.6%,0.21
1827,0,0,1,N/A,0.9955079555511475,0.0%,73.4%,0.20
1828,0,0,1,capital-gain <= 3406.54 and fnlwgt > 251769.664 and race > 3.215,0.9936784505844116,100.0%,82.4%,0.23
1829,1,1,0,N/A,0.9006168246269226,100.0%,87.2%,0.25
1830,1,0,1,capital-gain <= 6638.555,0.6100283861160278,100.0%,92.8%,0.36
1831,0,1,0,N/A,0.5375327467918396,100.0%,91.0%,0.31
1832,1,0,1,native-country > 34.962 and capital-gain <= 1408.243,0.8567413091659546,100.0%,79.4%,0.22
1833,0,0,1,native-country > 33.228 and hours-per-week <= 47.052,0.8213752508163452,100.0%,86.0%,0.21
1834,0,0,1,capital-gain <= 6763.918,0.9691328406333923,100.0%,85.4%,0.19
1835,0,0,1,capital-gain <= 7455.965,0.9974133968353271,100.0%,94.0%,0.22
1836,1,0,1,capital-gain <= 5094.045,0.5898289680480957,100.0%,87.8%,0.23
1837,1,0,1,capital-gain <= 3249.018,0.7057185173034668,100.0%,81.8%,0.21
1838,1,0,1,age > 48.085 and fnlwgt > -19841.191 and race > 2.597,0.6044849157333374,100.0%,91.4%,0.23
1839,0,0,1,capital-gain <= 8552.164,0.8346508145332336,100.0%,85.8%,0.25
1840,1,1,0,N/A,0.8963932991027832,100.0%,82.0%,0.23
1841,0,0,1,native-country > 37.74,0.9827815890312195,100.0%,75.6%,0.24
1842,1,1,0,capital-gain <= 3400.559,0.7744491100311279,100.0%,88.4%,0.34
1843,0,0,1,N/A,0.645891547203064,0.0%,94.4%,0.28
1844,0,0,1,capital-gain <= 3478.018 and workclass > 1.585 and occupation <= 4.961,0.902145266532898,100.0%,90.2%,0.60
1845,0,1,0,N/A,0.5508157014846802,100.0%,90.6%,0.37
1846,0,0,1,capital-gain <= 6928.089,0.9776316285133362,100.0%,92.2%,0.40
1847,0,0,1,sex > 0.393,0.7228347063064575,100.0%,91.2%,0.38
1848,0,0,1,race <= 4.565 and capital-loss > -293.895,0.9810657501220703,100.0%,92.6%,0.35
1849,0,0,1,capital-gain <= 5138.258,0.9972789287567139,100.0%,94.8%,0.20
1850,0,0,1,capital-gain <= 6570.344,0.9969006776809692,100.0%,91.0%,0.35
1851,0,0,1,capital-gain <= 6837.87,0.9997808933258057,100.0%,92.4%,0.31
1852,0,0,1,capital-gain <= 2181.928,0.6936947107315063,100.0%,74.0%,0.27
1853,0,0,1,N/A,0.998051106929779,0.0%,88.8%,0.26
1854,0,0,1,capital-gain <= 7049.075,0.9342029094696045,100.0%,93.6%,0.32
1855,0,0,1,N/A,0.9428966045379639,100.0%,74.8%,0.39
1856,0,0,1,capital-gain <= 7980.724,0.9786898493766785,100.0%,92.8%,0.22
1857,0,0,1,capital-gain <= 7192.402,0.9338833689689636,100.0%,90.6%,0.25
1858,0,0,1,N/A,0.5490002036094666,0.0%,90.4%,0.23
1859,0,0,1,capital-gain <= 6367.044,0.9598201513290405,100.0%,88.8%,0.21
1860,1,1,0,N/A,0.9845836162567139,100.0%,73.8%,0.20
1861,1,1,0,capital-gain > 6352.795,0.9994169473648071,100.0%,89.4%,0.24
1862,0,0,1,N/A,0.9202321171760559,0.0%,87.6%,0.23
1863,1,0,1,N/A,0.8863430023193359,100.0%,89.0%,0.23
1864,1,0,1,capital-gain <= 6397.619,0.8787019848823547,100.0%,90.8%,0.20
1865,0,0,1,hours-per-week <= 50.058,0.9836941361427307,100.0%,74.6%,0.21
1866,0,0,1,native-country > 34.211 and capital-gain <= 7260.074,0.660830020904541,100.0%,85.8%,0.20
1867,0,1,0,N/A,0.6996007561683655,100.0%,91.4%,0.27
1868,0,0,1,capital-gain <= 6604.043,0.8807759881019592,100.0%,90.2%,0.21
1869,0,0,1,N/A,0.9166092872619629,100.0%,91.8%,0.22
1870,0,0,1,capital-gain <= 6655.276,0.9871569275856018,100.0%,92.2%,0.20
1871,0,0,1,capital-gain <= 7003.42 and fnlwgt > 190557.406,0.9777438640594482,100.0%,93.2%,0.22
1872,1,1,0,capital-gain > 7043.907,0.9975181818008423,100.0%,91.6%,0.25
1873,0,0,1,age <= 38.163 and capital-gain <= 6191.047,0.9510916471481323,100.0%,85.2%,0.22
1874,0,0,1,capital-gain <= 4943.204,0.7623566389083862,100.0%,88.8%,0.21
1875,1,1,0,N/A,0.7327801585197449,100.0%,90.2%,0.23
1876,0,0,1,N/A,0.9850980043411255,0.0%,93.2%,0.26
1877,0,0,1,sex > 0.569 and marital-status > 1.27,0.984950065612793,100.0%,76.8%,0.21
1878,1,1,0,N/A,0.8020347952842712,100.0%,88.8%,0.22
1879,0,0,1,sex > 0.452 and capital-gain <= 2312.49,0.8901681900024414,100.0%,76.2%,0.20
1880,0,0,1,capital-gain <= 6836.25,0.9053298830986023,100.0%,93.0%,0.36
1881,0,0,1,N/A,0.7658279538154602,0.0%,87.2%,0.23
1882,0,0,1,capital-gain <= 4778.094 and hours-per-week <= 46.436,0.7641424536705017,100.0%,93.4%,0.25
1883,0,0,1,sex > 0.561,0.8126449584960938,100.0%,92.6%,0.27
1884,0,0,1,N/A,0.9512798190116882,0.0%,72.2%,0.22
1885,0,0,1,N/A,0.9542030692100525,0.0%,77.2%,0.23
1886,1,0,1,marital-status <= 3.201 and age > 40.56,0.5722317099571228,100.0%,88.4%,0.23
1887,0,0,1,capital-gain <= 7259.488,0.9923981428146362,100.0%,94.0%,0.22
1888,0,0,1,capital-gain <= 7467.106,0.9935365915298462,100.0%,91.0%,0.21
1889,0,0,1,relationship > -0.383,0.9950934648513794,100.0%,89.0%,0.20
1890,0,0,1,N/A,0.9962201714515686,98.6%,88.4%,0.19
1891,0,0,1,capital-gain <= 5800.862 and capital-loss > -100.896,0.9784757494926453,100.0%,86.4%,0.19
1892,1,0,1,education <= 15.141,0.5328118801116943,100.0%,77.6%,0.19
1893,0,0,1,capital-gain <= 5741.976,0.9608367085456848,100.0%,90.4%,0.19
1894,0,0,1,capital-gain <= 6843.958,0.9923008680343628,100.0%,92.2%,0.20
1895,0,0,1,education-num <= 13.868,0.7487196922302246,100.0%,92.0%,0.21
1896,1,1,0,capital-gain <= 5943.243,0.7504756450653076,100.0%,91.0%,0.20
1897,0,0,1,N/A,0.9486322999000549,100.0%,78.4%,0.19
1898,0,0,1,capital-loss > -119.121 and education-num > 6.158,0.9983960390090942,100.0%,90.4%,0.23
1899,0,1,0,N/A,0.7666907906532288,100.0%,90.4%,0.21
1900,1,1,0,N/A,0.6342065334320068,0.0%,91.4%,0.23
1901,1,0,1,N/A,0.6935862302780151,0.0%,77.6%,0.22
1902,0,0,1,race > 3.429,0.9975156188011169,100.0%,94.2%,0.26
1903,0,0,1,capital-gain <= 6012.24,0.9973946213722229,100.0%,87.4%,0.26
1904,0,0,1,occupation > 8.683,0.5803201198577881,100.0%,93.4%,0.28
1905,0,1,0,N/A,0.6925060153007507,100.0%,92.2%,0.27
1906,0,0,1,capital-gain <= 6632.432,0.9255021214485168,100.0%,90.2%,0.21
1907,0,0,1,capital-gain <= 6019.827,0.9904359579086304,100.0%,89.2%,0.21
1908,0,0,1,capital-gain <= 7752.403,0.9946913719177246,100.0%,91.8%,0.19
1909,0,0,1,capital-gain <= 7613.772,0.9963199496269226,100.0%,89.6%,0.19
1910,0,0,1,race > 3.423 and occupation > 2.603,0.5402165651321411,100.0%,86.6%,0.22
1911,0,0,1,capital-gain <= 7051.174,0.9894156455993652,100.0%,92.2%,0.20
1912,1,1,0,N/A,0.9542546272277832,100.0%,78.6%,0.19
1913,0,0,1,capital-gain <= 6461.896,0.9616386890411377,100.0%,93.4%,0.20
1914,0,0,1,capital-gain <= 5014.51,0.9825416803359985,100.0%,89.4%,0.37
1915,1,1,0,capital-gain <= 5798.083 and sex > 0.853 and fnlwgt > 31312.796 and capital-loss <= 428.411,0.6096979379653931,100.0%,90.8%,0.31
1916,0,0,1,marital-status > -0.235 and capital-loss > -500.635,0.992405116558075,100.0%,93.0%,0.23
1917,0,0,1,capital-gain <= 6254.802,0.9995192289352417,100.0%,90.0%,0.20
1918,0,0,1,N/A,0.9261014461517334,0.0%,92.8%,0.23
1919,1,1,0,occupation > 10.104,0.7199015021324158,100.0%,58.4%,0.06
1920,0,1,0,N/A,0.6593616008758545,100.0%,86.6%,0.22
1921,0,0,1,N/A,0.9168478846549988,0.0%,86.8%,0.23
1922,1,1,0,N/A,0.8177492022514343,100.0%,88.4%,0.23
1923,0,0,1,N/A,0.9997758865356445,0.0%,88.8%,0.21
1924,0,0,1,race <= 4.025,0.6825364828109741,100.0%,88.8%,0.21
1925,0,0,1,capital-gain <= 6627.48,0.9519525170326233,100.0%,92.0%,0.19
1926,0,0,1,capital-gain <= 4405.493,0.9991040229797363,100.0%,93.4%,0.20
1927,0,0,1,capital-gain <= 7046.556,0.9965566396713257,100.0%,93.2%,0.22
1928,0,0,1,capital-gain <= 5816.19 and relationship <= 1.712 and education <= 12.864,0.9952350854873657,100.0%,91.8%,0.19
1929,1,1,0,N/A,0.9994096755981445,0.0%,23.0%,0.17
1930,1,1,0,N/A,0.8632974028587341,100.0%,89.2%,0.20
1931,1,1,0,capital-gain > 7067.455,0.9956485629081726,100.0%,88.2%,0.20
1932,1,1,0,N/A,0.9212310314178467,100.0%,89.0%,0.19
1933,0,0,1,capital-gain <= 2449.609,0.8481337428092957,100.0%,87.2%,0.22
1934,0,0,1,N/A,0.9975172281265259,0.0%,91.0%,0.21
1935,0,0,1,capital-gain <= 4153.926 and capital-loss > -363.9,0.952969491481781,100.0%,81.0%,0.20
1936,1,0,1,education > 7.618 and age > 35.596,0.7618145942687988,100.0%,71.8%,0.20
1937,0,1,0,workclass <= 0.448 and capital-gain <= 5508.68 and age > 20.818 and marital-status > 1.525,0.5278236865997314,100.0%,85.8%,0.20
1938,1,0,1,native-country <= 42.048 and fnlwgt <= 110204.266 and capital-gain <= 6787.49,0.6173445582389832,100.0%,93.6%,0.21
1939,0,0,1,N/A,0.9997580051422119,0.0%,75.2%,0.19
1940,1,0,1,native-country > 32.344 and education > 4.804,0.6785441040992737,100.0%,89.8%,0.20
1941,1,0,1,capital-gain <= 2877.827,0.8034321069717407,100.0%,80.0%,0.19
1942,1,0,1,N/A,0.7091038227081299,100.0%,80.4%,0.20
1943,0,0,1,native-country <= 39.44 and relationship > 2.311,0.9963511824607849,100.0%,72.6%,0.19
1944,1,1,0,capital-gain <= 3606.875,0.5775582790374756,100.0%,89.6%,0.21
1945,0,0,1,education-num <= 12.961,0.9791556596755981,98.2%,86.0%,0.18
1946,1,0,1,N/A,0.8017056584358215,0.0%,90.0%,0.20
1947,0,0,1,marital-status > 3.111,0.9996834397315979,100.0%,82.0%,0.19
1948,0,0,1,hours-per-week <= 36.571 and capital-gain <= 3728.716,0.9997270703315735,100.0%,83.2%,0.26
1949,0,0,1,capital-gain <= 4271.003,0.9817938804626465,100.0%,88.8%,0.20
1950,1,1,0,N/A,0.7622883319854736,100.0%,79.2%,0.20
1951,1,1,0,N/A,0.691409170627594,100.0%,79.8%,0.22
1952,0,0,1,workclass <= 2.349,0.9295645356178284,100.0%,90.2%,0.30
1953,0,0,1,capital-gain <= 6309.551,0.9988634586334229,100.0%,91.2%,0.21
1954,1,0,1,workclass > 1.7 and fnlwgt <= 269388.453 and hours-per-week <= 46.139,0.5242843627929688,100.0%,91.4%,0.25
1955,1,0,1,hours-per-week <= 46.709 and relationship > 0.065,0.6455067992210388,100.0%,91.2%,0.23
1956,0,0,1,capital-gain <= 6397.732,0.9997824430465698,100.0%,90.0%,0.21
1957,0,0,1,capital-gain <= 2627.725,0.8392279148101807,100.0%,91.4%,0.20
1958,0,0,1,capital-gain <= 6812.155 and fnlwgt <= 295242.844,0.9359647631645203,100.0%,91.8%,0.19
1959,0,0,1,capital-gain <= 6371.914 and race <= 4.085 and capital-gain <= 7639.134,0.9978496432304382,100.0%,92.2%,0.20
1960,0,0,1,capital-gain <= 7188.434,0.5826168656349182,100.0%,88.8%,0.20
1961,1,1,0,N/A,0.8095095753669739,100.0%,86.4%,0.19
1962,1,1,0,capital-gain <= 5903.564 and marital-status > -1.529,0.6486958861351013,100.0%,92.0%,0.20
1963,1,1,0,N/A,0.5970223546028137,100.0%,92.2%,0.23
1964,0,0,1,capital-gain <= 6897.941,0.9873294234275818,100.0%,90.2%,0.22
1965,0,0,1,fnlwgt <= 404401.219,0.9940814971923828,100.0%,91.6%,0.20
1966,0,0,1,N/A,0.9877413511276245,0.0%,79.2%,0.19
1967,0,0,1,capital-gain <= 2150.641,0.9997720718383789,100.0%,78.6%,0.19
1968,1,1,0,occupation <= 7.013 and marital-status > 1.87,0.9988659620285034,100.0%,90.6%,0.22
1969,0,0,1,marital-status <= 0.885 and capital-gain <= 4896.89,0.9832332730293274,100.0%,87.0%,0.19
1970,1,1,0,capital-gain <= 5595.206 and occupation > 2.257 and fnlwgt > 136306.145,0.5711352825164795,100.0%,91.4%,0.25
1971,0,0,1,capital-gain <= 4801.289 and sex <= 1.122,0.9918687343597412,100.0%,87.6%,0.23
1972,0,1,0,N/A,0.5169002413749695,100.0%,76.8%,0.19
1973,0,0,1,N/A,0.9892008900642395,0.0%,91.0%,0.19
1974,0,0,1,capital-loss <= 64.142 and capital-gain <= 4700.13,0.5476639270782471,100.0%,83.2%,0.20
1975,0,0,1,occupation > -1.724,0.9986860752105713,100.0%,73.8%,0.20
1976,0,0,1,capital-gain <= 4996.217,0.9779796600341797,100.0%,90.2%,0.20
1977,0,0,1,capital-gain <= 7030.985,0.9705437421798706,100.0%,94.0%,0.23
1978,1,1,0,N/A,0.8910329937934875,0.0%,80.4%,0.22
1979,0,0,1,capital-gain <= 6184.784,0.9895581603050232,100.0%,90.6%,0.23
1980,1,1,0,capital-gain <= 4610.568 and hours-per-week <= 60.326,0.5136552453041077,100.0%,90.4%,0.39
1981,0,0,1,N/A,0.702757716178894,0.0%,91.0%,0.21
1982,0,0,1,capital-gain <= 6156.4,0.9912595748901367,100.0%,89.0%,0.20
1983,1,1,0,capital-gain <= 4721.796,0.8942203521728516,100.0%,94.4%,0.23
1984,0,0,1,workclass > 2.247 and capital-gain <= 6687.118,0.9105939269065857,100.0%,79.4%,0.19
1985,0,0,1,capital-gain <= 6377.226,0.8775109052658081,100.0%,92.0%,0.23
1986,0,0,1,N/A,0.9044381380081177,0.0%,89.0%,0.23
1987,0,0,1,relationship > 1.176 and hours-per-week <= 51.789,0.9403221011161804,100.0%,90.8%,0.20
1988,0,0,1,capital-gain <= 6154.373,0.8301538228988647,100.0%,91.4%,0.21
1989,1,0,1,race <= 4.449 and education-num <= 12.393,0.5921063423156738,100.0%,93.2%,0.22
1990,1,1,0,capital-gain <= 2696.209 and marital-status <= 4.088,0.6318687200546265,100.0%,92.8%,0.31
1991,0,0,1,N/A,0.9859458804130554,0.0%,76.0%,0.23
1992,0,0,1,N/A,0.9973024129867554,0.0%,92.2%,0.23
1993,1,0,1,education-num <= 13.747,0.7066651582717896,100.0%,79.2%,0.22
1994,1,0,1,occupation > -1.163 and capital-gain <= 8894.877,0.9487581849098206,100.0%,76.8%,0.21
1995,0,0,1,capital-gain <= 6696.223,0.994402289390564,100.0%,92.4%,0.21
1996,0,0,1,N/A,0.9235926866531372,0.0%,84.8%,0.21
1997,1,1,0,capital-gain > 6693.621,0.9965268969535828,100.0%,91.8%,0.20
1998,0,0,1,capital-gain <= 4174.44,0.9089479446411133,100.0%,84.4%,0.20
1999,0,0,1,capital-gain > -9143.486,0.5861715078353882,100.0%,84.8%,0.22
2000,0,0,1,capital-gain <= 4555.558 and capital-loss <= 119.787,0.9946990013122559,100.0%,90.4%,0.25
2001,0,0,1,native-country > 36.885 and age <= 56.302,0.9931653141975403,100.0%,74.8%,0.20
2002,0,0,1,capital-gain <= 7032.041,0.9929064512252808,100.0%,92.2%,0.23
2003,0,0,1,capital-gain <= 7322.253,0.9068251848220825,100.0%,88.4%,0.31
2004,0,0,1,capital-loss <= 237.003,0.9782434105873108,100.0%,76.2%,0.23
2005,1,1,0,N/A,0.6330775618553162,100.0%,81.2%,0.23
2006,0,0,1,education > 4.91,0.7150130271911621,100.0%,70.6%,0.18
2007,0,1,0,capital-gain <= 6919.957 and fnlwgt > 179593.602 and capital-loss <= 340.962,0.5065532922744751,100.0%,93.2%,0.21
2008,0,1,0,N/A,0.5245047807693481,100.0%,91.2%,0.23
2009,0,0,1,capital-gain <= 4384.739 and hours-per-week <= 41.544,0.9982450604438782,100.0%,84.8%,0.20
2010,0,0,1,capital-gain <= 4625.139 and capital-loss > -263.736,0.9225754737854004,100.0%,92.8%,0.21
2011,0,0,1,hours-per-week <= 45.193,0.9823774695396423,100.0%,85.8%,0.21
2012,0,0,1,workclass > 1.756 and capital-gain <= 6841.477,0.981708824634552,100.0%,84.6%,0.18
2013,0,0,1,capital-gain <= 2919.355 and relationship > -0.797,0.9623693823814392,100.0%,90.8%,0.20
2014,0,0,1,capital-gain <= 7778.207 and fnlwgt > 309983.688,0.981056272983551,100.0%,79.6%,0.22
2015,0,1,0,N/A,0.5636411309242249,100.0%,87.8%,0.20
2016,0,0,1,capital-gain <= 7849.546,0.9894879460334778,100.0%,89.2%,0.19
2017,0,0,1,N/A,0.9998213052749634,0.0%,78.4%,0.20
2018,0,0,1,occupation <= 8.98,0.9801738858222961,100.0%,84.2%,0.19
2019,1,1,0,N/A,0.6695746779441833,100.0%,91.6%,0.21
2020,0,0,1,capital-gain <= 7294.277,0.8723617792129517,100.0%,81.0%,0.20
2021,1,1,0,N/A,0.7147465944290161,0.0%,94.6%,0.21
2022,0,0,1,capital-gain <= 4757.156,0.8184161186218262,100.0%,89.2%,0.20
2023,0,0,1,N/A,0.9974716305732727,0.0%,88.8%,0.22
2024,0,0,1,N/A,0.9922491908073425,0.0%,87.6%,0.20
2025,1,1,0,capital-gain > 4371.8,0.998683512210846,100.0%,86.0%,0.20
2026,0,0,1,education <= 4.218 and capital-gain <= 5343.23,0.9932386875152588,100.0%,86.4%,0.19
2027,1,1,0,capital-gain > 5165.029,0.9966461062431335,100.0%,89.0%,0.23
2028,0,0,1,capital-loss > -30.334,0.9173200130462646,100.0%,65.2%,0.07
2029,0,0,1,capital-gain <= 5810.79,0.903459906578064,100.0%,92.6%,0.26
2030,0,0,1,capital-gain <= 6696.429,0.742803156375885,100.0%,91.6%,0.23
2031,0,1,0,N/A,0.5716421008110046,100.0%,87.4%,0.24
2032,0,0,1,occupation <= 8.688 and relationship > 2.494,0.822946310043335,100.0%,75.2%,0.32
2033,0,0,1,marital-status <= 3.232,0.8294967412948608,100.0%,91.8%,0.29
2034,0,0,1,education-num <= 14.133,0.9884915351867676,100.0%,95.2%,0.23
2035,0,0,1,N/A,0.9863062500953674,0.0%,77.2%,0.20
2036,0,0,1,capital-gain <= 7125.791,0.995073139667511,100.0%,92.6%,0.21
2037,0,0,1,capital-gain <= 5134.175,0.9963705539703369,100.0%,90.4%,0.18
2038,0,0,1,N/A,0.9825952053070068,0.0%,89.0%,0.22
2039,1,1,0,N/A,0.6555907130241394,0.0%,92.2%,0.22
2040,0,1,0,N/A,0.6296818852424622,100.0%,83.0%,0.23
2041,0,0,1,capital-gain <= 6455.008 and workclass > 4.27,0.722922682762146,100.0%,89.8%,0.21
2042,0,0,1,capital-gain <= 5158.158,0.9869475960731506,100.0%,78.6%,0.20
2043,0,0,1,education-num <= 8.938 and capital-gain <= 6211.484,0.9979227781295776,100.0%,86.4%,0.22
2044,0,0,1,capital-gain <= 3796.391,0.9831145405769348,100.0%,90.8%,0.21
2045,0,0,1,capital-gain <= 4275.955 and education <= 2.122,0.7051200866699219,100.0%,87.8%,0.19
2046,0,0,1,workclass > 1.35 and hours-per-week <= 50.005,0.7857042551040649,100.0%,88.6%,0.20
2047,0,0,1,capital-gain <= 6144.147,0.9636516571044922,100.0%,92.6%,0.21
2048,1,0,1,age <= 43.877,0.8117462396621704,100.0%,79.2%,0.21
2049,0,0,1,capital-gain <= 6800.415,0.9747636914253235,100.0%,89.8%,0.21
2050,0,0,1,occupation <= 10.356 and capital-gain <= 3315.435,0.9463933706283569,100.0%,87.8%,0.20
2051,0,0,1,fnlwgt > 1175.15,0.9573028683662415,100.0%,74.0%,0.19
2052,0,0,1,hours-per-week > 23.608,0.9997431039810181,100.0%,90.2%,0.24
2053,1,1,0,N/A,0.8519408106803894,100.0%,85.0%,0.22
2054,1,1,0,N/A,0.8544070720672607,100.0%,90.4%,0.24
2055,0,0,1,capital-gain <= 5803.719 and education-num <= 9.642,0.9939708709716797,100.0%,82.8%,0.22
2056,0,0,1,capital-gain <= 6718.656 and hours-per-week <= 49.274,0.9987003803253174,100.0%,93.6%,0.22
2057,0,0,1,capital-gain <= 3290.647,0.9992781281471252,100.0%,85.0%,0.21
2058,1,1,0,N/A,0.9962201714515686,100.0%,78.0%,0.23
2059,0,0,1,capital-gain <= 6801.479,0.9976668357849121,100.0%,88.6%,0.18
2060,0,0,1,capital-gain <= 5864.239,0.6353644132614136,90.7%,90.8%,0.22
2061,1,0,1,race > 3.482 and native-country <= 42.066,0.7126729488372803,100.0%,89.4%,0.20
2062,1,1,0,capital-gain <= 3984.156,0.8044723272323608,100.0%,92.4%,0.20
2063,0,0,1,N/A,0.9885851144790649,0.0%,86.6%,0.23
2064,0,0,1,capital-gain <= 5917.918 and capital-loss <= 158.254 and education-num <= 9.57,0.9983062148094177,100.0%,89.0%,0.20
2065,1,1,0,native-country <= 24.932,0.9384196996688843,100.0%,67.0%,0.19
2066,0,0,1,capital-gain <= 6791.495,0.985960066318512,100.0%,94.2%,0.21
2067,0,0,1,capital-gain <= 4576.16 and education-num > 8.298 and marital-status > 2.525 and capital-gain <= 5737.889,0.9986089468002319,100.0%,76.4%,0.20
2068,0,0,1,N/A,0.9533529877662659,0.0%,89.2%,0.25
2069,1,0,1,native-country > 30.576 and capital-gain > -2649.556,0.7475550174713135,100.0%,84.0%,0.23
2070,0,0,1,capital-gain <= 7556.662,0.9996762275695801,100.0%,93.8%,0.18
2071,0,0,1,capital-gain <= 7443.843,0.9850127696990967,100.0%,92.6%,0.30
2072,0,0,1,capital-gain <= 6776.659 and occupation <= 4.383,0.9025000333786011,99.9%,90.8%,0.21
2073,1,1,0,N/A,0.7982608675956726,100.0%,90.2%,0.23
2074,0,0,1,capital-gain <= 2593.671 and native-country <= 19.005,0.9950770139694214,100.0%,77.6%,0.22
2075,0,0,1,education-num <= 11.374 and race > 3.594 and capital-gain <= 3383.597,0.5896268486976624,100.0%,93.0%,0.23
2076,0,0,1,capital-gain <= 5573.9,0.9963132739067078,100.0%,91.6%,0.21
2077,0,0,1,capital-gain <= 7167.421,0.9735935926437378,100.0%,93.2%,0.23
2078,1,1,0,capital-gain > 5874.96,0.9984791874885559,100.0%,89.8%,0.21
2079,1,1,0,N/A,0.502483606338501,100.0%,86.2%,0.22
2080,0,0,1,education > 8.083 and marital-status > 1.503,0.951622486114502,100.0%,76.0%,0.06
2081,1,1,0,N/A,0.9011540412902832,100.0%,74.8%,0.21
2082,0,0,1,capital-gain <= 5026.261,0.9944180846214294,100.0%,90.4%,0.20
2083,0,0,1,capital-gain <= 4820.518,0.699922502040863,100.0%,87.2%,0.22
2084,0,0,1,N/A,0.9982423782348633,0.0%,79.2%,0.20
2085,0,0,1,capital-gain <= 7567.99,0.9775992631912231,100.0%,92.6%,0.22
2086,0,0,1,N/A,0.9731070399284363,0.0%,92.2%,0.23
2087,1,1,0,N/A,0.6654499769210815,100.0%,83.8%,0.24
2088,0,0,1,capital-gain <= 4884.715 and age > 30.596,0.6372104287147522,100.0%,88.2%,0.24
2089,0,0,1,N/A,0.9979625940322876,0.0%,75.6%,0.20
2090,0,0,1,N/A,0.6337742805480957,0.0%,94.0%,0.28
2091,0,0,1,capital-gain <= 15.667,0.9992390871047974,100.0%,91.4%,0.25
2092,1,0,1,capital-gain <= 4272.451 and occupation <= 3.384 and capital-gain <= 7188.912,0.5642474293708801,100.0%,92.2%,0.31
2093,0,0,1,N/A,0.8758747577667236,100.0%,84.4%,0.23
2094,1,1,0,N/A,0.9469550848007202,100.0%,86.0%,0.27
2095,0,0,1,N/A,0.9984661936759949,100.0%,80.4%,0.24
2096,0,1,0,N/A,0.6511567831039429,0.0%,95.0%,0.24
2097,0,0,1,capital-gain <= 7245.94,0.9991872906684875,100.0%,95.0%,0.24
2098,1,0,1,N/A,0.507559061050415,0.0%,91.6%,0.22
2099,0,0,1,capital-gain <= 5952.425,0.9834756851196289,100.0%,88.8%,0.23
2100,1,1,0,N/A,0.9447556138038635,100.0%,50.8%,0.25
2101,1,1,0,capital-gain > 5818.176,0.9986940026283264,100.0%,89.4%,0.06
2102,0,0,1,native-country <= 39.578,0.9682916402816772,100.0%,73.4%,0.22
2103,0,0,1,N/A,0.9981251358985901,0.0%,88.2%,0.31
2104,0,0,1,education-num <= 9.187,0.9996430277824402,100.0%,72.8%,0.28
2105,0,0,1,capital-gain <= 6788.073,0.997521162033081,100.0%,88.4%,0.22
2106,1,1,0,capital-gain <= 6446.785,0.8865637183189392,100.0%,90.2%,0.22
2107,0,0,1,N/A,0.9969910383224487,0.0%,83.4%,0.23
2108,0,0,1,sex > 0.925 and education-num <= 10.802 and marital-status > 0.835,0.7139118909835815,100.0%,90.0%,0.25
2109,0,0,1,capital-gain <= 7167.461,0.9637950658798218,100.0%,93.8%,0.23
2110,0,0,1,capital-gain <= 7031.336,0.670387864112854,100.0%,80.4%,0.19
2111,1,1,0,capital-gain > 6861.422,0.9961012601852417,100.0%,91.8%,0.23
2112,1,1,0,N/A,0.6017163395881653,0.0%,89.2%,0.22
2113,0,0,1,N/A,0.6518859267234802,0.0%,94.8%,0.22
2114,0,0,1,N/A,0.9847948551177979,0.0%,88.2%,0.21
2115,0,0,1,capital-loss > -54.666 and marital-status > -1.087,0.9946579933166504,100.0%,93.2%,0.23
2116,0,0,1,N/A,0.942925214767456,0.0%,89.0%,0.21
2117,1,0,1,capital-gain <= 6998.137,0.8623404502868652,100.0%,91.2%,0.21
2118,1,0,1,marital-status <= 4.067 and hours-per-week <= 47.023,0.5808991193771362,100.0%,88.2%,0.23
2119,0,0,1,fnlwgt > 120378.934 and occupation <= 9.124,0.8793666958808899,100.0%,92.2%,0.26
2120,0,0,1,capital-gain <= 8643.632,0.8647599220275879,100.0%,88.8%,0.23
2121,0,0,1,N/A,0.9977453947067261,0.0%,92.4%,0.22
2122,0,0,1,capital-gain <= 4364.459,0.9905195832252502,100.0%,75.8%,0.22
2123,0,0,1,capital-gain <= 7096.531,0.9969689846038818,100.0%,94.6%,0.22
2124,1,1,0,N/A,0.9872905611991882,0.0%,88.4%,0.21
2125,0,0,1,N/A,0.8985785841941833,0.0%,93.2%,0.22
2126,0,0,1,N/A,0.9172276258468628,0.0%,93.8%,0.25
2127,0,0,1,capital-gain <= 7424.25 and marital-status > 2.813 and sex <= 0.458,0.9997496008872986,100.0%,93.2%,0.27
2128,0,1,0,capital-gain <= 3892.891,0.6600080132484436,100.0%,92.0%,0.23
2129,0,0,1,N/A,0.9959923624992371,0.0%,92.0%,0.22
2130,0,0,1,native-country > 34.249 and sex <= 0.087 and capital-gain <= 6326.642,0.6268885135650635,100.0%,81.6%,0.20
2131,1,1,0,N/A,0.9995818734169006,100.0%,64.4%,0.20
2132,0,0,1,occupation > 3.386 and capital-loss > -234.033,0.9711030721664429,100.0%,76.2%,0.19
2133,0,1,0,N/A,0.7405234575271606,100.0%,76.2%,0.19
2134,1,0,1,occupation > 3.732 and marital-status > 1.716,0.6479864120483398,100.0%,91.6%,0.21
2135,0,0,1,N/A,0.993502140045166,0.0%,84.8%,0.21
2136,0,0,1,N/A,0.9645592570304871,0.0%,92.6%,0.21
2137,0,0,1,native-country > 36.893 and relationship <= 2.324,0.8677133917808533,99.8%,72.4%,0.20
2138,0,0,1,N/A,0.96932452917099,0.0%,90.4%,0.22
2139,1,1,0,capital-gain > 6767.587,0.996240496635437,100.0%,93.4%,0.21
2140,0,0,1,fnlwgt <= 242472.891 and hours-per-week <= 54.665,0.9903870224952698,100.0%,91.2%,0.32
2141,0,0,1,race > 3.704 and capital-gain <= 5503.42,0.5775712132453918,100.0%,82.6%,0.24
2142,0,1,0,N/A,0.6904160976409912,100.0%,82.2%,0.25
2143,1,1,0,hours-per-week > 55.941,0.7655942440032959,100.0%,72.6%,0.22
2144,1,1,0,N/A,0.9991599321365356,0.0%,23.8%,0.20
2145,1,1,0,N/A,0.8332592248916626,100.0%,91.0%,0.23
2146,0,0,1,capital-gain <= 6522.761,0.9388344883918762,100.0%,94.0%,0.22
2147,0,0,1,capital-gain <= 1607.578,0.9538119435310364,100.0%,89.8%,0.22
2148,0,0,1,N/A,0.8892380595207214,0.0%,92.4%,0.20
2149,0,1,0,N/A,0.5058966875076294,0.0%,89.8%,0.22
2150,0,0,1,native-country > 28.386,0.8201794624328613,100.0%,90.8%,0.21
2151,1,0,1,capital-gain <= 6980.819,0.8965793251991272,100.0%,91.2%,0.20
2152,0,0,1,hours-per-week <= 34.039,0.9981524348258972,100.0%,62.6%,0.18
2153,0,0,1,hours-per-week <= 50.199,0.9992402195930481,100.0%,71.6%,0.18
2154,0,0,1,capital-gain <= 6146.241,0.8715463876724243,100.0%,89.8%,0.20
2155,1,1,0,N/A,0.8097792863845825,100.0%,85.4%,0.19
2156,0,0,1,capital-gain <= 5651.846,0.990939199924469,100.0%,89.8%,0.20
2157,0,0,1,N/A,0.9991894364356995,0.0%,91.6%,0.22
2158,0,0,1,capital-gain <= 7072.097,0.6882262229919434,100.0%,94.0%,0.21
2159,0,0,1,capital-gain <= 4542.055,0.8927464485168457,100.0%,87.0%,0.20
2160,0,0,1,age <= 28.049 and marital-status <= 4.826,0.9816684126853943,100.0%,93.2%,0.21
2161,1,1,0,N/A,0.5417463779449463,100.0%,92.0%,0.22
2162,0,0,1,capital-gain <= 4438.613 and occupation > 0.701,0.9891072511672974,100.0%,80.6%,0.19
2163,0,0,1,capital-gain <= 6352.879,0.9778095483779907,100.0%,90.4%,0.21
2164,1,1,0,N/A,0.9654963612556458,100.0%,59.6%,0.18
2165,1,0,1,fnlwgt > 147723.414 and relationship <= 3.484,0.8022263646125793,100.0%,89.0%,0.21
2166,0,0,1,N/A,0.9803922772407532,0.0%,90.4%,0.22
2167,0,0,1,capital-gain <= 8757.452,0.8133335113525391,100.0%,86.4%,0.21
2168,0,0,1,capital-gain <= 7292.579 and occupation > 2.365,0.6644552946090698,100.0%,93.2%,0.22
2169,1,1,0,N/A,0.6174806356430054,100.0%,76.2%,0.23
2170,0,0,1,capital-gain <= 6178.881 and age > 31.143,0.9573408365249634,100.0%,91.2%,0.22
2171,1,1,0,capital-gain > 4264.417,0.9940846562385559,100.0%,85.6%,0.22
2172,0,0,1,relationship > 2.458 and capital-gain <= 5039.98,0.9957282543182373,100.0%,81.0%,0.22
2173,0,0,1,capital-gain <= 7282.811 and relationship <= 2.4,0.9894787669181824,100.0%,94.2%,0.20
2174,0,0,1,N/A,0.9784113764762878,0.0%,93.0%,0.27
2175,0,0,1,capital-gain <= 5531.858 and fnlwgt <= 199834.664,0.999687671661377,100.0%,89.6%,0.33
2176,0,0,1,capital-gain <= 3384.166 and education-num > 6.9,0.9995625019073486,100.0%,91.4%,0.24
2177,0,0,1,capital-gain <= 7295.336,0.5820609331130981,100.0%,95.0%,0.20
2178,0,0,1,occupation <= 3.671 and capital-gain <= 6265.481,0.9468764662742615,100.0%,85.4%,0.20
2179,0,0,1,education-num > 6.611 and education > 9.144,0.9268871545791626,100.0%,88.4%,0.21
2180,0,0,1,age <= 38.582 and education > 5.059,0.8050631284713745,100.0%,93.0%,0.26
2181,0,0,1,native-country <= 46.461 and marital-status <= 2.247,0.8049425482749939,100.0%,65.2%,0.20
2182,0,0,1,marital-status <= 4.219,0.9928274750709534,100.0%,93.4%,0.25
2183,1,1,0,N/A,0.8761548399925232,100.0%,65.0%,0.25
2184,0,0,1,hours-per-week <= 55.053,0.9163081049919128,100.0%,75.4%,0.24
2185,1,1,0,occupation > -0.006,0.9987389445304871,100.0%,86.4%,0.23
2186,0,0,1,capital-gain <= 7526.582,0.9895566701889038,100.0%,95.6%,0.20
2187,0,0,1,capital-gain <= 6270.706,0.8512977361679077,100.0%,91.4%,0.20
2188,0,0,1,capital-gain <= 5633.605,0.8807265162467957,96.8%,90.2%,0.21
2189,0,0,1,capital-gain <= 6798.856,0.9991293549537659,100.0%,87.8%,0.21
2190,1,1,0,N/A,0.8257683515548706,100.0%,89.8%,0.21
2191,1,1,0,N/A,0.5542693138122559,100.0%,93.6%,0.20
2192,0,0,1,N/A,0.9967881441116333,0.0%,92.8%,0.21
2193,0,0,1,capital-gain <= 6936.145,0.9165789484977722,100.0%,85.8%,0.22
2194,0,0,1,capital-gain <= 7259.665,0.85243159532547,100.0%,93.0%,0.21
2195,0,0,1,capital-loss <= 200.525,0.9813850522041321,100.0%,89.0%,0.23
2196,0,0,1,capital-gain <= 4423.573,0.9895570278167725,100.0%,83.0%,0.21
2197,0,0,1,capital-gain <= 7276.615,0.9270680546760559,100.0%,92.2%,0.23
2198,0,0,1,fnlwgt <= 279566.328,0.5908952951431274,100.0%,89.2%,0.19
2199,0,0,1,relationship > -0.018 and education-num > 5.728,0.9945034980773926,100.0%,91.8%,0.20
2200,0,0,1,race > 2.782,0.8681214451789856,100.0%,88.0%,0.22
2201,0,0,1,capital-gain <= 5823.489,0.9953124523162842,100.0%,92.2%,0.21
2202,1,1,0,capital-gain > 6773.418,0.9988607168197632,100.0%,91.4%,0.26
2203,0,0,1,capital-gain <= 6705.927 and fnlwgt > 207774.195,0.9830814003944397,100.0%,83.4%,0.25
2204,0,0,1,N/A,0.9988077282905579,0.0%,74.6%,0.22
2205,0,0,1,N/A,0.9932838678359985,0.0%,92.8%,0.33
2206,0,0,1,capital-gain <= 4379.659 and fnlwgt <= 277807.797 and education-num > 7.446,0.878360390663147,100.0%,86.2%,0.24
2207,1,1,0,N/A,0.5772122144699097,100.0%,77.0%,0.25
2208,0,0,1,N/A,0.8052899837493896,0.0%,94.0%,0.24
2209,0,0,1,hours-per-week <= 43.952,0.994607150554657,100.0%,74.0%,0.21
2210,0,0,1,capital-gain <= 7346.726,0.9938077926635742,100.0%,94.0%,0.22
2211,0,0,1,occupation <= 10.248,0.9818829894065857,100.0%,87.8%,0.20
2212,0,0,1,capital-gain <= 9267.974,0.9993099570274353,100.0%,88.8%,0.18
2213,0,0,1,capital-gain <= 8728.824,0.97798091173172,100.0%,87.4%,0.21
2214,0,0,1,education <= 11.1 and capital-gain <= 6593.809,0.9982423782348633,100.0%,81.4%,0.19
2215,0,0,1,education > 6.006 and education-num > 5.92,0.8116585612297058,100.0%,93.2%,0.21
2216,0,0,1,capital-gain <= 7235.282 and native-country <= 38.107,0.8854002356529236,100.0%,94.0%,0.20
2217,0,0,1,capital-gain <= 2796.114,0.9972245693206787,100.0%,85.6%,0.18
2218,0,0,1,capital-gain <= 2264.031,0.5476294755935669,100.0%,85.0%,0.21
2219,1,1,0,capital-gain > 6028.862,0.9920538663864136,100.0%,88.8%,0.20
2220,1,1,0,N/A,0.8649186491966248,100.0%,86.2%,0.22
2221,0,0,1,capital-gain <= 6420.872,0.928546130657196,100.0%,93.8%,0.19
2222,0,0,1,capital-gain <= 6757.334,0.9985611438751221,100.0%,87.6%,0.18
2223,0,1,0,N/A,0.7196352481842041,100.0%,89.2%,0.22
2224,0,0,1,N/A,0.7724263668060303,0.0%,77.0%,0.18
2225,0,0,1,capital-gain <= 6956.528,0.9813528656959534,100.0%,92.0%,0.20
2226,0,0,1,capital-gain <= 6875.969 and marital-status <= 2.393 and capital-gain <= 6982.709,0.7178192734718323,100.0%,93.8%,0.20
2227,0,0,1,N/A,0.9778276085853577,0.0%,89.4%,0.21
2228,0,0,1,capital-gain <= 7244.879,0.7347433567047119,100.0%,90.8%,0.20
2229,0,0,1,capital-gain <= 6204.354 and native-country > 34.392,0.9943349957466125,100.0%,90.4%,0.20
2230,0,0,1,capital-gain <= 9072.095,0.7312994599342346,100.0%,90.6%,0.20
2231,0,0,1,capital-gain <= 6304.571,0.9409306049346924,100.0%,83.4%,0.20
2232,0,0,1,capital-gain <= 3316.225,0.9975470304489136,100.0%,87.4%,0.21
2233,0,0,1,N/A,0.8924134969711304,0.0%,73.8%,0.19
2234,1,1,0,N/A,0.6414344310760498,0.0%,94.8%,0.23
2235,0,0,1,fnlwgt > 23889.39,0.9981480240821838,100.0%,73.4%,0.21
2236,0,0,1,occupation > 1.878 and native-country <= 31.838,0.852802574634552,100.0%,82.6%,0.22
2237,1,1,0,capital-gain > 4792.416,0.9989140033721924,92.6%,88.2%,0.21
2238,1,1,0,capital-gain <= 2951.907 and capital-loss > -27.963 and race > 3.731 and workclass <= 2.935,0.8843303918838501,100.0%,88.2%,0.21
2239,0,0,1,capital-gain <= 5888.273,0.9770659804344177,100.0%,89.8%,0.20
2240,0,0,1,occupation > 9.609 and capital-gain <= 5061.245,0.9988541603088379,100.0%,87.6%,0.19
2241,0,0,1,capital-gain <= 3541.305 and native-country > 33.097,0.8726157546043396,100.0%,89.0%,0.20
2242,0,0,1,native-country > 37.975 and fnlwgt <= 317929.203,0.9334882497787476,100.0%,90.4%,0.28
2243,1,1,0,N/A,0.8036791086196899,100.0%,92.8%,0.26
2244,1,0,1,capital-gain <= 3565.525,0.8358433246612549,100.0%,80.8%,0.20
2245,0,0,1,N/A,0.9978191256523132,0.0%,92.0%,0.23
2246,0,0,1,occupation > 1.361 and age > 36.275,0.8047232627868652,100.0%,68.0%,0.19
2247,0,0,1,capital-gain <= 3735.616 and marital-status > 3.307 and workclass <= 2.342 and age <= 27.963 and hours-per-week <= 43.182,0.9995241165161133,100.0%,92.2%,0.22
2248,0,0,1,relationship <= 4.396,0.9766777157783508,100.0%,92.0%,0.20
2249,0,0,1,capital-gain <= 7317.147 and marital-status <= 0.625 and fnlwgt > 207706.156,0.9444709420204163,100.0%,92.0%,0.21
2250,0,0,1,education > 11.539,0.7339197993278503,100.0%,86.4%,0.22
2251,0,0,1,capital-gain <= 4884.202 and education-num <= 10.062,0.9909610152244568,100.0%,90.6%,0.20
2252,0,0,1,relationship > 1.091 and capital-loss > -75.67 and workclass > 1.913 and occupation > 4.244,0.9914199709892273,100.0%,74.2%,0.18
2253,0,0,1,capital-gain <= 5040.822 and workclass <= 2.702,0.9793310165405273,100.0%,92.4%,0.20
2254,1,0,1,capital-gain <= 7130.998,0.5614907145500183,100.0%,86.4%,0.23
2255,0,0,1,N/A,0.8705296516418457,0.0%,91.2%,0.21
2256,1,0,1,capital-gain <= 4997.723 and education <= 3.644,0.9792269468307495,100.0%,84.4%,0.22
2257,0,0,1,capital-gain <= 8184.948,0.9989813566207886,100.0%,92.4%,0.22
2258,0,0,1,capital-loss > -201.731,0.8796932697296143,100.0%,76.6%,0.19
2259,0,0,1,marital-status > 3.262 and native-country > 31.202 and race > 3.625,0.9748919606208801,100.0%,91.0%,0.20
2260,1,0,1,education > 13.142,0.5504144430160522,100.0%,56.2%,0.22
2261,0,0,1,capital-gain <= 5676.26,0.9622418880462646,100.0%,93.4%,0.21
2262,0,0,1,capital-gain <= 6653.927,0.9994221925735474,100.0%,90.4%,0.21
2263,0,0,1,capital-gain <= 6145.119,0.9968532919883728,100.0%,89.2%,0.19
2264,0,0,1,capital-gain <= 7235.867,0.9770379066467285,100.0%,96.0%,0.21
2265,0,0,1,sex <= 0.502 and capital-gain <= 5988.708,0.9966586232185364,100.0%,88.6%,0.20
2266,0,0,1,capital-gain <= 4377.25,0.9363847374916077,100.0%,79.4%,0.18
2267,1,1,0,N/A,0.8109988570213318,0.0%,89.4%,0.22
2268,1,0,1,N/A,0.7322003245353699,0.0%,90.6%,0.21
2269,0,0,1,N/A,0.834460973739624,0.0%,77.4%,0.19
2270,0,0,1,education-num <= 12.895,0.9681477546691895,100.0%,88.0%,0.25
2271,0,0,1,capital-loss > -136.014 and capital-gain <= 5083.168,0.7407962083816528,100.0%,79.8%,0.18
2272,0,0,1,capital-gain <= 6923.512,0.9948090314865112,100.0%,91.8%,0.19
2273,0,0,1,capital-gain <= 4153.336 and age > 42.121 and capital-gain <= 6532.106,0.8220884203910828,100.0%,86.4%,0.21
2274,0,0,1,capital-gain <= 6569.492,0.9980597496032715,100.0%,88.6%,0.19
2275,0,0,1,capital-loss > -449.646 and fnlwgt <= 229547.828,0.993259847164154,100.0%,90.6%,0.22
2276,0,0,1,capital-gain <= 5657.325,0.8540502786636353,100.0%,82.2%,0.27
2277,0,0,1,capital-gain <= 7914.846,0.999200165271759,100.0%,92.4%,0.22
2278,0,0,1,native-country > 35.637 and capital-gain <= 7172.471,0.9366707801818848,100.0%,94.2%,0.21
2279,0,0,1,capital-gain <= 6175.736,0.9909014105796814,100.0%,81.8%,0.19
2280,1,0,1,capital-gain <= 6134.777,0.5887343883514404,100.0%,91.2%,0.21
2281,0,0,1,capital-gain <= 7296.836,0.9750005602836609,100.0%,92.6%,0.21
2282,0,0,1,N/A,0.9994396567344666,0.0%,89.2%,0.20
2283,0,1,0,capital-gain <= 5064.15 and age > 22.439,0.7753638625144958,100.0%,89.0%,0.22
2284,0,0,1,N/A,0.9966970682144165,0.0%,90.0%,0.23
2285,0,0,1,capital-gain <= 5625.721 and capital-loss > -181.883,0.9673345685005188,100.0%,85.2%,0.19
2286,1,0,1,education-num > 6.507,0.5047053098678589,100.0%,75.2%,0.19
2287,0,0,1,sex <= 0.175 and capital-gain <= 7136.873,0.9795798063278198,100.0%,90.0%,0.21
2288,1,1,0,N/A,0.6966489553451538,100.0%,85.4%,0.20
2289,0,0,1,education-num > 13.319 and capital-gain <= 7237.792,0.8055985569953918,100.0%,90.2%,0.22
2290,1,1,0,N/A,0.7523709535598755,100.0%,91.4%,0.20
2291,0,0,1,capital-loss > -84.203 and education > 4.277,0.8501691818237305,100.0%,78.0%,0.20
2292,0,0,1,capital-gain <= 6424.277,0.7405747175216675,100.0%,91.2%,0.22
2293,1,1,0,N/A,0.8383800983428955,100.0%,80.4%,0.21
2294,1,1,0,hours-per-week <= 53.355,0.9913449287414551,100.0%,75.6%,0.22
2295,0,0,1,N/A,0.9917910695075989,0.0%,94.0%,0.80
2296,0,0,1,capital-gain <= 7178.562,0.8125198483467102,100.0%,90.6%,0.21
2297,0,0,1,N/A,0.9969870448112488,100.0%,73.0%,0.20
2298,0,0,1,marital-status <= 2.119 and relationship > -0.929,0.9901082515716553,100.0%,89.6%,0.20
2299,0,0,1,capital-gain <= 6931.615,0.9934747219085693,100.0%,94.2%,0.23
2300,0,0,1,education-num <= 12.341 and marital-status <= 3.126,0.9093563556671143,100.0%,83.2%,0.27
2301,0,0,1,N/A,0.9299948811531067,0.0%,89.6%,0.20
2302,0,0,1,capital-gain <= 5163.521,0.9807887673377991,100.0%,90.4%,0.25
2303,0,1,0,N/A,0.6343278884887695,100.0%,92.4%,0.32
2304,0,0,1,capital-gain <= 3871.352 and hours-per-week <= 39.434,0.9969868063926697,100.0%,89.4%,0.24
2305,1,0,1,capital-gain <= 4278.247,0.50572669506073,100.0%,89.0%,0.23
2306,0,0,1,N/A,0.7749034762382507,100.0%,86.8%,0.19
2307,0,0,1,capital-gain <= 2390.273,0.9946689605712891,100.0%,87.6%,0.21
2308,0,0,1,race > 2.995 and capital-gain <= 2775.658,0.9181630611419678,100.0%,74.6%,0.17
2309,0,0,1,capital-gain <= 6920.886,0.7565216422080994,100.0%,87.6%,0.19
2310,1,1,0,marital-status <= 2.276 and education <= 10.986,0.648369550704956,100.0%,81.6%,0.21
2311,0,0,1,capital-gain <= 5736.045,0.9982132315635681,100.0%,87.8%,0.21
2312,0,0,1,capital-loss > -149.423 and marital-status <= 3.02 and native-country > 31.636,0.829297661781311,100.0%,94.0%,0.33
2313,0,0,1,capital-gain <= 4575.754,0.9957991242408752,100.0%,88.6%,0.24
2314,0,0,1,capital-gain <= 5604.603 and workclass <= 2.173,0.8851990699768066,100.0%,90.4%,0.25
2315,0,0,1,capital-gain <= 4993.306,0.8826029300689697,100.0%,88.2%,0.22
2316,0,0,1,capital-gain <= 7284.829,0.9251603484153748,100.0%,94.2%,0.20
2317,0,1,0,N/A,0.6102664470672607,100.0%,91.2%,0.23
2318,0,0,1,capital-gain <= 6710.756 and education-num > 11.103 and workclass > 0.825,0.8144689798355103,100.0%,91.8%,0.20
2319,0,0,1,N/A,0.8308970928192139,0.0%,88.2%,0.19
2320,0,0,1,relationship > -0.779 and capital-gain > -7613.299,0.9447349309921265,100.0%,85.8%,0.21
2321,1,1,0,hours-per-week <= 45.68 and capital-gain <= 3756.816 and workclass <= 0.686,0.5829419493675232,100.0%,78.0%,0.19
2322,0,0,1,N/A,0.9916641712188721,0.0%,77.4%,0.19
2323,0,0,1,capital-gain <= 6314.283,0.9994540810585022,100.0%,90.2%,0.19
2324,1,0,1,capital-gain <= 5188.431,0.5450676679611206,100.0%,90.2%,0.21
2325,1,0,1,capital-gain <= 5895.307,0.5477827787399292,100.0%,90.8%,0.18
2326,0,0,1,capital-gain <= 6805.358,0.984838604927063,100.0%,87.8%,0.21
2327,1,1,0,capital-gain <= 7103.171 and workclass <= 3.373 and education-num > 10.738,0.6452593803405762,100.0%,92.0%,0.20
2328,0,0,1,capital-gain <= 5275.729,0.9917727112770081,100.0%,90.2%,0.21
2329,0,0,1,capital-gain <= 7300.669,0.7239421010017395,100.0%,95.0%,0.20
2330,1,1,0,N/A,0.9923708438873291,100.0%,75.2%,0.19
2331,0,0,1,capital-gain <= 7183.737,0.9875584244728088,100.0%,88.8%,0.20
2332,1,0,1,capital-gain <= 7248.406,0.7733328342437744,100.0%,92.6%,0.20
2333,0,0,1,capital-gain <= 7338.785,0.9742333889007568,100.0%,93.2%,0.20
2334,1,1,0,N/A,0.7148327231407166,100.0%,79.0%,0.19
2335,1,1,0,marital-status <= 2.431 and capital-loss > 994.172,0.9410571455955505,100.0%,85.8%,0.19
2336,0,0,1,N/A,0.9859549403190613,0.0%,92.0%,0.19
2337,0,0,1,N/A,0.9823644757270813,0.0%,93.0%,0.20
2338,0,0,1,capital-gain <= 6369.166,0.9385539293289185,100.0%,92.8%,0.19
2339,1,0,1,capital-gain <= 7246.885,0.7535896897315979,100.0%,92.8%,0.21
2340,0,0,1,education-num <= 13.401 and sex > -0.022,0.9937412738800049,100.0%,92.8%,0.22
2341,0,0,1,N/A,0.8109084367752075,0.0%,89.8%,0.25
2342,0,0,1,N/A,0.9870352745056152,0.0%,87.6%,0.23
2343,0,0,1,occupation <= 10.388,0.9526922702789307,100.0%,82.0%,0.19
2344,0,0,1,capital-gain <= 6746.51,0.9951894283294678,100.0%,90.8%,0.21
2345,0,0,1,capital-gain <= 6615.218,0.9771087169647217,100.0%,90.8%,0.21
2346,1,0,1,capital-gain <= 7134.73,0.9146844744682312,100.0%,95.2%,0.19
2347,0,0,1,capital-gain <= 5173.515 and sex <= 0.149,0.9895980954170227,100.0%,93.8%,0.21
2348,0,0,1,capital-gain <= 5541.359,0.7474385499954224,100.0%,90.4%,0.21
2349,1,1,0,N/A,0.7790218591690063,100.0%,88.6%,0.24
2350,0,0,1,capital-gain <= 3800.426 and age <= 52.494 and occupation > -0.047,0.5715227127075195,100.0%,85.6%,0.31
2351,0,0,1,capital-gain <= 7214.536,0.9787988662719727,100.0%,93.2%,0.23
2352,0,0,1,education-num > 6.433,0.8782416582107544,100.0%,75.6%,0.21
2353,0,0,1,capital-gain <= 6004.897,0.9948090314865112,100.0%,94.6%,0.20
2354,0,0,1,N/A,0.714285135269165,0.0%,92.6%,0.21
2355,0,1,0,N/A,0.8208336234092712,100.0%,79.6%,0.20
2356,0,0,1,N/A,0.722693920135498,0.0%,94.2%,0.20
2357,0,0,1,capital-gain <= 5547.11,0.7743246555328369,100.0%,89.8%,0.19
2358,0,0,1,capital-gain <= 5741.974 and capital-loss > -78.256 and native-country <= 39.772,0.9891253709793091,100.0%,86.0%,0.18
2359,0,0,1,capital-gain <= 4689.275 and education <= 14.028,0.6826193332672119,100.0%,88.2%,0.21
2360,0,0,1,capital-gain <= 5468.13,0.9807068705558777,100.0%,89.8%,0.20
2361,1,1,0,capital-gain <= 7117.203 and fnlwgt > 46746.357,0.8107506036758423,100.0%,93.2%,0.22
2362,1,1,0,N/A,0.9898451566696167,100.0%,73.6%,0.19
2363,1,0,1,race <= 2.743 and education-num <= 10.372 and capital-gain <= 5565.655,0.5113218426704407,100.0%,83.4%,0.18
2364,0,0,1,capital-gain <= 6691.864,0.8186461925506592,79.9%,91.4%,0.20
2365,1,1,0,capital-gain <= 3355.53,0.6442810893058777,100.0%,87.8%,0.19
2366,0,0,1,capital-gain <= 6451.434,0.7019520998001099,100.0%,93.2%,0.21
2367,0,0,1,capital-gain <= 7146.762,0.9585328698158264,100.0%,92.6%,0.22
2368,0,0,1,race > 3.072,0.9997415542602539,100.0%,74.0%,0.18
2369,0,0,1,fnlwgt <= 183696.797 and sex > 0.909,0.5878496170043945,100.0%,90.2%,0.20
2370,1,1,0,capital-gain <= 4211.414 and occupation > 5.707,0.9869130849838257,100.0%,91.8%,0.17
2371,0,0,1,hours-per-week <= 60.098 and native-country <= 41.625,0.9427917003631592,100.0%,89.2%,0.23
2372,0,0,1,occupation > 4.637 and education-num > 8.03,0.9989390969276428,100.0%,93.0%,0.19
2373,0,0,1,N/A,0.9892545938491821,0.0%,88.0%,0.20
2374,0,0,1,relationship > -0.222,0.923377513885498,100.0%,72.8%,0.18
2375,0,0,1,N/A,0.9983802437782288,0.0%,76.4%,0.19
2376,0,0,1,N/A,0.9971094727516174,0.0%,92.2%,0.21
2377,0,0,1,race <= 2.469 and capital-gain <= 6910.959,0.9888044595718384,100.0%,90.4%,0.19
2378,0,0,1,capital-gain <= 5072.243,0.9884596467018127,100.0%,93.6%,0.22
2379,0,0,1,N/A,0.7725512981414795,100.0%,94.4%,0.22
2380,1,1,0,education-num > 13.945,0.8687912821769714,100.0%,90.4%,0.23
2381,0,0,1,capital-gain <= 7021.856,0.6902250051498413,100.0%,90.8%,0.20
2382,0,0,1,capital-gain <= 6283.381,0.756182849407196,100.0%,88.2%,0.22
2383,0,0,1,sex > 0.664 and capital-gain <= 7054.925,0.9090940356254578,100.0%,84.4%,0.19
2384,1,1,0,N/A,0.9931473135948181,100.0%,72.2%,0.19
2385,1,1,0,education-num > 14.329,0.5200371146202087,100.0%,92.6%,0.21
2386,1,1,0,N/A,0.6002700924873352,0.0%,91.0%,0.22
2387,1,0,1,education > 10.449,0.7925673127174377,100.0%,92.4%,0.32
2388,1,0,1,capital-gain <= 6600.682,0.7140015959739685,100.0%,92.6%,0.22
2389,0,0,1,relationship > 1.419 and marital-status > -0.903,0.9979268908500671,100.0%,75.6%,0.19
2390,0,0,1,N/A,0.983339250087738,0.0%,74.8%,0.19
2391,0,0,1,capital-gain <= 7218.756,0.9521287083625793,100.0%,93.2%,0.19
2392,0,0,1,N/A,0.877784013748169,0.0%,90.0%,0.20
2393,1,1,0,capital-gain > 6823.118,0.9991409778594971,100.0%,88.6%,0.22
2394,0,0,1,capital-gain <= 4409.092,0.9828741550445557,100.0%,89.0%,0.19
2395,0,0,1,N/A,0.9984551072120667,0.0%,80.2%,0.20
2396,0,0,1,N/A,0.9888153076171875,0.0%,82.2%,0.20
2397,1,1,0,N/A,0.6463395953178406,100.0%,90.8%,0.22
2398,1,1,0,N/A,0.5665390491485596,100.0%,91.4%,0.19
2399,1,1,0,N/A,0.9996808767318726,0.0%,90.4%,0.21
2400,0,0,1,capital-gain <= 5142.123,0.9910464286804199,100.0%,85.0%,0.20
2401,1,1,0,N/A,0.6978328824043274,100.0%,82.4%,0.20
2402,0,0,1,N/A,0.9679245352745056,0.0%,90.8%,0.24
2403,0,0,1,capital-gain <= 6247.719,0.5864883661270142,100.0%,91.2%,0.23
2404,0,0,1,N/A,0.9717248678207397,0.0%,87.6%,0.24
2405,1,0,1,capital-gain <= 5954.998,0.835504949092865,100.0%,85.8%,0.25
2406,0,0,1,capital-gain <= 6839.115,0.9922822713851929,100.0%,93.4%,0.22
2407,0,0,1,N/A,0.967735230922699,0.0%,94.8%,0.21
2408,0,1,0,N/A,0.6337829232215881,100.0%,88.8%,0.22
2409,1,0,1,capital-gain <= 5994.969,0.5956125259399414,100.0%,88.2%,0.21
2410,1,1,0,N/A,0.7613252997398376,0.0%,90.8%,0.21
2411,0,0,1,age <= 45.338 and capital-gain <= 6317.967,0.9786755442619324,100.0%,79.8%,0.20
2412,1,1,0,age > 47.702,0.8572750687599182,100.0%,68.0%,0.06
2413,1,0,1,native-country > 34.004 and capital-gain <= 2316.49,0.9335662126541138,100.0%,64.8%,0.07
2414,0,1,0,N/A,0.5800514817237854,0.0%,95.2%,0.22
2415,0,0,1,capital-gain <= 6964.829,0.9930732250213623,100.0%,94.6%,0.22
2416,0,0,1,fnlwgt > 25169.97,0.7736402153968811,100.0%,75.8%,0.19
2417,0,0,1,hours-per-week <= 16.364 and capital-gain <= 5055.864,0.9993479251861572,97.1%,86.8%,0.19
2418,1,1,0,capital-gain > 5939.525,0.992584764957428,100.0%,90.8%,0.22
2419,0,0,1,capital-gain <= 8630.835,0.9914590120315552,100.0%,87.8%,0.23
2420,0,0,1,capital-gain <= 6716.018,0.6006546020507812,100.0%,92.2%,0.31
2421,0,0,1,capital-gain <= 7704.62 and sex > 0.662,0.9518060088157654,100.0%,90.2%,0.23
2422,0,0,1,capital-gain <= 7219.016 and hours-per-week <= 35.078 and capital-gain <= 7328.115,0.9799466133117676,100.0%,93.4%,0.23
2423,0,0,1,capital-gain <= 5606.989,0.9914141893386841,100.0%,95.2%,0.22
2424,1,1,0,N/A,0.684744119644165,100.0%,78.8%,0.18
2425,0,1,0,capital-gain <= 6146.787,0.5511675477027893,100.0%,89.6%,0.23
2426,0,0,1,capital-loss <= 195.754,0.8579239845275879,100.0%,86.4%,0.23
2427,0,0,1,race <= 3.81 and capital-loss > -611.59,0.9996152520179749,100.0%,77.8%,0.25
2428,1,1,0,N/A,0.9973850846290588,0.0%,94.2%,0.23
2429,1,0,1,education-num > 8.794 and capital-gain <= 4534.772,0.9639027714729309,100.0%,75.6%,0.20
2430,0,0,1,capital-gain <= 6818.308,0.993704080581665,100.0%,92.6%,0.22
2431,0,0,1,capital-gain <= 6969.991,0.8100473284721375,100.0%,92.6%,0.21
2432,0,0,1,marital-status <= 2.533,0.945432186126709,100.0%,76.4%,0.19
2433,0,0,1,capital-gain <= 4644.384 and marital-status > 2.787,0.9972255825996399,100.0%,81.6%,0.22
2434,0,0,1,capital-gain <= 6869.2,0.986139178276062,100.0%,90.2%,0.21
2435,0,0,1,N/A,0.998107373714447,0.0%,74.8%,0.19
2436,0,0,1,N/A,0.9791278839111328,100.0%,77.0%,0.20
2437,1,0,1,workclass <= 2.263,0.6687842011451721,100.0%,84.6%,0.20
2438,1,1,0,N/A,0.809952437877655,100.0%,82.2%,0.21
2439,0,0,1,capital-gain <= 5116.277,0.9539479613304138,100.0%,90.0%,0.20
2440,0,0,1,capital-gain <= 5303.061 and education > 12.795,0.5516275763511658,100.0%,88.2%,0.22
2441,1,0,1,education-num > 5.33,0.6181513071060181,100.0%,92.0%,0.21
2442,0,0,1,capital-gain <= 7045.06,0.7811506986618042,100.0%,88.6%,0.22
2443,0,0,1,race <= 2.03 and capital-gain <= 5613.387 and native-country <= 38.224 and capital-gain <= 6693.999,0.9773334860801697,100.0%,89.4%,0.18
2444,1,0,1,capital-gain <= 6772.948,0.9052479863166809,100.0%,91.6%,0.20
2445,0,0,1,capital-gain <= 7884.841,0.8498793840408325,100.0%,91.8%,0.20
2446,0,0,1,education > 10.031 and sex <= 0.711 and capital-gain <= 4177.397,0.8209924101829529,100.0%,81.8%,0.21
2447,0,0,1,marital-status <= 4.21 and sex > -0.017,0.6522119045257568,100.0%,86.4%,0.22
2448,0,0,1,race <= 3.546 and capital-gain <= 4838.802,0.9882165193557739,100.0%,81.8%,0.19
2449,0,0,1,age > 37.327,0.9298689365386963,100.0%,84.6%,0.23
2450,0,0,1,occupation <= 7.254 and capital-gain <= 6680.464,0.9966480135917664,100.0%,80.4%,0.20
2451,0,0,1,N/A,0.9322373270988464,100.0%,86.8%,0.27
2452,0,0,1,capital-gain <= 4397.103,0.9493533968925476,100.0%,91.4%,0.24
2453,0,0,1,capital-gain <= 6754.846,0.9827050566673279,100.0%,88.6%,0.25
2454,0,0,1,hours-per-week <= 44.87 and relationship <= 2.742,0.9862026572227478,100.0%,92.8%,0.23
2455,1,1,0,education-num > 12.275,0.8311826586723328,100.0%,93.2%,0.24
2456,0,0,1,relationship > 0.487 and occupation <= 10.991,0.9730608463287354,100.0%,91.6%,0.22
2457,0,0,1,N/A,0.8260506987571716,0.0%,91.2%,0.21
2458,0,0,1,relationship > 0.284 and workclass <= 3.06,0.9712144732475281,100.0%,88.6%,0.23
2459,1,0,1,capital-gain <= 5096.384,0.6616376638412476,100.0%,90.8%,0.22
2460,0,0,1,hours-per-week <= 45.461 and capital-gain > -486.711 and workclass > 1.402,0.96620112657547,100.0%,92.4%,0.22
2461,0,0,1,education > 9.286 and capital-gain <= 3897.391,0.9792312979698181,100.0%,85.0%,0.19
2462,0,1,0,N/A,0.5469070076942444,100.0%,92.8%,0.25
2463,0,0,1,capital-gain <= 4923.319,0.9932420253753662,100.0%,87.2%,0.22
2464,0,0,1,native-country <= 35.157 and capital-gain <= 5060.269,0.9953199028968811,100.0%,82.2%,0.21
2465,0,0,1,capital-gain <= 4168.946,0.7704483270645142,100.0%,94.0%,0.20
2466,1,1,0,N/A,0.5199148654937744,100.0%,92.2%,0.20
2467,0,0,1,capital-gain <= 4695.662,0.977181077003479,100.0%,95.0%,0.22
2468,0,0,1,capital-gain <= 6587.611,0.8811016082763672,100.0%,93.4%,0.22
2469,0,0,1,capital-gain <= 4165.407 and workclass > 1.3 and age <= 34.707 and race <= 2.3,0.9986231923103333,100.0%,88.8%,0.21
2470,0,0,1,N/A,0.9993464946746826,100.0%,74.8%,0.19
2471,0,0,1,capital-gain <= 5018.952,0.9677538871765137,100.0%,87.4%,0.21
2472,0,0,1,marital-status > 0.974,0.5868349075317383,100.0%,93.0%,0.22
2473,0,0,1,capital-gain <= 5984.129 and occupation <= 2.749,0.9985294342041016,100.0%,90.8%,0.20
2474,0,0,1,N/A,0.9984993934631348,0.0%,77.8%,0.19
2475,0,0,1,capital-gain <= 6694.431 and race <= 4.841 and native-country > 27.672,0.8574466705322266,100.0%,90.0%,0.20
2476,1,1,0,N/A,0.8258849382400513,100.0%,90.2%,0.21
2477,0,0,1,N/A,0.9847829937934875,0.0%,94.6%,0.22
2478,0,0,1,capital-gain <= 8079.214,0.978326141834259,100.0%,95.4%,0.19
2479,1,1,0,capital-gain > 7064.509 and education-num > 9.11,0.9980502128601074,100.0%,90.2%,0.21
2480,1,0,1,capital-gain <= 6958.548 and age > 20.793 and native-country <= 39.437,0.9351658821105957,100.0%,92.2%,0.19
2481,1,1,0,capital-gain > 6943.217 and workclass > 3.507,0.9914543628692627,100.0%,83.0%,0.22
2482,0,0,1,capital-gain <= 3494.139,0.9211905598640442,100.0%,89.8%,0.28
2483,0,0,1,capital-gain <= 7085.193,0.9797627329826355,100.0%,93.8%,0.24
2484,0,0,1,capital-gain <= 4641.275,0.9014019966125488,100.0%,82.2%,0.22
2485,0,0,1,capital-gain <= 6512.119,0.9887915253639221,100.0%,91.6%,0.19
2486,0,0,1,capital-gain <= 7143.424,0.9402143359184265,100.0%,90.8%,0.20
2487,1,1,0,capital-gain > 4885.232,0.9991815686225891,100.0%,89.0%,0.21
2488,0,0,1,N/A,0.9993896484375,0.0%,91.2%,0.21
2489,0,0,1,N/A,0.9451649785041809,100.0%,88.2%,0.22
2490,0,0,1,sex <= 0.13 and education <= 15.384,0.9708801507949829,100.0%,90.4%,0.21
2491,0,0,1,capital-gain <= 3259.781,0.8955214023590088,100.0%,93.2%,0.21
2492,1,1,0,capital-gain <= 6181.416 and education-num <= 13.91,0.7154637575149536,100.0%,90.2%,0.22
2493,0,0,1,capital-gain <= 6740.825,0.9998668432235718,100.0%,89.8%,0.20
2494,0,0,1,capital-gain <= 6489.069,0.9994286298751831,99.8%,92.4%,0.21
2495,0,0,1,N/A,0.9392932653427124,0.0%,84.0%,0.19
2496,0,0,1,hours-per-week <= 24.281 and capital-gain <= 4693.866,0.9967491030693054,100.0%,85.6%,0.21
2497,0,0,1,capital-gain <= 3856.902,0.9542328119277954,100.0%,84.8%,0.21
2498,1,1,0,N/A,0.802023708820343,100.0%,82.4%,0.20
2499,1,0,1,capital-gain <= 5342.633,0.8587890267372131,100.0%,90.2%,0.22
2500,0,0,1,capital-gain <= 7308.562,0.9221845269203186,100.0%,89.4%,0.19
2501,0,0,1,capital-gain <= 7129.935,0.8244904279708862,100.0%,89.8%,0.20
2502,0,0,1,capital-gain <= 6128.459,0.5300390720367432,100.0%,88.6%,0.22
2503,0,0,1,capital-gain <= 7266.818,0.9277530908584595,100.0%,92.8%,0.23
2504,1,1,0,N/A,0.9195216298103333,100.0%,86.8%,0.27
2505,1,1,0,N/A,0.7598854899406433,100.0%,88.6%,0.24
2506,1,1,0,capital-gain <= 2003.574 and fnlwgt > -34236.221,0.9896181225776672,100.0%,76.6%,0.18
2507,0,0,1,capital-gain <= 6617.436 and capital-loss > -68.545,0.9999062418937683,100.0%,79.4%,0.19
2508,0,0,1,capital-gain <= 7062.274,0.9908806681632996,100.0%,90.2%,0.23
2509,0,1,0,N/A,0.7507051825523376,100.0%,85.0%,0.22
2510,0,0,1,capital-gain <= 4135.21,0.9660858511924744,100.0%,84.0%,0.20
2511,0,0,1,capital-gain <= 6833.029,0.7403482794761658,100.0%,92.8%,0.21
2512,0,0,1,capital-gain <= 6497.562 and marital-status <= 3.183,0.7444586157798767,100.0%,89.2%,0.26
2513,0,0,1,capital-gain <= 6919.14,0.8531920313835144,100.0%,86.0%,0.23
2514,1,1,0,capital-gain > 7064.714,0.9983943104743958,100.0%,86.8%,0.22
2515,1,1,0,education-num > 13.448 and capital-gain <= 3292.82 and hours-per-week <= 51.07 and occupation > 6.332,0.7413131594657898,100.0%,78.2%,0.20
2516,0,0,1,occupation > 2.95 and age <= 47.606,0.8962786793708801,100.0%,89.6%,0.20
2517,0,0,1,capital-gain <= 6443.078,0.9751818180084229,100.0%,92.4%,0.20
2518,0,0,1,capital-gain <= 4923.651,0.9942485094070435,100.0%,82.2%,0.22
2519,0,0,1,native-country <= 38.897,0.9800230860710144,100.0%,93.2%,0.19
2520,0,0,1,capital-gain <= 6125.134 and native-country > 33.307,0.9697439670562744,100.0%,89.4%,0.22
2521,0,0,1,hours-per-week <= 35.645 and capital-gain <= 7174.089,0.9961508512496948,100.0%,89.4%,0.21
2522,0,0,1,capital-gain <= 1972.38,0.6748917102813721,100.0%,73.4%,0.20
2523,0,0,1,capital-gain <= 5079.709,0.991527259349823,100.0%,89.0%,0.20
2524,0,0,1,capital-gain <= 8293.214,0.999309778213501,100.0%,92.8%,0.21
2525,0,0,1,N/A,0.9911403656005859,100.0%,91.0%,0.21
2526,0,0,1,capital-gain <= 4730.362 and sex > 0.587,0.9982494711875916,100.0%,93.4%,0.22
2527,0,0,1,capital-gain <= 5200.461 and relationship <= 1.804,0.9827753901481628,100.0%,90.8%,0.21
2528,0,0,1,N/A,0.5716098546981812,0.0%,95.2%,0.23
2529,0,1,0,N/A,0.5688590407371521,100.0%,82.8%,0.21
2530,0,0,1,capital-gain <= 7962.736,0.9986692667007446,100.0%,86.6%,0.21
2531,0,0,1,capital-gain <= 8287.566,0.9998624324798584,100.0%,89.2%,0.21
2532,1,0,1,marital-status <= 1.707 and capital-gain > -2598.401,0.5856741070747375,100.0%,93.2%,0.22
2533,1,1,0,N/A,0.6994670033454895,0.0%,89.2%,0.25
2534,1,1,0,N/A,0.7141858339309692,100.0%,90.4%,0.22
2535,0,0,1,capital-gain <= 5053.083,0.9743399620056152,100.0%,88.0%,0.24
2536,1,0,1,capital-gain <= 5482.691,0.5075455904006958,100.0%,92.0%,0.23
2537,0,0,1,education > 14.887 and marital-status <= 2.968 and capital-gain <= 7784.698,0.7557078003883362,100.0%,87.8%,0.26
2538,0,0,1,N/A,0.9585348963737488,0.0%,87.0%,0.22
2539,0,1,0,N/A,0.621647298336029,0.0%,91.4%,0.21
2540,0,0,1,N/A,0.9295432567596436,0.0%,92.2%,0.19
2541,0,0,1,N/A,0.7174261808395386,0.0%,92.4%,0.21
2542,0,0,1,capital-loss > -768.222,0.870854377746582,100.0%,89.4%,0.24
2543,1,0,1,education <= 16.096,0.6168463230133057,100.0%,81.2%,0.24
2544,1,0,1,capital-gain <= 7235.674,0.853287398815155,100.0%,91.8%,0.22
2545,0,0,1,capital-gain <= 7302.408,0.9888383150100708,100.0%,94.0%,0.21
2546,1,0,1,capital-gain <= 2973.661,0.6490158438682556,100.0%,79.4%,0.20
2547,1,1,0,capital-gain > 5931.752 and relationship <= 1.359,0.9991067051887512,100.0%,89.6%,0.05
2548,0,0,1,capital-gain > -3466.317 and age > 41.903,0.514989972114563,100.0%,91.0%,0.22
2549,0,0,1,workclass <= 2.938 and education-num > 8.291 and sex > -0.012,0.9950732588768005,100.0%,93.6%,0.20
2550,0,0,1,N/A,0.6568078994750977,0.0%,93.2%,0.21
2551,0,0,1,capital-gain <= 7335.714,0.9885667562484741,100.0%,95.4%,0.21
2552,0,1,0,capital-gain <= 5504.289 and fnlwgt > 58489.35 and age > 44.643,0.7635120153427124,100.0%,87.8%,0.20
2553,0,0,1,N/A,0.9786442518234253,0.0%,74.6%,0.19
2554,0,0,1,capital-gain <= 7572.015,0.9991971850395203,100.0%,86.6%,0.18
2555,0,0,1,capital-gain <= 7123.867,0.9782193303108215,100.0%,93.2%,0.21
2556,0,0,1,capital-gain <= 6070.068,0.9945340156555176,100.0%,90.0%,0.21
2557,0,0,1,capital-gain <= 6722.91 and native-country <= 41.519,0.9995331764221191,100.0%,91.4%,0.20
2558,0,0,1,sex > 0.644 and workclass > 0.958,0.6451635360717773,100.0%,78.6%,0.20
2559,1,0,1,hours-per-week <= 56.107 and relationship > -0.028,0.8491007685661316,100.0%,90.0%,0.21
2560,0,0,1,capital-gain <= 5215.316 and workclass <= 1.393,0.983360230922699,100.0%,90.0%,0.19
2561,0,0,1,capital-gain <= 6976.255,0.9855238795280457,100.0%,92.2%,0.19
2562,0,0,1,capital-gain <= 2668.769,0.6775679588317871,100.0%,79.4%,0.20
2563,1,1,0,capital-gain <= 3831.047,0.9049601554870605,100.0%,78.0%,0.20
2564,0,0,1,education-num <= 7.302 and capital-gain <= 6851.654 and education-num <= 7.397,0.9940475225448608,100.0%,90.2%,0.20
2565,1,0,1,capital-loss <= 29.739,0.5093030333518982,100.0%,76.4%,0.21
2566,0,0,1,hours-per-week <= 52.821,0.8210837841033936,100.0%,77.2%,0.20
2567,1,1,0,N/A,0.8457551598548889,100.0%,82.8%,0.20
2568,0,0,1,capital-gain <= 6721.191,0.9983066916465759,100.0%,93.8%,0.22
2569,0,0,1,education > 9.895 and capital-gain <= 7315.88,0.9742778539657593,100.0%,89.2%,0.22
2570,0,0,1,capital-gain <= 3496.674 and race <= 2.029,0.7961726188659668,100.0%,80.8%,0.20
2571,1,1,0,capital-gain <= 6089.022 and education > 6.202,0.5578130483627319,100.0%,87.8%,0.26
2572,1,1,0,N/A,0.8592460751533508,100.0%,87.4%,0.20
2573,0,0,1,capital-gain <= 6257.412,0.7898176312446594,100.0%,88.6%,0.21
2574,0,0,1,N/A,0.949025571346283,0.0%,83.8%,0.19
2575,0,0,1,N/A,0.9996023774147034,0.0%,92.4%,0.20
2576,0,0,1,N/A,0.9932677745819092,0.0%,76.2%,0.17
2577,0,0,1,capital-gain <= 6659.292 and capital-loss <= 16.11,0.8796932697296143,100.0%,91.8%,0.19
2578,0,0,1,capital-gain <= 6960.481,0.9946349263191223,100.0%,93.4%,0.21
2579,0,0,1,capital-gain <= 5175.667,0.9863311648368835,100.0%,91.0%,0.22
2580,1,1,0,N/A,0.5034255981445312,100.0%,88.4%,0.21
2581,1,1,0,capital-gain <= 7072.521 and workclass > -0.018,0.6255190968513489,100.0%,93.6%,0.21
2582,0,0,1,workclass <= 2.681,0.7751999497413635,100.0%,93.2%,0.23
2583,0,0,1,sex > 0.607 and relationship > 2.682 and capital-gain <= 5476.262,0.9989316463470459,100.0%,76.8%,0.18
2584,0,0,1,capital-gain <= 5687.996,0.9302688241004944,100.0%,93.8%,0.23
2585,1,1,0,capital-gain > 7231.779 and education-num <= 15.712 and hours-per-week > 39.099,0.9993834495544434,100.0%,94.0%,0.23
2586,0,0,1,capital-gain <= 6463.549 and race <= 2.168,0.9379166960716248,100.0%,91.4%,0.20
2587,0,0,1,capital-gain <= 7644.571,0.9856414794921875,100.0%,94.4%,0.20
2588,0,0,1,capital-loss <= 48.589 and capital-gain <= 2088.168,0.9762186408042908,100.0%,77.4%,0.18
2589,0,0,1,capital-gain <= 4934.818,0.9292367100715637,100.0%,85.6%,0.21
2590,0,0,1,capital-gain <= 4293.562,0.9603685736656189,100.0%,92.0%,0.20
2591,0,0,1,education-num <= 11.496 and occupation <= 10.041,0.9552532434463501,100.0%,89.8%,0.26
2592,0,1,0,capital-gain <= 6874.935 and workclass > 1.076,0.6255570650100708,100.0%,94.2%,0.19
2593,0,0,1,sex <= 0.435 and capital-gain <= 4275.588,0.8142760992050171,100.0%,76.6%,0.22
2594,0,0,1,relationship <= 1.26 and capital-gain <= 5464.037 and occupation > 4.566,0.9988680481910706,100.0%,87.4%,0.22
2595,1,1,0,N/A,0.6990980505943298,100.0%,79.8%,0.22
2596,0,0,1,capital-gain <= 6859.626,0.5093088150024414,100.0%,93.4%,0.20
2597,0,0,1,capital-gain <= 7277.985,0.9922852516174316,100.0%,93.2%,0.20
2598,0,0,1,capital-gain <= 5154.347,0.8025128841400146,100.0%,89.0%,0.21
2599,0,0,1,capital-gain <= 6590.959,0.9142128825187683,100.0%,90.6%,0.22
2600,1,1,0,N/A,0.8073235750198364,100.0%,84.6%,0.27
2601,1,0,1,capital-gain <= 2638.397,0.991372287273407,100.0%,88.8%,0.23
2602,1,0,1,hours-per-week > 46.091,0.860243558883667,100.0%,82.6%,0.30
2603,0,0,1,sex <= 1.15 and capital-gain <= 3047.815,0.9984099864959717,100.0%,75.6%,0.24
2604,0,0,1,race <= 4.871,0.9455029368400574,100.0%,90.8%,0.25
2605,0,1,0,capital-gain <= 5232.43,0.6413645148277283,100.0%,93.0%,0.20
2606,0,0,1,capital-gain <= 5439.041,0.9867764711380005,100.0%,90.8%,0.22
2607,0,0,1,capital-gain <= 5621.14,0.9840152859687805,100.0%,90.2%,0.21
2608,0,0,1,capital-gain <= 7238.754,0.9690957069396973,100.0%,88.0%,0.20
2609,0,0,1,capital-gain <= 4833.515,0.9988755583763123,100.0%,92.2%,0.22
2610,1,0,1,capital-gain <= 7263.907,0.7978280186653137,100.0%,93.2%,0.18
2611,0,1,0,hours-per-week <= 15.372 and relationship > 0.375,0.6736910343170166,100.0%,77.6%,0.19
2612,0,0,1,N/A,0.8767908811569214,0.0%,75.0%,0.20
2613,0,0,1,capital-gain <= 3231.245 and capital-loss <= 50.143 and relationship > 0.231,0.9832664132118225,100.0%,89.6%,0.22
2614,0,0,1,capital-gain <= 6036.294,0.8181760907173157,100.0%,93.8%,0.20
2615,0,0,1,marital-status > 2.019 and capital-gain <= 6454.877,0.9918882250785828,100.0%,80.8%,0.21
2616,0,0,1,workclass <= 3.465,0.8289690017700195,100.0%,90.0%,0.20
2617,0,0,1,capital-gain <= 7419.078,0.9995651841163635,100.0%,96.0%,0.17
2618,0,0,1,capital-loss > -192.382 and native-country > 29.541 and marital-status > 0.425,0.9606962203979492,100.0%,90.4%,0.24
2619,0,0,1,marital-status > 3.361 and capital-gain <= 7681.897,0.9981372952461243,100.0%,87.4%,0.22
2620,0,0,1,capital-gain <= 4792.758,0.993467390537262,100.0%,86.6%,0.23
2621,0,0,1,capital-gain <= 7505.359,0.9996535778045654,100.0%,94.0%,0.24
2622,0,0,1,capital-gain <= 6798.886,0.9246581792831421,100.0%,93.6%,0.25
2623,0,0,1,N/A,0.8030896782875061,100.0%,86.0%,0.23
2624,0,0,1,capital-gain <= 9831.034,0.9997434020042419,100.0%,88.0%,0.20
2625,1,1,0,capital-gain > 7225.105 and workclass > 2.675 and fnlwgt <= 337480.719 and race > 3.789,0.9983956217765808,100.0%,90.8%,0.21
2626,1,1,0,N/A,0.6385390758514404,100.0%,91.2%,0.21
2627,0,0,1,capital-gain <= 3616.455,0.9698088765144348,100.0%,81.6%,0.20
2628,0,0,1,capital-loss <= 92.877 and capital-gain <= 3885.836,0.988248348236084,100.0%,80.6%,0.19
2629,0,0,1,N/A,0.7368015050888062,0.0%,95.8%,0.20
2630,1,1,0,capital-gain > 4117.278,0.9996086955070496,100.0%,83.2%,0.26
2631,1,1,0,N/A,0.5910858511924744,100.0%,83.6%,0.21
2632,1,1,0,capital-gain <= 4924.556,0.8452028632164001,100.0%,79.2%,0.20
2633,1,1,0,capital-gain <= 5915.006,0.5671225190162659,100.0%,93.6%,0.22
2634,1,1,0,N/A,0.8604425191879272,100.0%,78.8%,0.22
2635,0,0,1,occupation <= 6.747 and fnlwgt <= 303442.188,0.5031925439834595,100.0%,82.4%,0.20
2636,0,0,1,hours-per-week > 37.697,0.9672757983207703,100.0%,92.8%,0.21
2637,0,0,1,capital-gain <= 4524.142 and sex <= 0.648,0.9463862776756287,100.0%,85.4%,0.20
2638,0,0,1,capital-gain <= 7134.492,0.7445402145385742,100.0%,94.4%,0.19
2639,0,0,1,capital-gain <= 7332.591,0.9899588823318481,100.0%,92.8%,0.21
2640,0,0,1,capital-gain <= 6488.045,0.9990236163139343,100.0%,85.2%,0.18
2641,0,0,1,education <= 5.059,0.9708400964736938,100.0%,70.0%,0.19
2642,0,0,1,capital-gain <= 5405.352 and capital-loss <= 138.037,0.985298216342926,100.0%,87.6%,0.19
2643,0,0,1,age <= 40.274,0.9431918263435364,100.0%,76.6%,0.19
2644,0,1,0,N/A,0.8446860313415527,100.0%,92.0%,0.23
2645,0,0,1,capital-gain <= 7093.934,0.7556190490722656,100.0%,89.0%,0.20
2646,1,1,0,capital-gain <= 7289.36 and marital-status <= 3.158,0.9919437170028687,100.0%,93.4%,0.23
2647,0,0,1,workclass <= 3.271,0.9943183064460754,97.6%,81.6%,0.20
2648,0,0,1,race <= 2.293 and capital-gain <= 5434.731,0.9892198443412781,100.0%,86.4%,0.19
2649,0,0,1,capital-gain <= 7532.515,0.9943656325340271,100.0%,84.8%,0.20
2650,0,0,1,capital-gain <= 3513.429,0.9981209635734558,100.0%,90.8%,0.22
2651,0,0,1,capital-gain <= 6780.76,0.8787966370582581,100.0%,93.2%,0.20
2652,0,0,1,capital-gain <= 5053.575,0.993438184261322,100.0%,88.4%,0.20
2653,0,0,1,capital-gain <= 4271.772,0.9848741292953491,100.0%,87.4%,0.21
2654,0,0,1,N/A,0.9733590483665466,100.0%,75.2%,0.20
2655,1,0,1,capital-gain <= 7043.594,0.8014917373657227,100.0%,92.4%,0.19
2656,1,1,0,capital-gain > 7127.814 and fnlwgt > 25647.427,0.9983018636703491,100.0%,92.6%,0.22
2657,0,0,1,N/A,0.9982770681381226,0.0%,73.6%,0.18
2658,0,0,1,capital-gain <= 6376.692,0.9337642788887024,100.0%,90.0%,0.22
2659,1,0,1,workclass > 1.825 and occupation <= 12.153 and hours-per-week <= 46.493,0.6835064888000488,100.0%,91.2%,0.22
2660,0,0,1,capital-gain <= 7517.601,0.9950470328330994,100.0%,94.0%,0.20
2661,0,0,1,capital-gain <= 6287.287,0.9998177289962769,100.0%,91.4%,0.27
2662,1,1,0,N/A,0.9827593564987183,0.0%,86.6%,0.23
2663,0,0,1,capital-gain <= 5506.734,0.9942287802696228,100.0%,89.6%,0.20
2664,0,1,0,N/A,0.5453700423240662,100.0%,86.0%,0.22
2665,0,0,1,capital-gain <= 5659.134,0.8508491516113281,100.0%,89.8%,0.20
2666,0,0,1,capital-loss <= 67.056 and capital-gain <= 7420.515,0.9723399877548218,100.0%,84.2%,0.19
2667,0,0,1,sex > 0.797,0.9940376281738281,100.0%,83.8%,0.19
2668,1,0,1,capital-gain > -168.53 and education-num <= 13.48,0.5391258597373962,100.0%,75.6%,0.06
2669,0,0,1,capital-gain <= 6263.961,0.9967111945152283,100.0%,91.2%,0.20
2670,1,1,0,occupation > -6.322,0.9984862804412842,100.0%,93.6%,0.21
2671,0,0,1,N/A,0.998712420463562,0.0%,93.8%,0.20
2672,0,0,1,N/A,0.9100410342216492,0.0%,93.6%,0.20
2673,0,0,1,N/A,0.980705201625824,0.0%,94.6%,0.19
2674,0,0,1,capital-gain <= 2279.364,0.8501663208007812,100.0%,88.6%,0.20
2675,1,1,0,capital-gain <= 4710.893,0.9922598004341125,100.0%,89.6%,0.18
2676,0,0,1,capital-gain <= 6658.605,0.9965082406997681,100.0%,90.2%,0.19
2677,0,0,1,capital-gain <= 4638.904 and marital-status > 2.566,0.9795920252799988,100.0%,85.6%,0.20
2678,0,0,1,N/A,0.915978193283081,0.0%,90.8%,0.21
2679,0,0,1,capital-gain <= 4050.689,0.7334870100021362,100.0%,86.0%,0.18
2680,1,0,1,capital-gain <= 5669.365,0.7527486681938171,100.0%,89.8%,0.20
2681,0,0,1,capital-gain <= 6914.507,0.9217761158943176,100.0%,93.4%,0.19
2682,0,0,1,capital-gain <= 6443.991,0.6737197637557983,100.0%,90.8%,0.20
2683,0,0,1,marital-status <= 0.294 and capital-gain <= 7229.344,0.9437377452850342,100.0%,91.8%,0.19
2684,0,0,1,capital-gain <= 4886.202,0.9201527833938599,100.0%,89.6%,0.18
2685,0,0,1,hours-per-week > 58.582,0.9530619382858276,100.0%,79.2%,0.19
2686,0,0,1,N/A,0.9899383187294006,0.0%,92.4%,0.18
2687,0,0,1,N/A,0.8331890106201172,100.0%,78.4%,0.18
2688,0,0,1,sex <= 0.339 and age <= 37.764 and capital-gain <= 6214.355,0.9851548671722412,100.0%,91.6%,0.22
2689,0,0,1,capital-gain <= 7408.758,0.993490993976593,100.0%,92.8%,0.19
2690,0,0,1,capital-gain <= 7403.942,0.977499783039093,100.0%,93.0%,0.20
2691,1,1,0,N/A,0.5027009844779968,100.0%,93.0%,0.30
2692,0,0,1,education-num <= 13.677,0.9898761510848999,100.0%,89.6%,0.19
2693,0,0,1,N/A,0.9675701260566711,0.0%,75.0%,0.18
2694,1,0,1,education-num > 4.351,0.6915062665939331,100.0%,68.8%,0.19
2695,0,0,1,capital-gain <= 8250.442,0.998020350933075,100.0%,90.8%,0.19
2696,0,0,1,fnlwgt > 198216.672 and capital-gain > -3585.759,0.9964843392372131,100.0%,87.4%,0.20
2697,0,0,1,capital-gain <= 7064.119,0.9999371767044067,100.0%,93.2%,0.20
2698,0,0,1,N/A,0.9874886274337769,0.0%,78.2%,0.18
2699,0,0,1,capital-gain <= 7091.749 and sex <= 0.35,0.9998182058334351,100.0%,88.0%,0.19
2700,1,1,0,N/A,0.9930705428123474,100.0%,76.8%,0.22
2701,0,0,1,capital-gain <= 5896.974,0.9690093398094177,100.0%,86.0%,0.20
2702,0,0,1,capital-gain <= 6806.669,0.9478687644004822,100.0%,92.4%,0.22
2703,0,1,0,N/A,0.5696002840995789,0.0%,91.4%,0.22
2704,0,0,1,capital-gain <= 6751.182,0.893536388874054,100.0%,88.2%,0.22
2705,1,0,1,capital-gain <= 6817.275 and capital-loss <= 116.092,0.9009846448898315,100.0%,91.4%,0.20
2706,0,0,1,capital-gain <= 4255.544 and marital-status > 4.568,0.998711109161377,100.0%,85.2%,0.20
2707,1,1,0,N/A,0.7621676921844482,0.0%,75.6%,0.19
2708,1,0,1,capital-gain <= 5495.09 and education-num > 7.721 and race > 2.939,0.6310973763465881,100.0%,86.0%,0.19
2709,0,0,1,N/A,0.9628867506980896,0.0%,95.0%,0.20
2710,0,1,0,N/A,0.5586341619491577,0.0%,78.2%,0.17
2711,0,0,1,capital-gain <= 7220.825,0.6181513071060181,100.0%,94.8%,0.19
2712,0,0,1,capital-gain <= 5469.804,0.999285101890564,100.0%,89.8%,0.21
2713,1,1,0,workclass > 2.912,0.9698159098625183,100.0%,75.6%,0.17
2714,0,0,1,capital-gain <= 6075.804,0.7149261236190796,100.0%,88.2%,0.19
2715,0,0,1,N/A,0.9993689656257629,0.0%,88.2%,0.20
2716,1,1,0,N/A,0.9989237189292908,0.0%,21.0%,0.19
2717,0,0,1,capital-gain <= 3442.729 and education-num > 8.685,0.9982737898826599,100.0%,78.6%,0.21
2718,0,0,1,N/A,0.9992241263389587,0.0%,91.6%,0.20
2719,0,0,1,N/A,0.9987632036209106,0.0%,90.8%,0.21
2720,0,0,1,N/A,0.999790370464325,0.0%,90.4%,0.19
2721,0,0,1,capital-gain <= 5573.972,0.5212807059288025,100.0%,88.0%,0.31
2722,0,0,1,capital-gain <= 5675.047,0.5449466705322266,100.0%,82.2%,0.23
2723,1,0,1,marital-status > -0.542,0.8937040567398071,100.0%,90.0%,0.21
2724,1,1,0,N/A,0.9708484411239624,100.0%,93.4%,0.22
2725,0,0,1,capital-gain <= 7020.217,0.9997884035110474,100.0%,93.2%,0.19
2726,0,0,1,capital-gain <= 6676.893,0.9955600500106812,100.0%,91.4%,0.21
2727,0,0,1,capital-gain <= 6219.573,0.6674156188964844,100.0%,92.6%,0.20
2728,0,0,1,hours-per-week > 44.341 and workclass > 0.917,0.7701272964477539,100.0%,92.0%,0.23
2729,0,0,1,native-country <= 40.364 and capital-loss <= 649.078,0.9821218252182007,100.0%,91.0%,0.21
2730,0,0,1,capital-gain <= 7178.863,0.9975308775901794,100.0%,95.4%,0.28
2731,0,0,1,capital-gain <= 6798.827,0.9953069686889648,100.0%,92.6%,0.19
2732,0,0,1,N/A,0.9958997964859009,0.0%,94.6%,0.20
2733,0,0,1,hours-per-week <= 16.367 and capital-gain <= 7181.515,0.9998591542243958,100.0%,91.6%,0.18
2734,1,1,0,N/A,0.8533012270927429,0.0%,85.6%,0.24
2735,0,0,1,capital-gain <= 7419.216,0.9948816299438477,100.0%,92.6%,0.21
2736,0,0,1,capital-gain <= 2683.704,0.9858998656272888,100.0%,76.6%,0.18
2737,0,0,1,capital-loss > -403.847 and sex > 0.409,0.7370109558105469,100.0%,93.6%,0.20
2738,0,0,1,capital-gain <= 7233.197,0.962981641292572,100.0%,94.8%,0.20
2739,1,1,0,N/A,0.5442607402801514,0.0%,94.0%,0.20
2740,0,0,1,capital-gain <= 8435.104,0.9957026243209839,100.0%,87.6%,0.20
2741,0,0,1,age <= 34.743 and workclass <= 3.212,0.997573733329773,100.0%,88.2%,0.18
2742,0,0,1,capital-gain <= 4325.989,0.565807044506073,100.0%,95.0%,0.20
2743,0,0,1,capital-gain <= 7187.772,0.9488789439201355,100.0%,93.8%,0.21
2744,0,0,1,capital-gain <= 5930.668,0.9990183115005493,100.0%,91.4%,0.20
2745,1,1,0,N/A,0.7843490242958069,100.0%,87.6%,0.21
2746,0,0,1,marital-status <= 4.614,0.9995719790458679,100.0%,70.8%,0.18
2747,1,0,1,capital-gain <= 6913.879,0.9074203372001648,100.0%,94.8%,0.20
2748,0,0,1,N/A,0.8286281824111938,0.0%,79.4%,0.19
2749,1,1,0,N/A,0.6559404134750366,100.0%,89.4%,0.22
2750,0,0,1,age > 44.722 and capital-gain <= 5782.061,0.9659091830253601,100.0%,84.2%,0.19
2751,1,1,0,N/A,0.9886863231658936,100.0%,75.8%,0.20
2752,0,0,1,capital-gain <= 5027.349 and race > 3.088,0.9913340210914612,100.0%,88.6%,0.23
2753,0,0,1,capital-gain <= 6744.657,0.9620652198791504,100.0%,92.2%,0.21
2754,1,1,0,N/A,0.8476116061210632,100.0%,90.6%,0.23
2755,1,0,1,capital-gain <= 5121.494,0.7493476867675781,100.0%,90.0%,0.27
2756,0,0,1,N/A,0.9760100841522217,100.0%,92.0%,0.21
2757,0,0,1,education-num <= 9.348 and capital-gain <= 6426.817,0.9612789154052734,100.0%,84.8%,0.20
2758,0,0,1,capital-gain <= 5081.079,0.5766481757164001,100.0%,89.2%,0.21
2759,0,0,1,fnlwgt <= 136472.422 and capital-gain <= 6459.437,0.986509382724762,100.0%,85.4%,0.19
2760,0,0,1,N/A,0.9950454831123352,0.0%,92.0%,0.20
2761,0,0,1,relationship <= 1.305,0.9496392607688904,100.0%,52.2%,0.17
2762,0,0,1,capital-gain <= 6540.094 and capital-loss <= 641.856 and occupation > 7.506,0.679654061794281,100.0%,93.6%,0.19
2763,0,0,1,relationship <= 1.199 and capital-gain <= 6651.921,0.9967250227928162,100.0%,83.4%,0.19
2764,0,0,1,capital-gain <= 6004.988,0.9994816184043884,100.0%,86.4%,0.19
2765,0,0,1,capital-gain <= 5076.975,0.9871202111244202,100.0%,90.0%,0.18
2766,0,0,1,capital-gain > -9316.033,0.9948920011520386,100.0%,89.8%,0.21
2767,0,0,1,education > 5.781,0.957909882068634,100.0%,73.0%,0.19
2768,1,0,1,N/A,0.9811206459999084,100.0%,86.0%,0.19
2769,0,0,1,capital-gain <= 4635.596,0.9997857213020325,100.0%,89.2%,0.18
2770,1,1,0,education-num > 13.058,0.9995514750480652,100.0%,80.0%,0.19
2771,0,0,1,fnlwgt > 201650.258 and age <= 51.862 and fnlwgt > 90801.328,0.9627363681793213,100.0%,87.6%,0.19
2772,0,0,1,native-country > 34.119,0.974019467830658,100.0%,73.2%,0.17
2773,0,0,1,capital-gain <= 5069.8 and occupation <= 2.264,0.9995291829109192,100.0%,89.6%,0.19
2774,0,0,1,workclass <= 2.603 and capital-gain > -2824.348,0.9978566765785217,100.0%,79.0%,0.20
2775,0,0,1,relationship > -0.969,0.7995061278343201,100.0%,92.0%,0.20
2776,0,0,1,capital-gain <= 6159.944,0.9940956830978394,100.0%,86.4%,0.18
2777,0,0,1,capital-gain <= 4465.316,0.8630988597869873,100.0%,87.4%,0.20
2778,0,0,1,capital-gain <= 7238.911,0.9722152948379517,100.0%,89.6%,0.20
2779,0,0,1,capital-gain <= 7010.022,0.9698153138160706,100.0%,90.6%,0.23
2780,0,0,1,capital-gain <= 10479.238,0.9835169911384583,100.0%,81.4%,0.20
2781,0,0,1,sex <= 1.095 and education-num <= 12.007,0.9990839958190918,100.0%,91.0%,0.22
2782,1,1,0,N/A,0.7744491100311279,100.0%,89.8%,0.23
2783,0,0,1,relationship > -0.969 and marital-status > 0.974,0.8031229972839355,100.0%,78.8%,0.07
2784,1,1,0,capital-loss > 797.593 and fnlwgt > 22378.036,0.9782379865646362,100.0%,71.4%,0.24
2785,0,0,1,capital-gain <= 5577.489,0.9985077977180481,100.0%,91.0%,0.22
2786,0,0,1,capital-gain <= 4222.608,0.8356363773345947,100.0%,91.4%,0.23
2787,0,0,1,capital-gain <= 6963.883,0.93105548620224,100.0%,90.8%,0.35
2788,0,0,1,N/A,0.9877775311470032,0.0%,93.0%,0.25
2789,0,0,1,capital-gain <= 6984.468,0.8427067995071411,100.0%,91.4%,0.24
2790,0,0,1,capital-gain <= 7811.703,0.9545536041259766,100.0%,92.0%,0.22
2791,1,0,1,capital-gain <= 7212.339,0.6472123861312866,100.0%,95.2%,0.20
2792,1,1,0,N/A,0.5591793060302734,100.0%,80.6%,0.20
2793,1,1,0,capital-gain > 3373.849,0.9996160268783569,100.0%,83.0%,0.22
2794,0,0,1,N/A,0.6557995080947876,0.0%,73.0%,0.18
2795,1,1,0,capital-gain <= 5349.185,0.6609852910041809,100.0%,94.4%,0.24
2796,0,0,1,sex > 0.553 and capital-loss > -534.91,0.9988973140716553,100.0%,93.0%,0.21
2797,0,0,1,fnlwgt <= 212231.055 and capital-gain <= 3312.113,0.9733792543411255,100.0%,82.6%,0.21
2798,0,0,1,capital-gain <= 5170.37,0.7159602642059326,100.0%,89.0%,0.21
2799,1,0,1,capital-gain <= 6760.489,0.9073526859283447,100.0%,94.2%,0.56
2800,0,0,1,N/A,0.9987476468086243,0.0%,78.0%,0.21
2801,0,0,1,N/A,0.9883958101272583,100.0%,85.8%,0.23
2802,0,0,1,capital-gain <= 5552.612,0.9442982077598572,100.0%,91.0%,0.28
2803,0,0,1,capital-gain <= 4711.777 and fnlwgt <= 100838.246 and age > 27.345 and relationship <= 0.782 and sex > 0.711,0.8615874648094177,100.0%,88.2%,0.27
2804,0,0,1,capital-gain <= 6780.014,0.9900491833686829,100.0%,93.0%,0.26
2805,0,0,1,N/A,0.9637366533279419,0.0%,76.0%,0.20
2806,0,0,1,capital-gain <= 5757.068,0.999279797077179,100.0%,89.4%,0.24
2807,0,0,1,capital-gain <= 2565.659,0.9978635311126709,100.0%,77.2%,0.24
2808,1,1,0,capital-gain > 6037.555,0.9972366094589233,100.0%,90.6%,0.24
2809,0,0,1,capital-loss > -42.823 and age <= 44.999,0.9477633237838745,100.0%,91.6%,0.22
2810,1,1,0,N/A,0.930597722530365,0.0%,90.6%,0.19
2811,1,0,1,capital-gain <= 6664.583,0.8182716965675354,100.0%,92.4%,0.19
2812,0,0,1,capital-gain > -10153.031,0.9634145498275757,100.0%,83.6%,0.22
2813,0,0,1,capital-gain <= 5157.371,0.961914598941803,100.0%,90.6%,0.22
2814,0,0,1,capital-gain <= 2837.88,0.9950749278068542,100.0%,85.2%,0.22
2815,1,1,0,N/A,0.8015560507774353,100.0%,90.4%,0.24
2816,0,0,1,capital-gain <= 2723.001 and education > 3.288,0.9910977482795715,100.0%,92.8%,0.29
2817,0,0,1,N/A,0.9975426197052002,0.0%,91.4%,0.20
2818,0,0,1,capital-gain <= 7109.106,0.9996429681777954,100.0%,92.6%,0.26
2819,0,0,1,education <= 7.264 and relationship > 1.687 and capital-gain <= 5600.273,0.9993725419044495,100.0%,86.4%,0.19
2820,0,0,1,capital-gain <= 7810.106,0.9979056119918823,100.0%,94.0%,0.20
2821,0,0,1,N/A,0.8754125833511353,0.0%,79.0%,0.20
2822,0,0,1,capital-gain <= 3539.447,0.9874994158744812,100.0%,89.4%,0.22
2823,0,0,1,capital-gain <= 5819.111 and occupation > 4.356,0.9986813068389893,100.0%,86.4%,0.22
2824,0,0,1,capital-gain <= 5145.724,0.9997484087944031,100.0%,88.6%,0.20
2825,0,0,1,N/A,0.9976208209991455,0.0%,93.8%,0.22
2826,0,0,1,N/A,0.7977970838546753,0.0%,89.0%,0.21
2827,0,0,1,N/A,0.9948938488960266,0.0%,91.6%,0.22
2828,0,0,1,N/A,0.6034133434295654,100.0%,88.0%,0.20
2829,0,0,1,education <= 6.112 and capital-gain <= 2538.208,0.7301623821258545,100.0%,76.2%,0.17
2830,0,0,1,capital-gain <= 4928.225,0.9717953205108643,100.0%,94.8%,0.19
2831,0,0,1,sex > 0.372 and capital-gain <= 6700.652,0.9262021780014038,100.0%,78.8%,0.19
2832,1,0,1,education > 3.162,0.5539116263389587,100.0%,91.4%,0.21
2833,0,0,1,relationship > 1.741,0.9934368133544922,100.0%,81.2%,0.22
2834,0,0,1,capital-gain <= 5845.964,0.9927942752838135,100.0%,80.4%,0.19
2835,0,0,1,capital-gain <= 6155.136,0.9996547698974609,100.0%,92.0%,0.21
2836,1,1,0,N/A,0.5583670735359192,100.0%,91.8%,0.19
2837,1,1,0,capital-gain > 5925.289,0.9995720982551575,100.0%,89.4%,0.19
2838,0,0,1,capital-gain <= 4277.244,0.7897266745567322,100.0%,85.2%,0.24
2839,1,0,1,capital-gain <= 6871.031,0.5098604559898376,100.0%,92.2%,0.19
2840,0,0,1,capital-gain <= 7901.139,0.6325176954269409,100.0%,92.0%,0.21
2841,0,0,1,capital-loss <= 187.314 and capital-gain <= 7302.344,0.9991521239280701,100.0%,81.6%,0.20
2842,0,0,1,capital-gain <= 7076.716,0.8798474669456482,100.0%,95.6%,0.18
2843,0,0,1,education > 2.53,0.9216875433921814,100.0%,76.2%,0.20
2844,0,0,1,capital-gain <= 3900.173 and education <= 12.336,0.9910560250282288,100.0%,80.4%,0.22
2845,0,0,1,capital-gain <= 2945.625 and education > 9.06 and relationship > 0.982,0.9034669399261475,100.0%,84.8%,0.18
2846,1,1,0,N/A,0.8953661918640137,100.0%,79.6%,0.19
2847,0,0,1,race <= 2.819 and capital-gain <= 4936.919,0.9710168242454529,100.0%,85.6%,0.19
2848,0,0,1,N/A,0.998775064945221,0.0%,74.0%,0.20
2849,0,0,1,capital-gain <= 8122.538,0.9995625019073486,100.0%,93.2%,0.29
2850,0,0,1,capital-gain <= 5931.953,0.9924583435058594,100.0%,91.0%,0.23
2851,0,0,1,capital-gain <= 6141.476,0.9987636804580688,100.0%,90.0%,0.22
2852,0,0,1,capital-loss > -250.068,0.9948390126228333,100.0%,79.4%,0.19
2853,0,0,1,capital-gain <= 6956.752 and fnlwgt > -8958.824 and capital-gain <= 8286.675,0.8434706926345825,100.0%,91.6%,0.21
2854,0,0,1,capital-gain <= 4704.428,0.9990406632423401,100.0%,89.8%,0.21
2855,0,0,1,fnlwgt <= 149680.555 and capital-gain <= 6246.657,0.9847017526626587,100.0%,87.8%,0.21
2856,0,0,1,capital-loss <= 124.788 and capital-gain <= 7105.715,0.9918656349182129,100.0%,84.6%,0.20
2857,0,0,1,capital-gain <= 6524.796,0.9962704181671143,100.0%,92.0%,0.20
2858,1,1,0,workclass <= 2.429 and education > 9.467,0.656710147857666,100.0%,74.2%,0.19
2859,0,0,1,capital-gain <= 5067.085 and relationship > 0.978,0.9991941452026367,100.0%,87.8%,0.20
2860,0,0,1,capital-gain <= 3957.623 and workclass <= 2.585 and occupation > 5.077,0.7289875745773315,100.0%,83.2%,0.21
2861,0,0,1,capital-gain <= 7025.676,0.9937182664871216,100.0%,92.4%,0.21
2862,0,1,0,capital-gain <= 5159.581 and age > 36.004,0.5787242650985718,100.0%,94.4%,0.22
2863,0,0,1,hours-per-week <= 45.059,0.9872863292694092,100.0%,76.0%,0.19
2864,0,0,1,capital-gain <= 7004.579,0.9934073686599731,100.0%,92.2%,0.20
2865,0,0,1,capital-gain <= 1572.925,0.9379352331161499,100.0%,75.2%,0.18
2866,0,0,1,capital-gain <= 7314.91,0.5831624269485474,100.0%,95.4%,0.26
2867,0,0,1,capital-gain <= 6373.823,0.9670726656913757,100.0%,91.2%,0.21
2868,1,1,0,N/A,0.9087917804718018,100.0%,91.4%,0.21
2869,0,0,1,capital-gain <= 6468.151,0.9707809090614319,100.0%,91.6%,0.19
2870,1,1,0,capital-gain <= 5616.847 and sex > 0.374,0.6247855424880981,100.0%,90.8%,0.21
2871,0,0,1,native-country > 37.689 and education-num > 10.861 and capital-gain <= 2844.364,0.769805908203125,100.0%,82.2%,0.23
2872,1,1,0,N/A,0.8296164870262146,100.0%,88.6%,0.20
2873,0,0,1,capital-gain <= 5711.817,0.5603396892547607,100.0%,92.0%,0.20
2874,0,0,1,capital-gain <= 4532.131 and sex <= 0.506,0.9959056973457336,100.0%,84.8%,0.19
2875,0,0,1,N/A,0.9993846416473389,0.0%,79.4%,0.18
2876,1,1,0,capital-gain <= 7212.505,0.9807736277580261,100.0%,93.6%,0.21
2877,0,1,0,N/A,0.8675722479820251,100.0%,88.6%,0.21
2878,0,0,1,native-country <= 44.41 and capital-gain <= 3660.847,0.6162322163581848,100.0%,77.2%,0.20
2879,0,0,1,capital-gain <= 6350.221,0.9711018800735474,100.0%,79.8%,0.21
2880,0,0,1,race <= 4.641 and capital-loss <= 317.401,0.6478796601295471,100.0%,90.2%,0.23
2881,0,0,1,capital-gain <= 7112.179,0.6629434823989868,100.0%,86.0%,0.27
2882,1,0,1,capital-gain <= 6584.852,0.8442099690437317,100.0%,90.8%,0.23
2883,0,0,1,relationship <= 1.256 and education <= 16.085,0.9155986905097961,100.0%,86.8%,0.21
2884,1,1,0,N/A,0.7333337664604187,100.0%,93.6%,0.22
2885,0,0,1,native-country > 34.929,0.9902117848396301,100.0%,94.0%,0.21
2886,0,1,0,N/A,0.5543808341026306,100.0%,89.6%,0.22
2887,1,0,1,workclass > 1.104 and race > 3.144,0.9484280347824097,100.0%,87.8%,0.20
2888,0,0,1,capital-gain <= 6206.6,0.9932146668434143,100.0%,92.4%,0.20
2889,0,0,1,N/A,0.9712603092193604,0.0%,81.4%,0.21
2890,0,0,1,N/A,0.9528965950012207,0.0%,92.4%,0.23
2891,1,1,0,N/A,0.9580039978027344,100.0%,70.0%,0.21
2892,0,0,1,capital-gain <= 6009.455,0.9787665009498596,100.0%,93.0%,0.19
2893,0,0,1,education-num <= 12.797,0.9298628568649292,100.0%,77.2%,0.21
2894,0,0,1,capital-gain <= 7546.315,0.6877220869064331,100.0%,92.8%,0.20
2895,0,0,1,capital-gain <= 4568.728,0.8642207980155945,99.9%,83.4%,0.22
2896,0,0,1,capital-gain <= 6526.498,0.9995927810668945,100.0%,89.8%,0.17
2897,0,0,1,capital-gain <= 5266.125 and marital-status > 0.072 and fnlwgt <= 227428.398,0.9801293015480042,100.0%,88.0%,0.20
2898,0,0,1,sex > 0.663 and marital-status > 3.251 and hours-per-week <= 32.711 and relationship > 2.382,0.9979245662689209,100.0%,67.2%,0.20
2899,1,1,0,N/A,0.6367639303207397,100.0%,90.6%,0.22
2900,0,0,1,capital-gain <= 7247.816,0.9913184642791748,100.0%,87.2%,0.22
2901,0,0,1,capital-gain <= 6366.885 and race <= 2.765,0.9848885536193848,100.0%,92.2%,0.19
2902,0,1,0,N/A,0.5723986029624939,0.0%,83.4%,0.22
2903,0,0,1,age > 36.349 and native-country > 31.231,0.9051952958106995,100.0%,88.6%,0.25
2904,0,0,1,occupation <= 6.954 and capital-loss <= 133.617 and capital-gain <= 1484.993,0.892997145652771,100.0%,77.2%,0.23
2905,0,0,1,race <= 4.649 and capital-loss > -231.443,0.984164834022522,100.0%,93.6%,0.26
2906,1,1,0,age <= 45.416 and education-num > 11.329,0.7448710203170776,100.0%,82.0%,0.24
2907,0,0,1,capital-gain <= 7313.189,0.9893210530281067,100.0%,92.8%,0.24
2908,0,0,1,occupation <= 9.122,0.8959769010543823,100.0%,92.0%,0.25
2909,0,0,1,capital-gain <= 7073.792,0.9978914260864258,100.0%,94.2%,0.19
2910,1,0,1,capital-gain <= 4671.78 and hours-per-week > 37.273 and capital-gain <= 7081.289,0.528931736946106,100.0%,91.0%,0.20
2911,0,0,1,capital-gain <= 4136.904,0.9744529724121094,100.0%,94.4%,0.20
2912,0,0,1,education > 7.786,0.8918766975402832,100.0%,74.6%,0.19
2913,0,0,1,N/A,0.9440438151359558,0.0%,91.8%,0.26
2914,0,0,1,capital-gain <= 5084.7 and education <= 12.899,0.7206839323043823,100.0%,88.4%,0.28
2915,1,1,0,education-num > 13.403 and capital-gain <= 4128.431,0.8525820970535278,100.0%,84.2%,0.29
2916,0,1,0,N/A,0.8802721500396729,100.0%,91.2%,0.22
2917,0,0,1,capital-gain <= 5968.811,0.9846348166465759,100.0%,89.8%,0.22
2918,0,0,1,marital-status <= 4.529,0.977477490901947,99.9%,87.6%,0.20
2919,0,0,1,education <= 12.415 and capital-gain <= 4639.544,0.9929677844047546,100.0%,90.2%,0.23
2920,1,1,0,N/A,0.5066315531730652,100.0%,94.6%,0.22
2921,0,0,1,capital-gain <= 8427.746,0.9730395674705505,100.0%,92.4%,0.19
2922,1,1,0,capital-gain > 3755.682,0.9982426166534424,100.0%,83.8%,0.21
2923,0,0,1,capital-gain <= 5742.638,0.9392853379249573,100.0%,89.4%,0.21
2924,0,0,1,capital-gain <= 3295.277,0.9379291534423828,100.0%,86.8%,0.20
2925,1,1,0,capital-gain <= 1820.869 and native-country <= 40.67,0.8828188180923462,100.0%,77.2%,0.19
2926,1,0,1,capital-gain <= 5674.173,0.8140997290611267,100.0%,92.2%,0.20
2927,0,0,1,occupation > 6.619 and education-num <= 10.607 and education > 9.313,0.9714941382408142,100.0%,92.0%,0.21
2928,1,1,0,hours-per-week > 15.402,0.9990167617797852,100.0%,92.0%,0.21
2929,0,0,1,capital-gain <= 5563.883,0.9988930225372314,100.0%,87.2%,0.19
2930,1,1,0,capital-gain <= 6785.207,0.9846876263618469,98.4%,84.8%,0.21
2931,0,0,1,capital-gain <= 9623.898,0.9995219707489014,100.0%,87.8%,0.20
2932,1,1,0,N/A,0.7054630517959595,100.0%,89.8%,0.20
2933,0,0,1,capital-gain <= 6718.851,0.9982503652572632,100.0%,88.8%,0.21
2934,0,0,1,education-num <= 12.738,0.8381658792495728,100.0%,91.8%,0.19
2935,0,0,1,N/A,0.8580618500709534,0.0%,86.4%,0.19
2936,0,0,1,capital-gain <= 3659.794 and race > 2.962,0.9878237247467041,100.0%,91.4%,0.20
2937,0,0,1,capital-gain <= 6588.29,0.8734410405158997,100.0%,92.4%,0.20
2938,0,0,1,capital-gain <= 5691.681,0.7891825437545776,100.0%,89.4%,0.22
2939,0,0,1,capital-gain <= 381.934 and race > 3.182 and native-country > 36.888,0.8354988098144531,100.0%,93.6%,0.22
2940,0,0,1,capital-gain <= 6441.374,0.9979539513587952,100.0%,92.6%,0.21
2941,0,0,1,capital-gain <= 7232.304 and sex > 0.949,0.9990731477737427,100.0%,90.4%,0.21
2942,0,0,1,N/A,0.999748945236206,0.0%,73.8%,0.25
2943,0,0,1,capital-gain <= 7224.398,0.9742769002914429,100.0%,93.8%,0.27
2944,0,0,1,N/A,0.911331057548523,100.0%,90.6%,0.22
2945,0,1,0,capital-gain > 5215.78 and hours-per-week <= 48.529,0.9293842911720276,100.0%,88.2%,0.20
2946,0,0,1,capital-gain <= 6689.809,0.9971304535865784,100.0%,90.8%,0.21
2947,0,0,1,capital-gain <= 4657.59 and capital-loss > -171.956,0.6948748826980591,100.0%,84.0%,0.20
2948,1,1,0,capital-gain > 4579.125,0.9972330927848816,100.0%,87.8%,0.21
2949,0,0,1,capital-gain <= 4597.764,0.942121148109436,100.0%,91.4%,0.20
2950,0,0,1,N/A,0.9874845743179321,0.0%,76.6%,0.19
2951,0,0,1,hours-per-week <= 46.901 and marital-status > 1.575 and native-country > 34.779,0.8813163638114929,100.0%,90.6%,0.20
2952,0,0,1,education-num > 4.86,0.9965447783470154,100.0%,82.4%,0.19
2953,1,1,0,N/A,0.5663440823554993,100.0%,91.4%,0.21
2954,0,0,1,occupation > 0.853 and age > 26.268 and occupation > 0.642,0.9534599184989929,100.0%,88.8%,0.20
2955,0,0,1,N/A,0.9996825456619263,0.0%,77.0%,0.17
2956,1,1,0,N/A,0.8221933245658875,100.0%,82.6%,0.22
2957,0,1,0,N/A,0.6189345121383667,100.0%,88.2%,0.21
2958,0,0,1,hours-per-week > 44.908 and capital-gain <= 5888.42,0.9869168996810913,100.0%,83.2%,0.20
2959,0,0,1,capital-gain <= 6949.461,0.7351680994033813,100.0%,94.0%,0.23
2960,0,0,1,N/A,0.9536347389221191,0.0%,92.6%,0.24
2961,0,1,0,N/A,0.6438966393470764,100.0%,77.8%,0.18
2962,0,0,1,N/A,0.985740602016449,100.0%,91.6%,0.21
2963,0,0,1,capital-loss <= 127.535 and capital-gain <= 6346.812,0.9547706246376038,100.0%,88.2%,0.20
2964,0,0,1,education <= 5.335 and capital-gain <= 7075.691,0.9954894781112671,100.0%,92.6%,0.19
2965,0,0,1,capital-gain <= 7407.428,0.9674520492553711,100.0%,94.0%,0.20
2966,0,0,1,capital-gain <= 7470.791,0.9990839958190918,100.0%,92.0%,0.19
2967,0,0,1,N/A,0.9845181107521057,0.0%,91.4%,0.20
2968,0,0,1,N/A,0.8046669960021973,0.0%,86.4%,0.21
2969,0,0,1,capital-loss > 395.876 and capital-gain <= 4815.492,0.9787077903747559,100.0%,88.4%,0.18
2970,0,0,1,education-num <= 14.442,0.9194122552871704,100.0%,86.6%,0.24
2971,0,0,1,age > 40.168 and capital-gain <= 3266.659 and occupation <= 6.287,0.7090803384780884,100.0%,72.4%,0.20
2972,0,1,0,N/A,0.6337502002716064,0.0%,88.2%,0.20
2973,0,1,0,N/A,0.7985223531723022,100.0%,82.6%,0.29
2974,0,0,1,capital-gain <= 7354.553,0.9993213415145874,100.0%,91.8%,0.22
2975,0,0,1,marital-status <= 3.606 and native-country <= 44.862,0.886849582195282,100.0%,91.6%,0.22
2976,0,0,1,occupation > 4.468 and capital-gain <= 5485.72,0.9720253944396973,100.0%,79.8%,0.21
2977,0,0,1,capital-gain <= 5668.555,0.9967634677886963,100.0%,91.0%,0.20
2978,1,0,1,capital-gain <= 3606.328 and marital-status <= 2.213 and capital-gain <= 6537.697,0.8555240631103516,100.0%,88.6%,0.20
2979,0,1,0,N/A,0.615394115447998,100.0%,74.6%,0.21
2980,0,0,1,relationship > -1.902,0.9841371774673462,100.0%,92.2%,0.19
2981,0,0,1,N/A,0.961829662322998,100.0%,73.6%,0.18
2982,0,0,1,capital-gain <= 7151.129,0.974271297454834,100.0%,93.8%,0.21
2983,0,0,1,N/A,0.993938148021698,0.0%,93.4%,0.23
2984,0,0,1,workclass > -0.085,0.8671393990516663,100.0%,86.4%,0.22
2985,1,1,0,race > 3.328 and capital-gain > 10580.461 and sex > -0.01,0.9957476258277893,100.0%,32.8%,0.18
2986,0,0,1,race > 1.456,0.9899737238883972,100.0%,92.8%,0.19
2987,0,0,1,capital-gain <= 3953.209,0.9828373789787292,100.0%,83.8%,0.19
2988,0,0,1,capital-gain <= 7064.363,0.9855901002883911,100.0%,93.6%,0.21
2989,0,1,0,race > 3.361,0.7597384452819824,100.0%,86.8%,0.22
2990,0,0,1,N/A,0.9937998652458191,100.0%,92.8%,0.21
2991,0,0,1,capital-gain <= 7347.453,0.7211449146270752,100.0%,95.6%,0.21
2992,0,0,1,education-num > 6.617 and occupation > -1.276,0.9575949907302856,100.0%,93.8%,0.21
2993,0,0,1,race > 3.237 and workclass > 1.407,0.5906590819358826,100.0%,88.8%,0.22
2994,0,0,1,sex > 0.398 and education-num <= 7.174,0.8967236280441284,100.0%,81.8%,0.18
2995,1,0,1,capital-gain <= 6395.422,0.661698579788208,100.0%,87.0%,0.22
2996,0,0,1,occupation <= 13.221,0.9991893172264099,100.0%,89.2%,0.20
2997,1,0,1,capital-gain <= 7509.642,0.7549481391906738,100.0%,91.4%,0.19
2998,0,0,1,capital-gain <= 5854.07 and hours-per-week > 37.567,0.975263774394989,100.0%,88.6%,0.21
2999,0,0,1,capital-loss > -330.58,0.7897534370422363,100.0%,78.6%,0.20
3000,0,0,1,capital-gain <= 5328.031 and workclass <= 2.196 and capital-gain <= 7507.237,0.7137461304664612,100.0%,93.2%,0.25
3001,0,0,1,N/A,0.8877272605895996,0.0%,94.0%,0.20
3002,0,0,1,capital-gain <= 4697.752,0.9506649374961853,100.0%,90.4%,0.23
3003,0,0,1,N/A,0.9991575479507446,0.0%,91.6%,0.40
3004,0,0,1,capital-gain <= 6267.065,0.9015477895736694,100.0%,89.8%,0.27
3005,0,0,1,capital-gain <= 4451.997 and marital-status > 1.2,0.9179783463478088,100.0%,84.4%,0.21
3006,0,0,1,capital-gain <= 6799.148,0.921013355255127,100.0%,94.4%,0.24
3007,0,0,1,capital-gain <= 7848.658,0.9987401366233826,97.2%,92.0%,0.20
3008,0,0,1,marital-status > 1.933 and fnlwgt <= 222884.375,0.9770135283470154,100.0%,93.2%,0.19
3009,0,0,1,capital-gain <= 4564.134 and workclass <= 2.421,0.7990313172340393,100.0%,85.4%,0.23
3010,1,0,1,capital-gain <= 5824.148,0.6557475328445435,100.0%,89.4%,0.20
3011,0,0,1,capital-gain <= 6777.524,0.7122828960418701,100.0%,91.4%,0.20
3012,0,1,0,N/A,0.61067795753479,100.0%,93.4%,0.22
3013,1,1,0,sex <= 0.152 and education > 10.438,0.9215376377105713,100.0%,85.8%,0.19
3014,0,0,1,N/A,0.9997311234474182,0.0%,90.8%,0.20
3015,0,0,1,N/A,0.994796633720398,0.0%,74.0%,0.18
3016,0,0,1,capital-gain <= 7058.869 and hours-per-week <= 53.257,0.9942444562911987,100.0%,92.8%,0.22
3017,0,0,1,N/A,0.9992287158966064,0.0%,87.6%,0.21
3018,0,0,1,capital-gain <= 5973.036,0.8575799465179443,100.0%,85.6%,0.19
3019,0,0,1,capital-gain <= 5590.814 and education-num <= 9.029,0.9719619750976562,100.0%,84.2%,0.22
3020,1,1,0,capital-gain > 3714.423,0.9800548553466797,100.0%,82.8%,0.19
3021,1,1,0,N/A,0.7050683498382568,0.0%,85.6%,0.23
3022,0,0,1,capital-gain <= 5309.938,0.9940133690834045,100.0%,90.4%,0.19
3023,0,0,1,capital-gain > -11005.313 and relationship <= 1.714,0.7588660717010498,100.0%,89.2%,0.22
3024,0,0,1,capital-gain <= 5413.202 and age <= 22.623 and marital-status <= 4.264 and capital-gain <= 5981.83,0.9993860721588135,100.0%,91.2%,0.20
3025,0,0,1,capital-gain <= 7064.213,0.9542423486709595,100.0%,87.0%,0.21
3026,0,0,1,native-country > 31.926 and age <= 40.586,0.6405913829803467,100.0%,93.4%,0.23
3027,0,0,1,N/A,0.988463819026947,0.0%,88.2%,0.20
3028,0,1,0,N/A,0.6634975075721741,100.0%,62.0%,0.22
3029,0,1,0,capital-gain <= 5210.733 and education-num > 10.148 and age <= 39.328,0.7374416589736938,100.0%,90.6%,0.23
3030,1,1,0,capital-gain > 8519.75,0.9980319142341614,100.0%,92.8%,0.21
3031,1,0,1,capital-gain <= 2861.489 and age <= 49.769,0.610642671585083,100.0%,82.6%,0.21
3032,1,1,0,capital-gain > 6935.92 and capital-loss > -251.911,0.9980560541152954,100.0%,93.8%,0.28
3033,0,0,1,capital-gain <= 6484.158,0.9964436888694763,100.0%,88.6%,0.18
3034,0,0,1,hours-per-week <= 30.727 and capital-gain <= 8065.513,0.9996618628501892,100.0%,87.2%,0.22
3035,0,0,1,capital-gain <= 3427.876,0.9997081160545349,100.0%,89.2%,0.21
3036,0,0,1,native-country <= 22.491 and capital-loss <= 116.628 and capital-gain <= 6141.146,0.8188892006874084,100.0%,81.4%,0.21
3037,0,0,1,capital-gain <= 7307.261,0.9746987223625183,100.0%,89.0%,0.21
3038,0,0,1,capital-gain <= 6960.66,0.999347448348999,100.0%,84.8%,0.18
3039,0,0,1,capital-loss <= 87.578 and capital-gain <= 6662.233,0.9990607500076294,100.0%,82.6%,0.19
3040,0,0,1,N/A,0.9997559189796448,0.0%,92.8%,0.21
3041,0,0,1,education > 9.269 and age <= 25.733 and capital-gain <= 6821.438,0.9990301728248596,100.0%,77.0%,0.06
3042,0,0,1,capital-gain <= 1227.969,0.909885823726654,100.0%,92.4%,0.20
3043,0,1,0,N/A,0.6876262426376343,100.0%,95.8%,0.21
3044,0,0,1,capital-gain <= 6319.934,0.9961866140365601,100.0%,91.0%,0.21
3045,0,0,1,capital-gain <= 7258.881,0.9611027836799622,100.0%,95.0%,0.20
3046,0,0,1,capital-gain <= 6772.666,0.9707473516464233,100.0%,78.6%,0.20
3047,0,0,1,capital-gain <= 5014.582 and education-num <= 11.504 and marital-status <= 3.913,0.5821682214736938,100.0%,91.6%,0.22
3048,0,0,1,capital-gain <= 4221.94 and race <= 2.643,0.9832186698913574,99.9%,86.0%,0.19
3049,1,1,0,occupation > 8.592 and marital-status <= 3.115 and capital-loss > 707.494,0.9649460315704346,100.0%,72.4%,0.20
3050,0,0,1,N/A,0.9149670600891113,0.0%,91.8%,0.21
3051,0,0,1,capital-gain <= 7873.41,0.9954732060432434,100.0%,93.4%,0.21
3052,0,0,1,capital-gain <= 6793.976,0.9953435659408569,100.0%,94.6%,0.22
3053,1,0,1,fnlwgt > 175982.391 and marital-status > 1.706,0.5040197372436523,100.0%,89.2%,0.20
3054,0,0,1,capital-gain <= 7121.482,0.844774067401886,100.0%,87.6%,0.23
3055,1,1,0,relationship <= 2.267,0.9866812229156494,100.0%,67.0%,0.19
3056,0,0,1,fnlwgt <= 367797.781 and race > 3.284,0.9898054003715515,100.0%,89.4%,0.20
3057,0,0,1,capital-gain <= 7397.618,0.8699223399162292,100.0%,93.4%,0.22
3058,1,0,1,capital-gain <= 8220.237,0.6672492027282715,100.0%,92.2%,0.21
3059,0,0,1,capital-gain <= 5862.423,0.9950386881828308,100.0%,94.6%,0.22
3060,0,0,1,capital-gain <= 2657.831,0.9955355525016785,100.0%,94.8%,0.22
3061,1,0,1,capital-gain <= 4462.673,0.6741328239440918,100.0%,83.6%,0.21
3062,0,0,1,capital-gain <= 6057.742,0.9048613905906677,100.0%,91.8%,0.25
3063,0,0,1,capital-gain <= 8211.012,0.987621009349823,100.0%,92.4%,0.27
3064,0,0,1,capital-gain <= 7141.658,0.9577347636222839,100.0%,93.8%,0.20
3065,0,0,1,workclass <= 3.583 and native-country <= 38.983,0.9175142049789429,100.0%,89.2%,0.22
3066,0,0,1,capital-gain <= 7909.723,0.8706164360046387,100.0%,92.6%,0.22
3067,0,0,1,capital-gain <= 6502.045 and education-num <= 12.897 and education <= 8.048,0.5402384400367737,100.0%,92.6%,0.20
3068,0,0,1,capital-gain <= 6020.744,0.9559335708618164,100.0%,70.4%,0.18
3069,0,0,1,N/A,0.9971335530281067,0.0%,76.4%,0.20
3070,1,1,0,N/A,0.5117595791816711,100.0%,90.6%,0.23
3071,1,1,0,capital-gain > 7024.307 and occupation > 2.153,0.9984807372093201,100.0%,91.8%,0.21
3072,1,1,0,capital-gain > 6940.398 and capital-loss <= 192.232,0.9980543851852417,100.0%,88.0%,0.21
3073,0,0,1,age <= 49.472 and hours-per-week <= 42.02 and age <= 60.856,0.7749332189559937,100.0%,89.4%,0.21
3074,0,0,1,capital-gain <= 6719.364,0.5726778507232666,100.0%,81.6%,0.22
3075,0,0,1,sex <= 1.241 and occupation > -1.254,0.9273412823677063,100.0%,93.8%,0.21
3076,0,0,1,workclass <= 2.901 and occupation <= 7.385,0.9949608445167542,100.0%,73.8%,0.19
3077,0,1,0,N/A,0.8182662129402161,100.0%,89.6%,0.20
3078,0,0,1,capital-gain <= 6034.733,0.9850521683692932,100.0%,91.8%,0.22
3079,0,0,1,capital-gain <= 5355.836 and race > 3.638 and age > 43.119,0.924192488193512,100.0%,91.4%,0.20
3080,0,0,1,capital-gain <= 6204.678,0.6653667688369751,100.0%,90.0%,0.21
3081,0,0,1,education > 7.35,0.7823935747146606,100.0%,66.6%,0.21
3082,0,0,1,capital-gain <= 3310.058 and workclass > 2.86 and native-country > 36.992,0.979436993598938,100.0%,87.0%,0.23
3083,0,0,1,capital-gain <= 5520.781,0.9105528593063354,100.0%,89.6%,0.22
3084,0,0,1,capital-gain <= 4397.264 and workclass <= 1.94 and capital-gain <= 5090.478,0.7416611313819885,100.0%,90.0%,0.21
3085,0,0,1,capital-gain <= 6679.976,0.9959049224853516,100.0%,91.2%,0.22
3086,0,0,1,capital-gain <= 5894.166,0.9195542931556702,100.0%,88.0%,0.23
3087,0,0,1,capital-gain <= 3060.811 and fnlwgt <= 97485.719 and capital-gain <= 4980.585,0.6579067707061768,100.0%,82.6%,0.23
3088,0,0,1,capital-gain <= 6964.084,0.9784694910049438,100.0%,92.8%,0.22
3089,0,0,1,capital-gain <= 3202.796,0.9028900265693665,100.0%,86.6%,0.22
3090,0,0,1,hours-per-week <= 51.384,0.7413039207458496,100.0%,77.8%,0.19
3091,0,0,1,capital-gain <= 7137.206,0.6289507746696472,100.0%,89.6%,0.20
3092,1,0,1,capital-gain <= 4593.728 and marital-status <= 2.232 and capital-gain <= 7942.341,0.793016791343689,100.0%,88.6%,0.30
3093,0,0,1,capital-gain <= 5647.337 and relationship > -0.353,0.7894564867019653,100.0%,88.8%,0.23
3094,1,1,0,N/A,0.5865245461463928,100.0%,82.8%,0.21
3095,1,1,0,N/A,0.6026109457015991,100.0%,93.4%,0.23
3096,0,0,1,occupation > 5.185 and capital-gain <= 6785.805,0.9952436089515686,100.0%,81.2%,0.20
3097,0,0,1,capital-gain <= 8196.403,0.9987529516220093,100.0%,92.4%,0.20
3098,0,0,1,marital-status <= 2.982 and sex > 0.784,0.6484640836715698,100.0%,93.2%,0.21
3099,0,0,1,capital-gain <= 5268.487 and race <= 4.164,0.9946915507316589,100.0%,83.0%,0.19
3100,0,0,1,capital-gain <= 4485.004,0.9327861070632935,100.0%,84.2%,0.25
3101,0,0,1,N/A,0.9995933771133423,0.0%,74.6%,0.18
3102,1,1,0,N/A,0.8423603773117065,100.0%,84.4%,0.21
3103,0,0,1,capital-gain <= 10110.125,0.9997424483299255,100.0%,85.4%,0.23
3104,0,0,1,N/A,0.5223896503448486,0.0%,95.0%,0.20
3105,0,0,1,N/A,0.9958451390266418,0.0%,92.0%,0.21
3106,0,1,0,education <= 17.09 and age > 23.318,0.6617617011070251,100.0%,72.8%,0.20
3107,1,1,0,N/A,0.5515989065170288,100.0%,90.4%,0.20
3108,0,0,1,N/A,0.9972731471061707,0.0%,80.8%,0.17
3109,0,0,1,native-country <= 20.7 and capital-gain <= 7241.073 and native-country <= 27.181,0.9350267052650452,100.0%,93.4%,0.19
3110,0,0,1,capital-loss <= 462.489,0.768017053604126,100.0%,87.4%,0.21
3111,0,0,1,age <= 25.361 and capital-gain <= 6990.048,0.9994260668754578,100.0%,92.0%,0.21
3112,0,0,1,capital-gain <= 7122.267,0.9791922569274902,100.0%,92.8%,0.20
3113,1,1,0,education > 9.672 and capital-loss > -173.605,0.9964308738708496,100.0%,87.4%,0.21
3114,0,0,1,capital-gain <= 5534.308,0.880118727684021,100.0%,88.4%,0.19
3115,0,0,1,occupation <= 7.769 and hours-per-week <= 48.19,0.8815380334854126,100.0%,85.2%,0.22
3116,0,0,1,N/A,0.9991998076438904,0.0%,75.8%,0.18
3117,0,0,1,relationship <= 1.8 and capital-gain <= 6457.606,0.8586757183074951,100.0%,83.8%,0.19
3118,0,0,1,N/A,0.9571030139923096,0.0%,90.2%,0.20
3119,0,0,1,N/A,0.693964958190918,0.0%,90.6%,0.19
3120,0,0,1,capital-gain <= 7309.449,0.8723260164260864,100.0%,94.6%,0.21
3121,1,1,0,N/A,0.7386738657951355,100.0%,95.0%,0.20
3122,0,0,1,education > 8.071 and capital-gain <= 3642.225,0.7702068090438843,100.0%,78.0%,0.18
3123,0,0,1,age <= 42.275,0.9963482618331909,100.0%,80.4%,0.17
3124,1,1,0,capital-gain > 3991.758,0.9955019354820251,100.0%,85.8%,0.20
3125,0,0,1,capital-gain <= 6640.222,0.9653478860855103,100.0%,93.4%,0.20
3126,0,0,1,capital-gain <= 7061.818,0.7537585496902466,100.0%,93.2%,0.28
3127,0,0,1,capital-gain <= 5189.876,0.9799695611000061,100.0%,88.0%,0.22
3128,0,0,1,capital-gain <= 6299.07 and fnlwgt <= 228047.352 and age <= 42.039,0.8606657981872559,100.0%,90.8%,0.24
3129,0,0,1,capital-gain <= 5510.445,0.9892162680625916,100.0%,90.0%,0.20
3130,0,0,1,N/A,0.8678007125854492,0.0%,93.8%,0.20
3131,0,0,1,native-country <= 41.846 and capital-gain <= 4979.593,0.8582504391670227,100.0%,80.4%,0.18
3132,0,0,1,marital-status > 1.551 and capital-loss > -217.226,0.6267741322517395,100.0%,75.6%,0.18
3133,0,0,1,hours-per-week <= 29.022 and capital-gain <= 6794.513 and race <= 2.419,0.99725741147995,100.0%,90.2%,0.18
3134,0,0,1,relationship > -0.659,0.9555631875991821,100.0%,91.6%,0.22
3135,0,0,1,capital-gain <= 6011.152 and capital-loss <= 41.984 and capital-gain <= 10045.172,0.9932992458343506,100.0%,91.0%,0.23
3136,0,0,1,capital-gain <= 5035.684,0.978659451007843,100.0%,86.8%,0.20
3137,0,0,1,capital-gain <= 7250.802,0.7343882322311401,100.0%,93.6%,0.19
3138,0,0,1,capital-gain <= 6555.286 and age <= 35.075,0.9977299571037292,100.0%,86.4%,0.20
3139,1,0,1,N/A,0.6193680167198181,100.0%,80.0%,0.19
3140,0,0,1,capital-gain <= 2106.585,0.998384416103363,100.0%,83.2%,0.19
3141,0,0,1,capital-gain <= 3647.631 and fnlwgt > 28728.663,0.6401062607765198,100.0%,88.8%,0.18
3142,0,0,1,capital-gain <= 4775.533 and occupation <= 2.34 and capital-gain <= 7584.905,0.9990172982215881,100.0%,94.6%,0.19
3143,0,0,1,education-num > 7.261,0.9088225960731506,100.0%,77.0%,0.18
3144,1,0,1,capital-gain <= 5049.01 and relationship <= 0.688 and capital-gain <= 7160.806,0.5998496413230896,100.0%,88.4%,0.21
3145,1,0,1,capital-gain <= 7163.034,0.7035143375396729,100.0%,94.6%,0.23
3146,1,0,1,capital-gain <= 7439.453,0.7532901167869568,100.0%,92.0%,0.21
3147,0,0,1,capital-gain <= 4068.686,0.5767049789428711,100.0%,85.8%,0.21
3148,1,1,0,capital-gain <= 5922.498 and marital-status > -1.077,0.9575506448745728,100.0%,89.6%,0.20
3149,0,0,1,N/A,0.963876485824585,0.0%,92.4%,0.21
3150,1,1,0,N/A,0.7210428714752197,100.0%,82.2%,0.24
3151,0,0,1,capital-gain <= 6777.438,0.7351205348968506,100.0%,89.8%,0.22
3152,0,0,1,capital-gain <= 7011.693 and age > 24.395 and capital-gain <= 7558.531,0.9101639986038208,100.0%,94.2%,0.20
3153,0,0,1,capital-gain <= 5278.979 and fnlwgt <= 163209.719,0.8677243590354919,100.0%,92.0%,0.20
3154,0,0,1,capital-gain <= 6379.837,0.9961438775062561,100.0%,86.0%,0.19
3155,1,0,1,education > 10.694,0.9300615787506104,100.0%,80.8%,0.20
3156,1,1,0,N/A,0.5963852405548096,0.0%,94.0%,0.22
3157,0,0,1,N/A,0.94748455286026,0.0%,91.0%,0.21
3158,0,0,1,N/A,0.9995613098144531,0.0%,92.6%,0.21
3159,0,0,1,N/A,0.9863645434379578,0.0%,93.6%,0.19
3160,0,0,1,capital-gain <= 4970.399,0.999622642993927,100.0%,89.8%,0.18
3161,0,0,1,capital-gain <= 5688.331,0.965753436088562,100.0%,91.6%,0.20
3162,1,0,1,N/A,0.8548507690429688,0.0%,90.6%,0.20
3163,0,0,1,relationship > 0.752 and occupation <= 3.89,0.9968537092208862,100.0%,90.0%,0.21
3164,0,0,1,native-country > 24.124,0.9957363605499268,100.0%,90.6%,0.28
3165,1,0,1,N/A,0.9321293234825134,0.0%,88.2%,0.22
3166,0,0,1,N/A,0.8768562078475952,0.0%,89.4%,0.24
3167,0,0,1,relationship <= 3.658 and marital-status > 1.283,0.9993349313735962,100.0%,95.2%,0.22
3168,0,0,1,capital-gain <= 6317.084,0.999301552772522,100.0%,91.8%,0.22
3169,0,0,1,capital-gain <= 5207.44,0.6032001972198486,100.0%,88.6%,0.23
3170,0,0,1,education > 8.176 and education-num > 5.345,0.7829616069793701,100.0%,88.6%,0.21
3171,0,0,1,N/A,0.6726203560829163,0.0%,86.8%,0.20
3172,0,0,1,capital-gain <= 5876.242,0.9849024415016174,100.0%,90.8%,0.19
3173,0,0,1,capital-gain <= 5121.813,0.9340961575508118,100.0%,90.8%,0.20
3174,1,0,1,N/A,0.9553683996200562,100.0%,79.6%,0.19
3175,0,0,1,race > 3.468 and fnlwgt > 173657.094,0.9990431666374207,100.0%,70.0%,0.20
3176,1,1,0,capital-gain > 6445.742,0.999656081199646,100.0%,91.4%,0.23
3177,1,1,0,N/A,0.9563438296318054,100.0%,84.6%,0.19
3178,0,0,1,capital-loss <= 65.168 and capital-gain <= 4504.887,0.994361400604248,100.0%,84.8%,0.19
3179,1,1,0,N/A,0.9957495927810669,0.0%,22.0%,0.17
3180,0,0,1,capital-gain <= 7101.378,0.6498768329620361,100.0%,90.8%,0.22
3181,0,0,1,fnlwgt > 138815.047 and capital-gain <= 6289.717,0.9993351697921753,100.0%,81.4%,0.19
3182,1,1,0,capital-gain > 6733.122 and age > 50.23,0.9923475980758667,100.0%,91.2%,0.21
3183,0,0,1,N/A,0.9613955020904541,100.0%,72.0%,0.18
3184,0,0,1,N/A,0.9819276332855225,0.0%,85.2%,0.20
3185,0,0,1,capital-gain <= 909.156,0.9820210933685303,100.0%,77.8%,0.18
3186,0,0,1,marital-status > 3.388 and education-num > 7.617,0.9997962117195129,100.0%,77.2%,0.19
3187,0,0,1,capital-gain <= 5125.942 and relationship > -0.093,0.9969609379768372,100.0%,82.6%,0.18
3188,0,0,1,N/A,0.6805893778800964,0.0%,91.2%,0.18
3189,0,0,1,fnlwgt > -1075.095 and capital-loss > -147.361,0.7409011125564575,100.0%,92.4%,0.24
3190,0,0,1,capital-gain <= 7169.278 and native-country <= 32.528,0.9951865077018738,100.0%,90.2%,0.23
3191,0,0,1,capital-gain <= 7666.93,0.8956538438796997,100.0%,93.8%,0.30
3192,1,0,1,capital-gain <= 4716.118,0.6132342219352722,100.0%,88.8%,0.23
3193,0,0,1,capital-gain <= 5001.811 and capital-loss > -33.636 and capital-gain <= 5855.664,0.6400026082992554,100.0%,88.6%,0.24
3194,1,1,0,N/A,0.6966700553894043,100.0%,88.0%,0.22
3195,0,0,1,race > 3.259,0.9142128825187683,100.0%,79.6%,0.24
3196,1,0,1,age <= 48.088 and hours-per-week <= 46.023,0.5700037479400635,100.0%,91.6%,0.26
3197,1,1,0,capital-gain > 5911.017,0.9995461106300354,100.0%,89.6%,0.22
3198,1,1,0,N/A,0.7793296575546265,0.0%,93.4%,0.25
3199,0,0,1,capital-gain <= 3978.547 and age > 12.698,0.9982771277427673,100.0%,85.2%,0.23
3200,0,0,1,N/A,0.5262902975082397,100.0%,88.2%,0.35
3201,0,0,1,capital-gain <= 3360.699,0.9981623888015747,100.0%,93.6%,0.22
3202,0,0,1,capital-gain <= 5894.669,0.9983369708061218,100.0%,90.2%,0.30
3203,1,0,1,workclass <= 2.264,0.6868196725845337,100.0%,76.4%,0.27
3204,0,0,1,capital-gain <= 6291.57 and marital-status > 0.863 and capital-loss > -32.362,0.9909769892692566,100.0%,78.6%,0.23
3205,1,1,0,N/A,0.6045451760292053,100.0%,89.8%,0.22
3206,0,0,1,capital-gain <= 5926.639,0.949741005897522,100.0%,90.2%,0.21
3207,0,0,1,occupation > 8.181 and capital-gain <= 7134.595,0.9967628717422485,100.0%,89.2%,0.20
3208,0,0,1,N/A,0.9994019865989685,100.0%,82.2%,0.21
3209,0,0,1,N/A,0.8146197199821472,0.0%,75.8%,0.18
3210,0,0,1,native-country > 30.024 and marital-status > 1.751,0.9728731513023376,100.0%,86.6%,0.21
3211,0,1,0,capital-gain <= 3990.814 and workclass <= 2.448,0.7982922792434692,100.0%,84.2%,0.20
3212,0,0,1,N/A,0.9992601275444031,0.0%,89.0%,0.21
3213,0,0,1,capital-gain <= 5228.014,0.875272274017334,100.0%,83.4%,0.19
3214,0,0,1,marital-status > 0.936,0.9969474077224731,100.0%,90.0%,0.20
3215,0,0,1,capital-gain <= 6802.953,0.9936712980270386,100.0%,92.6%,0.22
3216,0,0,1,capital-gain <= 5624.236,0.943230390548706,100.0%,87.4%,0.19
3217,0,0,1,capital-gain <= 4715.04 and occupation > 9.308 and race > 3.758 and capital-gain <= 8694.449,0.9955602288246155,100.0%,88.2%,0.21
3218,0,0,1,hours-per-week <= 63.431,0.5896851420402527,100.0%,92.8%,0.22
3219,1,0,1,education > 9.153,0.7575035691261292,100.0%,67.0%,0.19
3220,1,0,1,capital-gain <= 2964.823,0.5998496413230896,100.0%,93.6%,0.21
3221,1,1,0,N/A,0.777302622795105,100.0%,86.2%,0.22
3222,0,0,1,N/A,0.7276067733764648,0.0%,89.0%,0.21
3223,1,0,1,N/A,0.5128239393234253,0.0%,91.8%,0.21
3224,1,1,0,N/A,0.5234076380729675,100.0%,91.0%,0.24
3225,0,0,1,race <= 4.308,0.5054888725280762,100.0%,87.4%,0.24
3226,0,0,1,capital-gain <= 6871.554,0.9863047003746033,100.0%,93.8%,0.23
3227,0,0,1,capital-gain <= 2481.027,0.6754095554351807,100.0%,89.6%,0.21
3228,0,0,1,capital-gain <= 7254.691,0.956501841545105,100.0%,95.2%,0.23
3229,0,0,1,capital-gain <= 3809.067,0.8801915645599365,100.0%,94.8%,0.23
3230,1,1,0,N/A,0.9314874410629272,100.0%,56.8%,0.23
3231,1,1,0,N/A,0.6469921469688416,0.0%,92.6%,0.29
3232,0,0,1,fnlwgt > 106955.406 and native-country <= 42.171,0.9821059703826904,100.0%,75.0%,0.20
3233,0,0,1,N/A,0.9990412592887878,0.0%,94.6%,0.22
3234,0,0,1,race > 3.804,0.9989583492279053,99.2%,74.8%,0.20
3235,1,1,0,N/A,0.7214228510856628,100.0%,94.0%,0.23
3236,0,0,1,capital-gain <= 5089.546,0.7199582457542419,100.0%,90.6%,0.22
3237,0,0,1,N/A,0.9400612711906433,0.0%,88.4%,0.20
3238,0,0,1,capital-gain <= 5033.257,0.999469518661499,100.0%,80.4%,0.19
3239,1,0,1,capital-gain <= 4650.563,0.5659818649291992,100.0%,89.6%,0.20
3240,0,0,1,capital-gain <= 6248.159,0.9541619420051575,100.0%,90.4%,0.19
3241,1,1,0,N/A,0.8677505850791931,100.0%,78.4%,0.20
3242,0,0,1,hours-per-week <= 53.388,0.9955798387527466,100.0%,74.4%,0.19
3243,0,0,1,capital-gain <= 7242.26,0.9838248491287231,100.0%,94.8%,0.20
3244,0,0,1,education-num > 5.568 and sex > 0.651,0.9859057664871216,100.0%,93.4%,0.21
3245,0,0,1,marital-status > 2.614 and sex <= 0.113 and hours-per-week <= 46.714 and sex <= 0.249,0.9804232120513916,100.0%,75.8%,0.20
3246,0,0,1,occupation > 0.294,0.9994122982025146,100.0%,75.0%,0.20
3247,0,0,1,education-num <= 7.704,0.9480197429656982,100.0%,87.4%,0.19
3248,0,0,1,capital-gain <= 6239.69,0.9303172826766968,100.0%,91.0%,0.20
3249,0,0,1,sex <= 0.57 and age <= 26.704,0.9997625350952148,100.0%,75.8%,0.19
3250,1,0,1,capital-gain <= 5503.577,0.6411226391792297,100.0%,88.0%,0.20
3251,0,0,1,capital-gain <= 5370.946,0.9711704850196838,99.0%,80.6%,0.19
3252,1,0,1,capital-gain <= 4345.948,0.843238115310669,100.0%,88.2%,0.20
3253,0,0,1,education <= 15.913 and education-num <= 10.271 and capital-gain <= 980.97,0.9240714311599731,100.0%,92.4%,0.23
3254,1,0,1,capital-gain <= 4409.272 and capital-loss > -227.55,0.8507024049758911,100.0%,84.2%,0.19
3255,1,1,0,hours-per-week > 42.551 and fnlwgt > 63493.09,0.9985629916191101,100.0%,88.4%,0.22
3256,0,0,1,N/A,0.9980043172836304,0.0%,77.8%,0.18
3257,0,0,1,capital-gain <= 7185.316,0.8081693649291992,100.0%,94.4%,0.21
3258,0,0,1,N/A,0.9715359807014465,0.0%,82.8%,0.20
3259,0,0,1,capital-gain <= 2728.697,0.9920823574066162,100.0%,89.2%,0.19
3260,0,0,1,marital-status > 1.945 and sex <= 1.468 and education > 10.66,0.8106421232223511,100.0%,89.2%,0.21
3261,0,0,1,capital-gain <= 5064.818 and capital-loss > -264.898,0.9991570115089417,100.0%,93.4%,0.23
3262,1,1,0,N/A,0.7475810050964355,100.0%,88.2%,0.22
3263,0,0,1,N/A,0.8816335797309875,0.0%,91.4%,0.20
3264,0,0,1,capital-loss > -205.683 and native-country > 27.589,0.9736546874046326,100.0%,92.8%,0.24
3265,0,0,1,capital-gain <= 7404.833,0.5036877393722534,100.0%,89.4%,0.24
3266,0,0,1,capital-gain <= 7126.533,0.7277282476425171,100.0%,93.2%,0.23
3267,0,0,1,N/A,0.883461058139801,0.0%,76.6%,0.18
3268,0,0,1,capital-gain <= 4713.473 and age > 34.07 and capital-gain <= 7762.522,0.7764410376548767,100.0%,94.6%,0.27
3269,0,0,1,capital-gain <= 6796.684,0.5860995054244995,100.0%,91.8%,0.31
3270,1,1,0,N/A,0.9995869994163513,0.0%,23.2%,0.20
3271,0,0,1,capital-gain <= 7521.609,0.99860018491745,100.0%,87.4%,0.19
3272,0,0,1,capital-gain <= 7079.485,0.9941292405128479,100.0%,93.6%,0.19
3273,0,0,1,capital-gain <= 4780.535 and marital-status > 2.126,0.7114642858505249,100.0%,87.0%,0.20
3274,1,1,0,N/A,0.5406715869903564,100.0%,91.2%,0.22
3275,0,0,1,capital-gain <= 5119.047,0.9404914379119873,99.9%,85.0%,0.21
3276,1,0,1,capital-gain <= 7256.953,0.7354176044464111,100.0%,92.0%,0.20
3277,1,1,0,N/A,0.8335776925086975,100.0%,81.4%,0.20
3278,0,0,1,capital-gain <= 5614.022,0.9987517595291138,100.0%,89.6%,0.21
3279,1,1,0,N/A,0.9926130771636963,100.0%,85.4%,0.21
3280,0,0,1,capital-gain <= 2465.881 and race <= 2.572 and capital-gain <= 7046.908,0.9973253011703491,100.0%,92.6%,0.21
3281,0,0,1,capital-gain <= 6739.904,0.9838793873786926,100.0%,93.8%,0.21
3282,0,0,1,N/A,0.9751846790313721,0.0%,74.8%,0.19
3283,0,0,1,capital-gain <= 6284.78,0.9983531832695007,100.0%,93.2%,0.19
3284,0,0,1,fnlwgt > 137504.383 and hours-per-week <= 57.075,0.949260950088501,100.0%,93.0%,0.21
3285,1,1,0,N/A,0.9884445667266846,100.0%,73.4%,0.19
3286,0,0,1,capital-gain <= 6883.13,0.9926257729530334,100.0%,93.2%,0.20
3287,1,0,1,N/A,0.7536154985427856,0.0%,93.8%,0.21
3288,0,0,1,age <= 24.046 and capital-gain <= 4139.629,0.9998442530632019,100.0%,83.0%,0.21
3289,0,0,1,capital-gain <= 3836.867 and fnlwgt > 25848.306,0.991413950920105,100.0%,88.8%,0.20
3290,1,1,0,hours-per-week > 34.636,0.973785400390625,100.0%,91.4%,0.22
3291,1,1,0,capital-gain > 6836.458 and marital-status > 0.649,0.9989318251609802,100.0%,91.8%,0.21
3292,1,1,0,N/A,0.6770527958869934,100.0%,89.4%,0.23
3293,0,0,1,capital-gain <= 5824.408,0.9987809658050537,100.0%,90.0%,0.19
3294,1,0,1,marital-status > -0.693 and capital-gain <= 2159.77,0.9371294975280762,100.0%,94.8%,0.21
3295,0,0,1,N/A,0.9621358513832092,100.0%,72.8%,0.19
3296,0,0,1,age > 19.829 and native-country > 22.624,0.9993640780448914,100.0%,77.8%,0.18
3297,0,0,1,capital-gain <= 6676.638,0.748211145401001,100.0%,93.4%,0.31
3298,0,0,1,capital-gain <= 6953.075,0.9267835021018982,100.0%,92.4%,0.23
3299,0,0,1,capital-gain <= 5506.857,0.9465304017066956,100.0%,92.0%,0.20
3300,0,0,1,capital-gain <= 6961.519,0.999772846698761,100.0%,93.2%,0.24
3301,0,0,1,education <= 8.364 and relationship <= 1.32 and occupation > -0.294,0.9207844734191895,100.0%,87.2%,0.20
3302,0,0,1,capital-gain <= 6074.286,0.9863529801368713,100.0%,87.6%,0.22
3303,1,1,0,N/A,0.6073891520500183,100.0%,86.4%,0.62
3304,0,0,1,capital-gain <= 4551.602,0.8837130665779114,100.0%,87.2%,0.21
3305,1,0,1,capital-gain <= 6525.218 and age <= 42.199,0.6559644937515259,100.0%,92.2%,0.22
3306,1,0,1,capital-gain <= 7289.696,0.8557463884353638,100.0%,94.6%,0.23
3307,0,0,1,N/A,0.9900972843170166,100.0%,86.8%,0.21
3308,0,0,1,N/A,0.9891995191574097,0.0%,76.0%,0.18
3309,1,1,0,N/A,0.8784852027893066,100.0%,82.2%,0.21
3310,0,0,1,N/A,0.9977309703826904,0.0%,93.8%,0.20
3311,0,0,1,capital-gain <= 7233.344,0.9816875457763672,100.0%,76.8%,0.18
3312,0,0,1,capital-gain <= 7186.917,0.988616943359375,100.0%,95.0%,0.22
3313,0,0,1,workclass > 3.568 and native-country <= 42.352,0.6313967704772949,100.0%,86.2%,0.20
3314,0,0,1,occupation > 1.464 and fnlwgt > 104494.844,0.7041720151901245,100.0%,94.2%,0.22
3315,0,0,1,N/A,0.9994701147079468,100.0%,81.8%,0.21
3316,0,0,1,capital-gain <= 7073.829,0.9800166487693787,100.0%,91.2%,0.19
3317,0,0,1,capital-gain <= 6364.397,0.887328028678894,100.0%,93.6%,0.22
3318,0,0,1,capital-gain <= 4380.396,0.8659884929656982,100.0%,89.6%,0.22
3319,0,0,1,race <= 4.831 and capital-gain <= 4389.57,0.6476132869720459,100.0%,91.6%,0.22
3320,1,1,0,N/A,0.9514168500900269,100.0%,94.4%,0.20
3321,0,0,1,capital-gain <= 4287.245,0.976188063621521,100.0%,85.2%,0.19
3322,0,0,1,capital-gain <= 1522.978 and relationship <= 0.78 and age <= 51.649,0.5977535247802734,100.0%,88.0%,0.20
3323,1,1,0,N/A,0.9983407258987427,0.0%,93.2%,0.21
3324,0,0,1,marital-status <= 2.885 and capital-gain <= 7117.148,0.7083329558372498,100.0%,81.8%,0.19
3325,0,0,1,race > 3.581 and capital-loss <= 169.084,0.9594671726226807,100.0%,84.6%,0.20
3326,0,1,0,N/A,0.5076149702072144,100.0%,89.4%,0.22
3327,0,0,1,race > 3.006 and fnlwgt > 180197.586,0.9956470131874084,100.0%,87.6%,0.21
3328,1,1,0,capital-gain > 4233.91,0.9997463822364807,100.0%,87.0%,0.20
3329,1,1,0,N/A,0.6638709306716919,100.0%,86.8%,0.27
3330,0,0,1,workclass > 1.457,0.969921350479126,100.0%,91.8%,0.25
3331,0,0,1,race <= 4.301 and native-country <= 43.891,0.9982922673225403,100.0%,75.2%,0.21
3332,0,0,1,capital-gain <= 5997.323,0.8069787621498108,100.0%,91.4%,0.20
3333,0,0,1,occupation > 3.596,0.9980821013450623,100.0%,91.8%,0.21
3334,1,1,0,capital-gain <= 3594.354 and native-country > 36.289,0.7037298679351807,100.0%,84.6%,0.21
3335,1,1,0,N/A,0.9992790818214417,0.0%,25.0%,0.18
3336,0,0,1,capital-gain <= 7392.015,0.9994196891784668,100.0%,92.0%,0.20
3337,0,0,1,capital-gain <= 6628.796,0.908968985080719,100.0%,92.2%,0.20
3338,1,1,0,capital-gain <= 7233.978 and age > 3.308,0.8235973119735718,100.0%,93.4%,0.21
3339,1,0,1,capital-gain <= 6026.651 and marital-status <= 2.65,0.5200692415237427,100.0%,92.2%,0.20
3340,0,0,1,capital-gain <= 6276.332,0.8377835154533386,100.0%,90.8%,0.21
3341,0,0,1,capital-gain <= 6448.957,0.9996001124382019,100.0%,83.2%,0.19
3342,0,0,1,relationship > 1.408 and capital-gain <= 699.859,0.9826323986053467,100.0%,74.4%,0.22
3343,0,0,1,hours-per-week <= 30.761 and capital-gain <= 3172.933,0.9444048404693604,100.0%,81.6%,0.19
3344,1,0,1,N/A,0.6481623649597168,0.0%,92.0%,0.20
3345,0,0,1,capital-gain <= 7768.38,0.9905392527580261,100.0%,91.0%,0.20
3346,0,0,1,N/A,0.6391198635101318,0.0%,90.0%,0.22
3347,0,0,1,capital-gain > 1377.032 and race > 1.953,0.9759626388549805,100.0%,88.0%,0.19
3348,0,0,1,capital-gain <= 6460.584 and age <= 25.483,0.995421826839447,100.0%,91.8%,0.21
3349,1,1,0,capital-gain <= 5790.377 and capital-loss > -442.543,0.8578150868415833,100.0%,90.8%,0.23
3350,0,0,1,relationship > -1.08,0.9683808088302612,100.0%,94.2%,0.22
3351,1,0,1,N/A,0.6181339621543884,100.0%,82.0%,0.23
3352,0,0,1,capital-gain <= 5238.284 and hours-per-week > 37.005 and workclass > 2.885,0.7056102752685547,100.0%,89.2%,0.23
3353,0,1,0,capital-gain <= 4352.656 and capital-loss <= 368.888,0.8340544104576111,100.0%,86.4%,0.21
3354,1,0,1,age <= 33.574 and education-num <= 11.064 and fnlwgt > 73703.785,0.9206135272979736,100.0%,89.0%,0.30
3355,0,0,1,capital-gain <= 4308.094 and native-country > 33.989 and age <= 22.155,0.999454915523529,100.0%,84.2%,0.22
3356,0,0,1,capital-gain <= 7290.641,0.9918825030326843,100.0%,95.6%,0.23
3357,0,0,1,capital-gain <= 4114.816 and fnlwgt > 47875.172 and capital-gain <= 7058.246,0.7750754356384277,100.0%,87.4%,0.20
3358,1,1,0,N/A,0.7639893889427185,100.0%,81.8%,0.20
3359,0,0,1,capital-gain <= 4522.411,0.7773741483688354,100.0%,81.8%,0.20
3360,0,0,1,capital-loss <= 7.545 and native-country > 35.905 and capital-gain <= 4215.134 and race > 3.011,0.968189001083374,100.0%,91.4%,0.21
3361,0,0,1,capital-gain <= 5858.597,0.9945385456085205,100.0%,91.6%,0.20
3362,1,1,0,hours-per-week <= 46.55 and marital-status <= 2.889 and hours-per-week <= 51.756 and race > 3.486,0.8141974806785583,100.0%,88.6%,0.22
3363,0,0,1,capital-loss <= 411.684 and education-num > 7.619,0.9760567545890808,100.0%,88.2%,0.21
3364,1,0,1,native-country > 32.764 and marital-status > 1.675 and capital-gain > -6073.387,0.5410453081130981,100.0%,92.2%,0.21
3365,0,0,1,native-country > 33.464 and capital-gain <= 3274.461,0.9925460815429688,100.0%,77.6%,0.19
3366,1,0,1,capital-gain <= 2231.344 and native-country > 28.196 and sex <= 1.017,0.6399248838424683,100.0%,88.0%,0.20
3367,0,0,1,race > 3.139 and hours-per-week <= 51.497,0.9991189241409302,100.0%,89.2%,0.21
3368,0,0,1,capital-gain <= 6653.342 and hours-per-week <= 40.334,0.9983797073364258,100.0%,93.2%,0.21
3369,0,1,0,N/A,0.5876567363739014,100.0%,85.6%,0.21
3370,0,0,1,capital-gain <= 7138.702,0.9797790050506592,100.0%,94.0%,0.20
3371,0,1,0,education-num > 13.855,0.6694832444190979,100.0%,71.0%,0.18
3372,0,0,1,capital-gain <= 6746.354,0.8033750057220459,100.0%,90.6%,0.19
3373,0,0,1,capital-gain <= 6981.411,0.9987462162971497,100.0%,93.6%,0.21
3374,0,0,1,capital-gain <= 5298.998 and marital-status <= 4.503,0.9996307492256165,100.0%,90.8%,0.20
3375,0,0,1,occupation > -0.137,0.9933079481124878,100.0%,89.0%,0.21
3376,1,0,1,capital-gain <= 4993.631,0.6523230671882629,100.0%,90.4%,0.19
3377,0,0,1,N/A,0.8364025354385376,0.0%,72.6%,0.18
3378,0,0,1,race <= 4.308 and capital-loss > -232.706 and marital-status <= 3.329,0.905290424823761,100.0%,91.0%,0.21
3379,0,0,1,capital-gain <= 4916.639,0.9409691691398621,100.0%,91.0%,0.20
3380,1,1,0,N/A,0.997867226600647,0.0%,93.2%,0.21
3381,1,0,1,capital-gain <= 5521.163,0.9679799675941467,100.0%,79.0%,0.27
3382,1,1,0,N/A,0.9736977815628052,100.0%,76.6%,0.19
3383,0,1,0,capital-gain <= 7174.309,0.5914419293403625,100.0%,93.2%,0.20
3384,1,1,0,N/A,0.8080381155014038,100.0%,85.0%,0.20
3385,1,1,0,N/A,0.8046208620071411,0.0%,92.6%,0.20
3386,0,1,0,capital-gain <= 4944.539 and marital-status <= 2.418,0.5179107785224915,100.0%,93.4%,0.20
3387,0,0,1,N/A,0.998796284198761,0.0%,73.8%,0.18
3388,1,1,0,capital-gain > 3580.155,0.9994580149650574,100.0%,80.4%,0.18
3389,1,1,0,N/A,0.5530827641487122,100.0%,87.0%,0.20
3390,0,0,1,capital-gain <= 2309.671,0.9918882250785828,100.0%,92.8%,0.20
3391,0,0,1,N/A,0.9717937111854553,0.0%,93.2%,0.19
3392,0,0,1,capital-gain <= 6420.582,0.9722619652748108,100.0%,90.8%,0.21
3393,0,0,1,age > 52.565 and capital-gain <= 4955.168,0.7852175831794739,100.0%,86.6%,0.19
3394,0,0,1,sex > 0.374 and fnlwgt <= 130434.25 and workclass > 0.575,0.9996820688247681,100.0%,75.8%,0.19
3395,0,0,1,capital-gain <= 5570.909,0.8947283625602722,100.0%,91.2%,0.17
3396,1,1,0,capital-gain > 6691.189 and race > 3.439,0.9996998310089111,100.0%,92.6%,0.22
3397,0,0,1,N/A,0.9422324895858765,0.0%,87.4%,0.20
3398,0,0,1,capital-gain <= 6766.67,0.6403700113296509,100.0%,93.8%,0.22
3399,0,1,0,N/A,0.8545573949813843,100.0%,89.8%,0.21
3400,0,0,1,capital-gain <= 1535.779,0.992402195930481,100.0%,89.8%,0.23
3401,0,0,1,capital-gain <= 7340.006,0.9424058198928833,100.0%,92.8%,0.21
3402,0,1,0,N/A,0.5076085925102234,0.0%,92.6%,0.22
3403,0,0,1,N/A,0.9989063143730164,0.0%,90.8%,0.21
3404,0,0,1,marital-status <= 2.745 and capital-gain <= 7900.642,0.9492743611335754,100.0%,84.2%,0.20
3405,0,0,1,capital-gain <= 3631.85,0.7516435384750366,100.0%,90.2%,0.23
3406,0,0,1,sex > 0.572 and capital-gain <= 6218.322,0.6500869989395142,100.0%,83.8%,0.25
3407,0,0,1,capital-gain <= 7037.293,0.9909554123878479,100.0%,92.4%,0.23
3408,0,1,0,N/A,0.519084632396698,0.0%,85.8%,0.19
3409,0,0,1,capital-gain <= 2323.292 and marital-status > 2.49 and capital-gain <= 5803.77,0.9995207786560059,100.0%,83.6%,0.20
3410,0,0,1,capital-gain <= 5898.005,0.9900661110877991,100.0%,90.6%,0.19
3411,1,0,1,capital-gain <= 3587.815,0.6457511186599731,100.0%,90.2%,0.20
3412,0,0,1,capital-gain <= 8265.54,0.9996672868728638,100.0%,92.4%,0.20
3413,0,0,1,capital-gain <= 4207.593,0.9795647859573364,100.0%,75.0%,0.18
3414,1,1,0,N/A,0.5910155773162842,100.0%,88.4%,0.22
3415,0,0,1,age <= 39.386 and capital-gain <= 2923.016 and fnlwgt <= 147976.578 and capital-gain <= 5949.611,0.9983689188957214,100.0%,78.4%,0.19
3416,0,1,0,N/A,0.5151524543762207,100.0%,85.6%,0.22
3417,1,1,0,capital-gain <= 1112.174 and education <= 8.32,0.9632468819618225,100.0%,80.6%,0.20
3418,0,1,0,N/A,0.6783190965652466,100.0%,89.2%,0.23
3419,0,0,1,occupation <= 8.328,0.9690096974372864,100.0%,74.6%,0.20
3420,0,0,1,N/A,0.8593467473983765,0.0%,84.6%,0.20
3421,0,0,1,capital-gain <= 2887.387,0.7721703052520752,100.0%,78.6%,0.20
3422,0,1,0,N/A,0.6982143521308899,100.0%,92.4%,0.18
3423,0,0,1,workclass <= 2.334 and capital-gain <= 3976.327,0.8592686653137207,100.0%,78.4%,0.19
3424,1,1,0,N/A,0.5937151312828064,0.0%,92.4%,0.20
3425,0,0,1,N/A,0.9752950072288513,0.0%,90.6%,0.22
3426,1,1,0,N/A,0.9910586476325989,100.0%,79.4%,0.19
3427,1,1,0,N/A,0.6241328120231628,100.0%,93.8%,0.21
3428,0,0,1,age <= 31.616 and capital-gain <= 4538.018,0.9991757869720459,100.0%,87.0%,0.19
3429,0,0,1,capital-gain <= 7156.802,0.6337270140647888,100.0%,93.2%,0.21
3430,0,0,1,capital-gain <= 5360.988,0.8731422424316406,100.0%,79.6%,0.19
3431,0,0,1,N/A,0.9980506896972656,0.0%,76.0%,0.21
3432,1,0,1,education-num <= 12.49,0.7258752584457397,100.0%,88.6%,0.30
3433,0,0,1,N/A,0.9452515244483948,100.0%,72.4%,0.22
3434,0,0,1,N/A,0.9408364295959473,0.0%,92.8%,0.21
3435,0,0,1,N/A,0.9886256456375122,0.0%,85.8%,0.23
3436,0,0,1,N/A,0.9982782006263733,100.0%,77.0%,0.21
3437,0,0,1,capital-gain <= 4668.323,0.999478816986084,100.0%,91.4%,0.20
3438,0,0,1,fnlwgt <= 256005.5 and relationship > 0.603 and capital-gain <= 1648.502,0.9560638666152954,100.0%,68.0%,0.18
3439,1,1,0,N/A,0.9768138527870178,100.0%,76.6%,0.20
3440,1,1,0,N/A,0.9922845363616943,100.0%,70.8%,0.20
3441,1,1,0,N/A,0.7542585134506226,100.0%,87.8%,0.20
3442,0,0,1,capital-gain <= 3197.14,0.9967173933982849,100.0%,88.4%,0.22
3443,1,1,0,education <= 11.234,0.9980959296226501,100.0%,89.4%,0.24
3444,1,1,0,capital-gain > 7617.008 and race > 3.765,0.998005211353302,100.0%,93.2%,0.21
3445,0,0,1,capital-gain <= 6397.751,0.9843758344650269,100.0%,90.6%,0.21
3446,0,0,1,capital-gain <= 7304.937,0.9962698817253113,100.0%,95.6%,0.19
3447,0,0,1,N/A,0.9334536194801331,0.0%,76.0%,0.17
3448,0,0,1,capital-gain <= 7103.341,0.8593108654022217,100.0%,93.4%,0.19
3449,1,1,0,N/A,0.962459146976471,0.0%,73.2%,0.18
3450,0,0,1,occupation > -1.544 and capital-gain <= 5410.947,0.6550827026367188,100.0%,93.4%,0.20
3451,0,0,1,N/A,0.9747869968414307,0.0%,74.2%,0.17
3452,1,1,0,capital-gain > 5243.415,0.9993759989738464,100.0%,87.4%,0.19
3453,0,0,1,capital-gain <= 6387.152 and education <= 12.556,0.8856127858161926,100.0%,92.8%,0.20
3454,0,0,1,capital-gain <= 7033.451,0.9987332820892334,100.0%,93.6%,0.21
3455,0,1,0,N/A,0.9232043623924255,100.0%,52.0%,0.18
3456,0,0,1,occupation > 5.942 and age > 43.843 and education-num <= 8.286,0.963757336139679,100.0%,75.8%,0.17
3457,0,0,1,capital-gain <= 6571.074 and marital-status <= 2.934 and capital-gain <= 6651.251,0.9446238279342651,100.0%,90.8%,0.21
3458,0,0,1,N/A,0.9984466433525085,0.0%,87.4%,0.21
3459,0,0,1,capital-gain <= 8525.502,0.9896601438522339,100.0%,92.2%,0.19
3460,0,0,1,capital-gain <= 1765.35,0.961528480052948,100.0%,93.4%,0.28
3461,0,0,1,capital-gain <= 6013.485,0.9991862177848816,100.0%,84.8%,0.20
3462,0,0,1,education > 8.076 and occupation <= 10.584,0.7606399059295654,100.0%,90.2%,0.21
3463,0,0,1,education-num > 7.759 and sex > 0.483,0.9837974905967712,100.0%,69.8%,0.19
3464,0,0,1,workclass > 3.343 and education > 10.911 and race <= 4.461,0.984239399433136,100.0%,90.0%,0.20
3465,0,0,1,sex > 0.053,0.7092688083648682,100.0%,89.0%,0.19
3466,0,0,1,capital-gain <= 6995.852,0.9093393683433533,100.0%,93.6%,0.21
3467,1,1,0,N/A,0.7562426924705505,100.0%,89.6%,0.20
3468,0,0,1,age <= 60.837 and education-num <= 10.036,0.9910618662834167,100.0%,84.4%,0.20
3469,0,0,1,capital-gain <= 6285.683,0.9996843934059143,100.0%,92.4%,0.18
3470,0,0,1,sex > 0.371,0.7706289887428284,100.0%,66.2%,0.19
3471,0,0,1,N/A,0.9911421537399292,0.0%,96.0%,0.21
3472,1,0,1,capital-gain <= 4809.564 and relationship <= 1.408 and marital-status <= 3.236 and education <= 10.458,0.6551786661148071,100.0%,85.6%,0.19
3473,0,0,1,hours-per-week > 27.296 and capital-gain <= 5581.198,0.994735598564148,100.0%,78.8%,0.20
3474,0,1,0,N/A,0.6606562733650208,100.0%,88.2%,0.20
3475,0,0,1,N/A,0.9929265379905701,0.0%,94.0%,0.20
3476,0,0,1,education-num <= 14.316 and workclass > 1.334 and marital-status <= 0.715,0.8232426643371582,100.0%,85.8%,0.20
3477,0,0,1,capital-gain <= 6007.383,0.9991672039031982,100.0%,92.8%,0.19
3478,0,0,1,hours-per-week <= 51.051 and capital-gain <= 3375.483,0.96566241979599,100.0%,79.2%,0.19
3479,0,0,1,capital-gain <= 3531.909 and age > 33.426 and occupation > 6.598,0.9441614747047424,100.0%,89.4%,0.18
3480,1,1,0,N/A,0.9752909541130066,0.0%,26.0%,0.18
3481,1,1,0,N/A,0.5336392521858215,100.0%,84.2%,0.22
3482,0,1,0,N/A,0.6503459215164185,100.0%,90.8%,0.21
3483,0,0,1,capital-gain <= 3502.872,0.8772996664047241,100.0%,79.4%,0.23
3484,1,0,1,age > 43.756,0.5749106407165527,100.0%,78.2%,0.23
3485,0,0,1,capital-gain <= 6188.831,0.9947181940078735,100.0%,91.2%,0.20
3486,1,1,0,N/A,0.9346551895141602,0.0%,91.4%,0.19
3487,0,0,1,capital-gain <= 7093.43,0.9762557148933411,100.0%,93.0%,0.21
3488,0,0,1,capital-gain <= 6779.004 and sex <= 0.6 and education-num > 8.77,0.948649525642395,100.0%,91.2%,0.20
3489,0,0,1,capital-gain <= 4528.401 and education > 8.148 and capital-gain <= 6919.955,0.9294337034225464,100.0%,89.0%,0.20
3490,0,0,1,capital-gain <= 5583.989,0.5638763904571533,100.0%,86.8%,0.22
3491,0,0,1,capital-gain <= 5099.58,0.9271404147148132,100.0%,93.0%,0.25
3492,1,1,0,N/A,0.7079745531082153,100.0%,89.0%,0.21
3493,0,1,0,N/A,0.5007501840591431,100.0%,84.4%,0.06
3494,0,0,1,capital-loss > -86.433 and marital-status > 0.115,0.7892367243766785,100.0%,75.6%,0.21
3495,0,0,1,N/A,0.7676929235458374,0.0%,75.4%,0.20
3496,0,0,1,N/A,0.6682652831077576,0.0%,75.2%,0.19
3497,0,0,1,N/A,0.9979445934295654,0.0%,91.6%,0.19
3498,0,0,1,capital-gain <= 6916.527,0.929485559463501,100.0%,92.0%,0.20
3499,0,0,1,capital-gain <= 5325.863 and sex > 0.894,0.9995683431625366,100.0%,83.6%,0.18
3500,1,1,0,N/A,0.8726499080657959,100.0%,92.4%,0.20
3501,1,0,1,capital-gain <= 3382.988 and relationship > -1.2 and race <= 2.273,0.7163479328155518,100.0%,87.4%,0.20
3502,1,1,0,capital-gain > 6302.204,0.9991651773452759,100.0%,93.4%,0.23
3503,1,1,0,capital-loss > -115.228,0.9979031085968018,100.0%,89.6%,0.24
3504,0,0,1,N/A,0.996100127696991,0.0%,87.8%,0.23
3505,0,0,1,capital-gain > -6282.227 and education-num <= 11.445,0.9753251075744629,100.0%,91.8%,0.22
3506,0,0,1,capital-gain <= 8203.377,0.7387340068817139,100.0%,91.8%,0.21
3507,0,0,1,N/A,0.994009256362915,0.0%,74.8%,0.17
3508,0,0,1,capital-gain <= 6061.221 and relationship <= 2.777,0.9952401518821716,100.0%,90.0%,0.27
3509,0,0,1,capital-gain <= 7273.643,0.5142657160758972,100.0%,93.6%,0.25
3510,0,0,1,N/A,0.9998414516448975,0.0%,89.4%,0.21
3511,0,1,0,N/A,0.588962733745575,100.0%,84.4%,0.19
3512,1,1,0,N/A,0.9992130994796753,100.0%,85.4%,0.19
3513,0,0,1,occupation > -1.551 and race > 3.655,0.5222234725952148,100.0%,93.4%,0.19
3514,1,0,1,capital-gain <= 6012.719,0.9115971326828003,100.0%,89.4%,0.18
3515,0,0,1,capital-gain <= 6858.555,0.989246666431427,100.0%,92.4%,0.19
3516,0,0,1,capital-gain <= 4664.864 and workclass > 3.108,0.9697408676147461,100.0%,88.4%,0.20
3517,0,0,1,fnlwgt <= 212460.266,0.9999698400497437,100.0%,90.8%,0.19
3518,0,0,1,relationship > 0.628 and education <= 12.934,0.822838544845581,100.0%,87.6%,0.20
3519,1,1,0,capital-gain > 2176.022,0.9991540908813477,100.0%,74.8%,0.06
3520,0,0,1,relationship > 1.524 and capital-gain <= 3856.992,0.8959450721740723,100.0%,87.2%,0.19
3521,0,0,1,capital-gain <= 7005.753,0.8496012091636658,100.0%,94.6%,0.22
3522,0,1,0,race <= 2.188,0.8686768412590027,100.0%,93.0%,0.20
3523,0,0,1,N/A,0.9818785190582275,100.0%,77.2%,0.18
3524,0,0,1,capital-gain <= 1130.57 and race > 3.207,0.8203712701797485,100.0%,80.6%,0.20
3525,0,0,1,relationship > 0.513 and capital-gain <= 4642.286,0.9774144887924194,100.0%,88.8%,0.21
3526,1,1,0,capital-gain > 7195.275,0.9995893836021423,100.0%,94.0%,0.22
3527,1,0,1,capital-gain <= 6341.601,0.8050683736801147,100.0%,90.4%,0.19
3528,0,0,1,capital-gain <= 7195.94,0.9811801910400391,100.0%,93.4%,0.20
3529,0,0,1,education <= 9.542 and sex <= 0.162,0.9196015000343323,100.0%,67.0%,0.19
3530,1,0,1,capital-gain <= 7803.593,0.7394292950630188,100.0%,91.4%,0.18
3531,1,1,0,capital-gain <= 1771.296 and education <= 10.147 and native-country > 32.565,0.8035473227500916,100.0%,84.4%,0.18
3532,0,0,1,education-num <= 8.023 and capital-gain <= 5336.115,0.8662981390953064,100.0%,88.2%,0.18
3533,0,0,1,fnlwgt > 32695.81 and relationship <= 1.885,0.7959188222885132,100.0%,93.0%,0.28
3534,0,0,1,capital-gain <= 6507.836,0.9535294771194458,100.0%,90.0%,0.21
3535,0,0,1,native-country > 31.341,0.9999605417251587,100.0%,76.0%,0.18
3536,0,0,1,capital-gain <= 7203.867 and marital-status <= 0.202,0.9780929684638977,100.0%,94.8%,0.18
3537,0,0,1,capital-gain <= 6817.85,0.9765962362289429,100.0%,93.0%,0.20
3538,1,1,0,N/A,0.9996658563613892,0.0%,90.6%,0.21
3539,0,0,1,capital-gain <= 6996.486,0.6098088026046753,100.0%,94.4%,0.21
3540,0,0,1,education-num <= 11.077 and fnlwgt <= 247324.398,0.6145076751708984,100.0%,87.2%,0.21
3541,0,0,1,capital-gain <= 6931.027,0.986096203327179,100.0%,91.6%,0.19
3542,1,1,0,marital-status > 5.161,0.8074527382850647,100.0%,37.8%,0.18
3543,0,0,1,capital-gain <= 4706.619,0.9966107606887817,100.0%,91.2%,0.20
3544,0,0,1,capital-gain <= 5491.552,0.9845171570777893,100.0%,90.6%,0.22
3545,1,1,0,fnlwgt <= 249624.023,0.9993964433670044,100.0%,93.6%,0.21
3546,0,0,1,sex > -0.395,0.9737066030502319,100.0%,92.0%,0.20
3547,0,0,1,capital-gain <= 7238.364,0.9984713196754456,100.0%,92.4%,0.21
3548,0,0,1,N/A,0.9835582375526428,0.0%,92.8%,0.19
3549,1,0,1,N/A,0.7658796310424805,0.0%,91.4%,0.21
3550,1,1,0,N/A,0.8312250971794128,100.0%,92.8%,0.19
3551,1,1,0,age > 19.538,0.8086289167404175,100.0%,82.0%,0.20
3552,1,0,1,capital-gain <= 3617.876,0.6287475824356079,100.0%,85.6%,0.20
3553,0,0,1,workclass <= 1.712,0.7068319320678711,100.0%,83.6%,0.21
3554,0,0,1,capital-gain <= 6487.786,0.9773773550987244,100.0%,89.6%,0.19
3555,0,0,1,capital-gain <= 7128.404,0.7526451349258423,100.0%,94.2%,0.20
3556,1,0,1,capital-gain <= 6513.243 and capital-loss > -129.526 and fnlwgt > 64290.156,0.7492406368255615,100.0%,89.8%,0.19
3557,0,0,1,capital-gain <= 6882.588,0.9670201539993286,100.0%,93.4%,0.19
3558,0,0,1,capital-gain <= 7207.035,0.980474591255188,100.0%,92.6%,0.19
3559,1,1,0,N/A,0.6653649210929871,100.0%,93.4%,0.20
3560,1,1,0,capital-gain <= 5509.565 and fnlwgt > -51544.207,0.695997416973114,100.0%,89.6%,0.20
3561,0,0,1,N/A,0.9578200578689575,100.0%,75.2%,0.22
3562,1,1,0,N/A,0.7081219553947449,100.0%,90.6%,0.23
3563,0,0,1,capital-gain <= 5171.326,0.9969240427017212,100.0%,84.2%,0.21
3564,0,0,1,capital-gain <= 6958.079,0.9961898326873779,100.0%,91.8%,0.19
3565,0,0,1,capital-gain <= 5933.323,0.9980596899986267,100.0%,88.8%,0.20
3566,1,1,0,N/A,0.623293936252594,100.0%,90.8%,0.21
3567,1,1,0,N/A,0.9992311000823975,100.0%,92.2%,0.20
3568,1,0,1,capital-gain <= 6254.069,0.9484239816665649,100.0%,90.2%,0.19
3569,0,0,1,capital-gain <= 7123.129,0.8516825437545776,100.0%,89.4%,0.19
3570,0,1,0,N/A,0.5254961252212524,100.0%,89.2%,0.19
3571,0,0,1,capital-gain <= 4902.661 and race > 3.709,0.967361569404602,100.0%,86.2%,0.18
3572,0,0,1,capital-gain <= 7083.826,0.937718391418457,100.0%,94.0%,0.20
3573,1,1,0,N/A,0.6232953667640686,100.0%,89.2%,0.22
3574,1,1,0,capital-gain <= 6382.761 and sex > -0.197,0.6381981372833252,100.0%,91.6%,0.20
3575,0,0,1,capital-gain <= 6618.617,0.9823963046073914,100.0%,94.0%,0.22
3576,0,0,1,age > 57.901,0.7928282618522644,100.0%,86.6%,0.22
3577,0,0,1,hours-per-week > 28.891 and capital-gain <= 2849.408,0.6493151783943176,100.0%,89.0%,0.22
3578,0,0,1,capital-gain <= 8443.787,0.9822136759757996,100.0%,93.2%,0.18
3579,0,0,1,capital-gain <= 3607.745,0.9901987314224243,100.0%,82.8%,0.20
3580,1,0,1,capital-gain <= 1917.15,0.5473026037216187,100.0%,75.0%,0.18
3581,1,0,1,capital-gain <= 2836.029,0.6929730176925659,100.0%,76.2%,0.18
3582,0,0,1,capital-gain <= 4965.223,0.6053608655929565,100.0%,89.6%,0.22
3583,1,1,0,capital-gain <= 4739.447 and marital-status > 1.777,0.8877308964729309,100.0%,91.8%,0.20
3584,0,0,1,workclass <= 1.254 and capital-gain <= 4370.014,0.8982976675033569,100.0%,87.6%,0.19
3585,1,0,1,capital-gain <= 7067.951,0.9534537196159363,100.0%,92.4%,0.21
3586,0,0,1,N/A,0.9957168698310852,100.0%,85.0%,0.20
3587,0,0,1,capital-gain <= 7266.927 and capital-loss <= 122.281,0.9899348020553589,100.0%,92.8%,0.22
3588,0,0,1,capital-gain <= 6841.652,0.9618550539016724,100.0%,94.0%,0.19
3589,1,1,0,occupation > -2.206,0.8417608141899109,100.0%,78.8%,0.20
3590,0,0,1,capital-gain <= 6240.973 and native-country <= 40.506 and fnlwgt <= 124208.957,0.9889380931854248,100.0%,89.0%,0.20
3591,0,0,1,capital-gain <= 5323.674 and marital-status <= 2.418,0.9713347554206848,100.0%,90.4%,0.19
3592,0,0,1,N/A,0.902475893497467,0.0%,93.8%,0.20
3593,0,0,1,capital-loss > -998.477,0.9925681352615356,100.0%,92.0%,0.21
3594,0,0,1,N/A,0.9997155666351318,0.0%,90.4%,0.30
3595,1,0,1,N/A,0.5534288287162781,0.0%,74.4%,0.20
3596,0,0,1,capital-gain <= 5754.555,0.9860739707946777,100.0%,91.4%,0.21
3597,0,0,1,capital-gain <= 7247.283,0.9978384971618652,100.0%,94.0%,0.21
3598,1,1,0,N/A,0.5660822987556458,100.0%,88.6%,0.20
3599,0,0,1,capital-gain <= 4477.333 and education > 12.902,0.9997559189796448,100.0%,84.2%,0.18
3600,1,0,1,fnlwgt > -22801.782,0.6650628447532654,100.0%,90.8%,0.23
3601,0,0,1,capital-gain <= 7354.188,0.9954222440719604,100.0%,83.6%,0.20
3602,0,0,1,hours-per-week > 27.798 and education-num > 8.391,0.8166444301605225,100.0%,90.8%,0.23
3603,1,0,1,capital-gain <= 7978.105,0.696491539478302,100.0%,92.6%,0.23
3604,0,0,1,N/A,0.998823881149292,0.0%,75.0%,0.20
3605,0,1,0,capital-gain <= 6940.461 and age > 5.574,0.786463737487793,100.0%,92.0%,0.22
3606,0,0,1,capital-gain <= 6098.782 and capital-loss <= 151.474,0.9916546940803528,100.0%,90.4%,0.21
3607,1,0,1,capital-gain <= 5700.061,0.5728172063827515,100.0%,91.6%,0.18
3608,0,0,1,capital-gain <= 6782.675,0.996861457824707,100.0%,92.8%,0.18
3609,0,0,1,N/A,0.9985525012016296,0.0%,87.0%,0.19
3610,1,0,1,capital-gain <= 8038.312,0.996437668800354,100.0%,91.8%,0.18
3611,0,0,1,N/A,0.8827240467071533,0.0%,89.0%,0.19
3612,0,0,1,capital-gain <= 6697.325,0.9313341975212097,100.0%,91.2%,0.19
3613,0,0,1,capital-gain <= 7062.475,0.8824818730354309,100.0%,83.8%,0.19
3614,0,0,1,capital-gain <= 5862.059,0.6243904829025269,100.0%,91.0%,0.22
3615,1,1,0,education > 6.965,0.8371728658676147,100.0%,78.4%,0.21
3616,0,0,1,capital-gain <= 6371.75 and age <= 40.555,0.9987810254096985,99.5%,89.0%,0.18
3617,0,0,1,occupation > 3.96 and education-num <= 11.608,0.9930487871170044,100.0%,92.8%,0.18
3618,1,0,1,capital-gain <= 2854.026 and relationship <= 1.254,0.5731579661369324,100.0%,87.2%,0.20
3619,0,0,1,capital-gain <= 3548.412 and fnlwgt <= 310251.703 and education-num <= 10.781,0.9222880005836487,100.0%,94.4%,0.21
3620,0,0,1,N/A,0.7716851830482483,0.0%,90.8%,0.20
3621,1,1,0,N/A,0.7548516988754272,100.0%,82.8%,0.23
3622,0,0,1,capital-gain <= 7063.179,0.8502739071846008,100.0%,91.6%,0.19
3623,0,0,1,capital-gain <= 4704.153 and fnlwgt > 86785.555,0.9999101758003235,100.0%,88.4%,0.19
3624,0,0,1,capital-gain <= 7067.022,0.9640566110610962,100.0%,92.6%,0.20
3625,1,1,0,N/A,0.503908097743988,100.0%,89.6%,0.20
3626,0,0,1,N/A,0.564706563949585,100.0%,63.2%,0.18
3627,0,0,1,capital-gain <= 6354.54,0.9813345670700073,100.0%,89.8%,0.19
3628,0,0,1,education <= 13.69 and capital-gain <= 3999.163,0.6158994436264038,100.0%,78.4%,0.17
3629,1,0,1,N/A,0.9781946539878845,0.0%,90.2%,0.30
3630,0,0,1,capital-gain <= 7114.49 and race > 3.411,0.999272882938385,100.0%,92.6%,0.21
3631,0,0,1,N/A,0.9912149310112,0.0%,77.8%,0.19
3632,0,0,1,capital-gain > -6323.694 and fnlwgt > 8820.236,0.9305787682533264,100.0%,76.0%,0.18
3633,0,0,1,education-num <= 13.146 and capital-gain > -4339.232 and education-num <= 14.72,0.5311706066131592,100.0%,96.6%,0.22
3634,0,0,1,capital-gain <= 7583.74,0.9900404810905457,100.0%,81.0%,0.20
3635,0,1,0,N/A,0.5684995651245117,100.0%,89.8%,0.19
3636,0,0,1,hours-per-week <= 36.616 and capital-gain <= 1978.439,0.9976544380187988,100.0%,80.0%,0.19
3637,0,0,1,N/A,0.9988624453544617,0.0%,91.2%,0.22
3638,1,1,0,N/A,0.673344612121582,100.0%,81.0%,0.21
3639,0,0,1,sex > -0.063 and capital-gain <= 4409.493,0.999866247177124,100.0%,75.8%,0.19
3640,0,0,1,capital-gain <= 6033.788 and age <= 32.933,0.7585428357124329,100.0%,91.4%,0.20
3641,0,0,1,N/A,0.5552388429641724,100.0%,90.6%,0.22
3642,0,0,1,N/A,0.9965219497680664,0.0%,81.8%,0.19
3643,0,0,1,sex > -0.194,0.9923835396766663,100.0%,91.4%,0.19
3644,0,0,1,N/A,0.9869231581687927,100.0%,82.4%,0.20
3645,0,0,1,N/A,0.9931139945983887,0.0%,91.0%,0.19
3646,0,0,1,education > 10.994 and marital-status <= 1.378,0.9815881848335266,100.0%,91.4%,0.20
3647,1,0,1,capital-gain <= 7268.791,0.5491253137588501,100.0%,94.4%,0.21
3648,1,1,0,capital-gain > 7214.038,0.9981639981269836,100.0%,93.6%,0.21
3649,0,1,0,capital-gain <= 5847.694 and age <= 61.286,0.5669053196907043,100.0%,89.0%,0.18
3650,1,1,0,education-num > 13.557,0.7474419474601746,100.0%,91.4%,0.20
3651,0,0,1,capital-gain <= 3953.202,0.9640476703643799,100.0%,82.8%,0.18
3652,0,0,1,capital-loss > -62.302 and age <= 44.519,0.8630549907684326,100.0%,76.2%,0.18
3653,0,0,1,capital-gain <= 7050.723 and fnlwgt <= 136860.051,0.9810206294059753,100.0%,90.4%,0.22
3654,1,1,0,N/A,0.9995418787002563,0.0%,90.6%,0.21
3655,0,0,1,capital-gain <= 7266.777,0.9943207502365112,100.0%,93.6%,0.20
3656,0,0,1,N/A,0.9996504783630371,0.0%,85.8%,0.20
3657,1,0,1,capital-gain <= 4640.978 and education > 9.303,0.5586153864860535,100.0%,86.4%,0.19
3658,1,0,1,marital-status <= 3.253 and education <= 11.167,0.6473510265350342,100.0%,82.0%,0.19
3659,0,0,1,capital-gain <= 5838.448 and marital-status <= 3.011,0.9817169904708862,100.0%,92.4%,0.20
3660,0,0,1,education-num <= 12.813,0.9811540842056274,100.0%,76.8%,0.18
3661,0,0,1,N/A,0.6827406883239746,0.0%,92.4%,0.28
3662,1,1,0,N/A,0.5537912249565125,0.0%,22.2%,0.20
3663,1,1,0,capital-gain > 6748.076 and education-num <= 9.987,0.9983635544776917,100.0%,90.4%,0.06
3664,0,0,1,N/A,0.9598573446273804,0.0%,92.0%,0.21
3665,0,0,1,capital-gain <= 6730.607,0.5441226959228516,100.0%,91.6%,0.20
3666,1,0,1,capital-gain <= 3425.125 and workclass > 1.029,0.5886428952217102,100.0%,93.2%,0.18
3667,0,1,0,N/A,0.6914417743682861,0.0%,91.8%,0.21
3668,1,0,1,capital-gain <= 5715.322 and hours-per-week > 26.634,0.6275773644447327,100.0%,88.0%,0.18
3669,1,1,0,capital-gain > 5587.751,0.9997467398643494,100.0%,86.8%,0.20
3670,0,0,1,capital-gain <= 7082.181,0.9985116720199585,99.8%,94.0%,0.18
3671,0,0,1,occupation <= 6.394 and capital-gain <= 5134.597,0.9672301411628723,100.0%,85.2%,0.17
3672,0,0,1,education-num <= 12.984 and age <= 40.656,0.9928314685821533,100.0%,91.0%,0.21
3673,0,0,1,capital-gain <= 2837.791 and sex > 0.628,0.9997921586036682,100.0%,83.6%,0.19
3674,1,0,1,capital-gain <= 8039.149,0.9952317476272583,100.0%,93.4%,0.19
3675,1,0,1,sex > 0.824 and education-num > 5.248,0.6122646331787109,100.0%,91.4%,0.20
3676,0,0,1,education > 10.021 and workclass <= 2.274,0.5154179334640503,100.0%,87.2%,0.19
3677,0,0,1,N/A,0.9986788034439087,0.0%,75.6%,0.18
3678,1,1,0,N/A,0.981702446937561,100.0%,77.0%,0.20
3679,1,1,0,capital-gain <= 1093.085 and sex <= 0.555,0.6599156856536865,100.0%,87.2%,0.19
3680,0,0,1,capital-gain <= 5234.606,0.958307147026062,100.0%,89.0%,0.19
3681,0,0,1,capital-gain <= 2773.796 and education-num > 6.93,0.8862641453742981,100.0%,86.2%,0.19
3682,0,0,1,capital-gain <= 7013.415,0.6453961133956909,100.0%,94.8%,0.21
3683,0,0,1,capital-gain <= 6548.138,0.9539241194725037,100.0%,90.2%,0.24
3684,0,0,1,capital-gain <= 5965.909,0.9947220087051392,100.0%,90.8%,0.19
3685,0,0,1,capital-gain <= 5293.785,0.7014429569244385,100.0%,87.4%,0.20
3686,0,0,1,race > 3.282,0.6815199255943298,100.0%,93.4%,0.21
3687,0,0,1,capital-gain <= 7100.53,0.992111086845398,100.0%,92.0%,0.20
3688,0,0,1,capital-gain <= 6758.593,0.8658168911933899,100.0%,90.6%,0.19
3689,0,1,0,N/A,0.5349100232124329,100.0%,88.0%,0.21
3690,0,0,1,capital-gain <= 8222.86 and age <= 26.98,0.9997653961181641,100.0%,90.4%,0.19
3691,0,0,1,capital-gain <= 5132.423,0.9791556000709534,100.0%,88.6%,0.18
3692,0,0,1,N/A,0.9083949327468872,0.0%,90.4%,0.31
3693,1,1,0,N/A,0.7573827505111694,100.0%,75.8%,0.26
3694,0,0,1,N/A,0.9529629945755005,0.0%,92.8%,0.21
3695,1,0,1,N/A,0.8518198728561401,0.0%,94.6%,0.22
3696,0,0,1,capital-gain > -9983.106,0.9345818161964417,100.0%,91.6%,0.22
3697,1,1,0,N/A,0.924949049949646,100.0%,83.6%,0.19
3698,0,0,1,capital-gain <= 6911.628 and hours-per-week > 40.415 and capital-gain <= 7159.613,0.8516557812690735,100.0%,94.2%,0.20
3699,1,0,1,N/A,0.5201150178909302,0.0%,93.8%,0.20
3700,0,0,1,occupation > 2.009,0.9335377812385559,100.0%,66.4%,0.23
3701,0,0,1,fnlwgt <= 279018.438 and native-country <= 40.916,0.9690302014350891,100.0%,87.8%,0.23
3702,1,1,0,N/A,0.542464554309845,0.0%,92.4%,0.23
3703,1,0,1,workclass <= 3.347 and relationship > -1.292,0.5408525466918945,100.0%,91.8%,0.26
3704,0,0,1,N/A,0.9501503109931946,100.0%,73.8%,0.24
3705,0,0,1,capital-gain <= 3409.316,0.8552214503288269,100.0%,81.4%,0.23
3706,1,1,0,N/A,0.6242953538894653,0.0%,75.6%,0.18
3707,0,0,1,N/A,0.846959114074707,100.0%,81.4%,0.20
3708,0,0,1,N/A,0.9358340501785278,0.0%,89.4%,0.21
3709,0,0,1,capital-gain <= 3121.133 and capital-loss > -90.488 and education > 8.957,0.7536081671714783,100.0%,82.8%,0.22
3710,0,0,1,age <= 31.359 and capital-gain <= 6770.536,0.9984424710273743,100.0%,88.6%,0.23
3711,0,0,1,fnlwgt <= 292521.656 and marital-status <= 4.101,0.9843701720237732,100.0%,74.0%,0.21
3712,1,1,0,workclass <= 1.67 and native-country > 34.052,0.6689274311065674,100.0%,83.6%,0.22
3713,0,0,1,capital-gain <= 5097.174 and capital-loss <= 225.323,0.9849406480789185,81.2%,85.6%,0.23
3714,0,0,1,capital-loss > -451.69,0.9204760193824768,100.0%,76.2%,0.19
3715,0,0,1,race <= 1.717,0.5306355953216553,100.0%,73.6%,0.21
3716,0,0,1,relationship > 2.778 and capital-gain <= 7846.765,0.999056875705719,100.0%,91.2%,0.21
3717,0,0,1,fnlwgt > 191903.641 and capital-gain <= 4971.531,0.990020751953125,100.0%,84.2%,0.18
3718,0,0,1,capital-gain <= 4707.889,0.9405367374420166,100.0%,89.6%,0.21
3719,0,1,0,N/A,0.6468736529350281,100.0%,83.8%,0.20
3720,1,1,0,age <= 44.953,0.7944438457489014,100.0%,86.2%,0.22
3721,0,0,1,occupation <= 11.366 and capital-gain <= 4632.571,0.9325090050697327,100.0%,92.2%,0.20
3722,0,0,1,occupation <= 10.769 and native-country <= 39.223,0.7645887136459351,100.0%,77.4%,0.18
3723,0,0,1,capital-gain <= 3819.976,0.9998987317085266,100.0%,85.4%,0.22
3724,1,1,0,N/A,0.5204693675041199,100.0%,84.4%,0.20
3725,0,0,1,capital-gain <= 6165.916 and occupation <= 0.057,0.9930831789970398,100.0%,91.0%,0.20
3726,1,1,0,relationship > 3.377,0.9843857884407043,100.0%,90.8%,0.24
3727,1,1,0,capital-gain > 4363.358,0.9984270334243774,100.0%,88.6%,0.20
3728,1,1,0,capital-gain > 4707.106,0.9990383386611938,100.0%,93.4%,0.24
3729,0,0,1,capital-gain <= 4352.977,0.9115307331085205,100.0%,84.6%,0.20
3730,1,0,1,race <= 4.216 and capital-gain <= 4846.88,0.7116975784301758,100.0%,93.4%,0.21
3731,1,1,0,capital-gain > 3303.075 and education-num > 13.261,0.998938262462616,100.0%,76.4%,0.20
3732,0,0,1,capital-gain <= 6194.889,0.9871190786361694,100.0%,89.8%,0.21
3733,1,1,0,capital-gain <= 3091.865 and sex > -0.022,0.9815676808357239,100.0%,80.0%,0.19
3734,0,0,1,native-country > 33.668 and capital-gain <= 6501.03,0.9998142123222351,100.0%,79.0%,0.18
3735,0,0,1,N/A,0.517305850982666,0.0%,75.2%,0.18
3736,0,1,0,N/A,0.689988911151886,100.0%,76.6%,0.18
3737,0,0,1,capital-gain <= 6922.844,0.9967896342277527,100.0%,93.0%,0.21
3738,1,1,0,capital-gain > 6718.345,0.9975848197937012,100.0%,94.0%,0.20
3739,0,0,1,age <= 45.924 and fnlwgt <= 385345.562,0.6789464950561523,100.0%,94.2%,0.20
3740,0,0,1,N/A,0.9987160563468933,0.0%,73.8%,0.18
3741,0,0,1,capital-gain <= 7284.433,0.9926894307136536,100.0%,94.8%,0.22
3742,0,0,1,capital-gain <= 4741.021 and age > 31.581 and race > 2.956,0.9458597898483276,100.0%,86.6%,0.20
3743,0,0,1,capital-gain <= 3541.574,0.9982388019561768,100.0%,83.6%,0.20
3744,0,0,1,capital-gain <= 4777.693,0.9966312646865845,100.0%,82.6%,0.20
3745,0,0,1,occupation > 1.775 and capital-loss > -238.883,0.9938047528266907,100.0%,92.6%,0.21
3746,0,0,1,education <= 12.249,0.9659665822982788,99.8%,92.6%,0.19
3747,0,0,1,age > 16.031,0.9998339414596558,100.0%,85.0%,0.23
3748,0,0,1,capital-gain <= 6930.406,0.9978117942810059,100.0%,92.4%,0.22
3749,0,0,1,capital-gain <= 4843.578,0.9929262399673462,100.0%,81.0%,0.21
3750,0,0,1,capital-gain <= 8388.931,0.9884854555130005,100.0%,92.4%,0.20
3751,1,1,0,N/A,0.5598794221878052,100.0%,94.6%,0.21
3752,0,0,1,capital-gain <= 2523.924,0.9722597599029541,100.0%,76.8%,0.23
3753,1,1,0,N/A,0.9280139803886414,0.0%,26.8%,0.19
3754,0,0,1,N/A,0.7992327213287354,0.0%,85.4%,0.20
3755,1,1,0,N/A,0.8592754006385803,0.0%,94.2%,0.20
3756,0,0,1,N/A,0.984778642654419,0.0%,87.8%,0.20
3757,0,1,0,N/A,0.5215650796890259,0.0%,88.4%,0.21
3758,0,0,1,age <= 38.33 and occupation <= 6.723,0.9679168462753296,100.0%,62.4%,0.22
3759,0,0,1,education-num <= 10.847,0.9770371317863464,100.0%,87.8%,0.24
3760,0,0,1,capital-gain <= 4007.69 and education <= 11.316 and capital-gain <= 5203.949,0.9796231389045715,100.0%,87.0%,0.21
3761,0,0,1,N/A,0.9430155754089355,0.0%,88.6%,0.21
3762,0,0,1,N/A,0.9878726005554199,0.0%,90.8%,0.19
3763,0,0,1,relationship > -0.164,0.9911459684371948,100.0%,72.0%,0.30
3764,0,0,1,fnlwgt > 76577.312,0.9458681344985962,100.0%,83.0%,0.24
3765,1,1,0,age > 17.119,0.9965445399284363,100.0%,89.2%,0.25
3766,0,0,1,capital-gain <= 6244.759,0.750104546546936,100.0%,88.0%,0.22
3767,1,0,1,capital-gain <= 5677.243,0.8297858834266663,100.0%,81.8%,0.18
3768,1,0,1,N/A,0.8728399276733398,100.0%,88.4%,0.20
3769,1,0,1,capital-gain <= 6450.503,0.8510808944702148,100.0%,90.6%,0.19
3770,0,0,1,capital-gain <= 5570.377,0.9248559474945068,100.0%,88.8%,0.20
3771,0,0,1,capital-gain <= 7123.74 and hours-per-week > 27.761,0.5951209664344788,100.0%,96.0%,0.20
3772,0,0,1,N/A,0.7362481951713562,0.0%,91.4%,0.20
3773,0,0,1,capital-gain <= 7234.355,0.8780394196510315,100.0%,93.6%,0.21
3774,0,0,1,capital-gain <= 5599.393,0.900607705116272,100.0%,93.8%,0.20
3775,1,1,0,relationship <= 0.002,0.8289726376533508,100.0%,65.0%,0.06
3776,1,1,0,N/A,0.9857004880905151,0.0%,24.6%,0.19
3777,0,0,1,N/A,0.9323585629463196,100.0%,83.0%,0.20
3778,1,1,0,N/A,0.5667601823806763,100.0%,90.4%,0.22
3779,1,0,1,capital-gain <= 5588.392,0.6452813148498535,100.0%,91.4%,0.21
3780,0,0,1,marital-status > 0.438,0.825930118560791,100.0%,93.4%,0.20
3781,0,0,1,capital-gain <= 5592.507,0.9831972122192383,100.0%,87.2%,0.21
3782,1,1,0,capital-gain <= 6395.238 and age > 38.816,0.6066790223121643,100.0%,92.0%,0.19
3783,0,0,1,N/A,0.9690561890602112,0.0%,88.6%,0.23
3784,0,0,1,capital-gain <= 7052.713,0.941431999206543,100.0%,93.0%,0.19
3785,0,0,1,education-num > 9.712 and occupation <= 10.482 and native-country > 27.64,0.9665104150772095,100.0%,93.8%,0.20
3786,0,0,1,capital-gain <= 6197.874,0.9801328182220459,100.0%,90.2%,0.21
3787,0,0,1,race <= 4.496,0.8260025382041931,99.7%,75.8%,0.19
3788,0,0,1,capital-gain <= 3585.45,0.8400983810424805,100.0%,77.2%,0.20
3789,0,1,0,capital-gain <= 4993.5 and capital-loss <= 411.797,0.6884011030197144,100.0%,86.2%,0.21
3790,0,0,1,capital-gain <= 6802.609,0.9895550012588501,100.0%,91.6%,0.19
3791,1,1,0,capital-gain > 5910.249,0.9972593784332275,100.0%,90.4%,0.20
3792,0,0,1,capital-gain <= 7877.004,0.9868043065071106,100.0%,92.4%,0.19
3793,1,1,0,capital-gain > 6102.49,0.9988394379615784,100.0%,93.8%,0.22
3794,0,0,1,education > 11.197 and occupation > 7.868 and race > 1.687,0.9908560514450073,100.0%,65.8%,0.21
3795,1,1,0,capital-gain > 4023.784,0.9990646243095398,100.0%,85.2%,0.05
3796,0,0,1,capital-gain <= 6138.233,0.9882878661155701,100.0%,84.6%,0.21
3797,0,0,1,capital-gain <= 6310.111,0.9745219349861145,100.0%,86.2%,0.19
3798,0,0,1,capital-gain <= 7114.057,0.8562225103378296,100.0%,95.8%,0.21
3799,0,0,1,capital-gain <= 7150.399,0.9106830954551697,100.0%,94.8%,0.22
3800,0,0,1,capital-gain <= 659.072,0.7447234392166138,100.0%,75.8%,0.22
3801,0,0,1,capital-gain <= 5821.032,0.7346879243850708,100.0%,90.8%,0.18
3802,0,0,1,marital-status <= 1.905 and capital-gain <= 4308.197,0.8883628249168396,100.0%,81.2%,0.23
3803,1,1,0,occupation <= 4.737,0.9961651563644409,100.0%,82.0%,0.23
3804,0,0,1,capital-gain <= 7125.671 and capital-loss <= 521.256,0.9471789598464966,100.0%,91.0%,0.22
3805,0,0,1,capital-gain <= 6402.525 and relationship <= 1.439,0.6227375864982605,100.0%,91.0%,0.30
3806,0,0,1,education > 14.517,0.9451630711555481,100.0%,86.8%,0.25
3807,0,0,1,N/A,0.926222562789917,100.0%,87.2%,0.20
3808,1,0,1,race > 2.237,0.6985923051834106,100.0%,77.0%,0.22
3809,0,0,1,sex > 0.741 and native-country > 32.845 and hours-per-week <= 42.699,0.975756824016571,100.0%,91.0%,0.22
3810,0,0,1,capital-gain <= 10963.709,0.9995054006576538,100.0%,84.8%,0.19
3811,0,0,1,N/A,0.9987053275108337,0.0%,74.6%,0.17
3812,0,1,0,capital-gain <= 5119.201,0.6155908107757568,100.0%,92.0%,0.20
3813,0,0,1,capital-gain <= 6748.61,0.5895854234695435,100.0%,92.4%,0.20
3814,1,0,1,capital-gain <= 6782.578 and native-country > 33.472 and occupation > 4.996,0.8593398332595825,100.0%,93.4%,0.20
3815,0,0,1,capital-gain <= 4383.697 and education-num <= 8.793,0.9396440386772156,100.0%,87.2%,0.19
3816,0,0,1,capital-gain <= 5380.161,0.975587785243988,100.0%,90.8%,0.20
3817,0,0,1,capital-gain <= 5906.795 and occupation <= 0.872,0.9950910210609436,100.0%,90.6%,0.20
3818,1,1,0,N/A,0.654772937297821,100.0%,87.6%,0.21
3819,0,0,1,capital-gain <= 7790.763,0.9853857755661011,100.0%,93.8%,0.71
3820,0,0,1,capital-gain <= 7026.802 and relationship <= 1.546,0.8493990898132324,100.0%,93.8%,0.21
3821,0,0,1,occupation <= 0.75,0.7480208277702332,100.0%,89.4%,0.22
3822,0,0,1,capital-gain <= 5679.829,0.6944617033004761,100.0%,91.2%,0.22
3823,0,0,1,capital-gain <= 6768.442,0.5997794270515442,100.0%,91.4%,0.22
3824,0,0,1,race <= 3.227 and native-country > 24.538,0.999725341796875,100.0%,74.6%,0.21
3825,0,0,1,capital-gain <= 2993.467 and marital-status > 0.26,0.741216778755188,100.0%,84.6%,0.20
3826,0,0,1,capital-gain <= 4434.956 and capital-loss <= 121.938,0.9307799935340881,100.0%,87.2%,0.19
3827,0,0,1,capital-gain > -1031.553,0.9728632569313049,100.0%,91.0%,0.21
3828,0,0,1,sex > 0.31 and race <= 4.101,0.5082954168319702,100.0%,93.4%,0.21
3829,0,0,1,capital-gain <= 7192.609,0.9968371391296387,100.0%,91.6%,0.22
3830,0,1,0,N/A,0.5512002110481262,100.0%,87.0%,0.22
3831,0,0,1,relationship > 2.831,0.9972318410873413,100.0%,74.6%,0.21
3832,0,0,1,workclass > 2.74 and relationship <= 0.86 and hours-per-week > 45.852,0.6524968147277832,100.0%,85.4%,0.21
3833,1,1,0,N/A,0.6222723722457886,100.0%,82.8%,0.23
3834,0,0,1,N/A,0.9997184872627258,0.0%,77.6%,0.20
3835,1,1,0,capital-gain <= 4183.74 and age <= 50.289 and hours-per-week > 27.97,0.8177191615104675,100.0%,86.6%,0.21
3836,1,1,0,N/A,0.8494528532028198,100.0%,88.2%,0.22
3837,1,1,0,capital-gain > 7011.498,0.9961482286453247,100.0%,93.8%,0.20
3838,0,0,1,capital-gain <= 7259.444,0.555138111114502,100.0%,93.6%,0.33
3839,0,0,1,capital-gain <= 5168.767,0.9877938032150269,100.0%,90.8%,0.24
3840,1,0,1,hours-per-week <= 58.83 and relationship > -0.772,0.7544491291046143,100.0%,94.2%,0.24
3841,0,0,1,capital-gain <= 7299.354 and capital-loss > -227.683 and race <= 2.7,0.9991299510002136,100.0%,93.0%,0.22
3842,1,1,0,N/A,0.9944688081741333,100.0%,84.0%,0.23
3843,0,0,1,capital-gain <= 6048.43 and race > 3.07 and capital-gain <= 6413.186,0.7995477914810181,100.0%,90.4%,0.21
3844,0,0,1,capital-gain <= 1896.574 and fnlwgt > 23283.714,0.9482219815254211,100.0%,90.2%,0.20
3845,0,0,1,N/A,0.9951766133308411,0.0%,74.2%,0.18
3846,0,0,1,capital-gain <= 4585.133,0.99309241771698,100.0%,86.6%,0.20
3847,1,1,0,capital-gain <= 3852.078 and age > 46.85 and occupation > 9.553 and native-country <= 39.209,0.7360751628875732,100.0%,87.6%,0.21
3848,1,1,0,N/A,0.5480934977531433,0.0%,91.8%,0.20
3849,0,0,1,N/A,0.9813836812973022,0.0%,91.6%,0.20
3850,1,1,0,N/A,0.533413827419281,100.0%,89.0%,0.20
3851,0,0,1,capital-gain <= 4455.478,0.6534583568572998,100.0%,91.6%,0.21
3852,0,0,1,education-num <= 11.328 and race > 3.131 and age <= 34.377,0.9656985402107239,100.0%,92.6%,0.21
3853,0,0,1,hours-per-week > 29.381 and education-num <= 11.835,0.9618069529533386,100.0%,79.4%,0.18
3854,0,0,1,capital-gain <= 7357.15,0.771169900894165,100.0%,92.4%,0.20
3855,0,0,1,N/A,0.9981672763824463,0.0%,92.2%,0.21
3856,0,0,1,N/A,0.9949425458908081,0.0%,92.2%,0.22
3857,1,0,1,capital-gain <= 7562.486,0.5500235557556152,100.0%,92.4%,0.21
3858,0,0,1,capital-gain <= 6573.922,0.9967501163482666,100.0%,92.2%,0.20
3859,0,0,1,N/A,0.9249069094657898,0.0%,91.8%,0.21
3860,0,0,1,capital-gain <= 6707.124,0.887867271900177,100.0%,93.4%,0.21
3861,0,0,1,capital-gain <= 6927.495,0.9963714480400085,100.0%,93.6%,0.23
3862,0,0,1,capital-gain <= 7865.615,0.9990464448928833,100.0%,92.8%,0.22
3863,1,1,0,N/A,0.9745542407035828,0.0%,21.6%,0.17
3864,1,0,1,capital-gain <= 7875.22,0.5803201198577881,100.0%,91.8%,0.22
3865,0,0,1,capital-gain <= 3770.073,0.9893320202827454,100.0%,79.6%,0.20
3866,1,1,0,relationship > -0.315 and race > 3.131,0.9993366599082947,100.0%,91.2%,0.23
3867,1,0,1,capital-gain <= 5357.791 and occupation <= 7.663,0.9129654765129089,100.0%,90.2%,0.23
3868,0,0,1,sex > 0.592 and workclass <= 2.275,0.9776201248168945,100.0%,75.2%,0.18
3869,0,0,1,capital-gain <= 4738.257 and sex > 0.198 and capital-gain <= 6229.352,0.9692729711532593,100.0%,90.0%,0.27
3870,0,0,1,capital-gain <= 5540.545 and workclass <= 2.464,0.9977161884307861,100.0%,94.4%,0.24
3871,1,1,0,N/A,0.7377055883407593,100.0%,89.0%,0.23
3872,0,0,1,capital-gain <= 5405.482 and education-num <= 10.552,0.9967108964920044,100.0%,86.0%,0.21
3873,1,1,0,N/A,0.9893912076950073,0.0%,92.6%,0.20
3874,1,1,0,N/A,0.9825679659843445,100.0%,92.4%,0.20
3875,0,0,1,relationship > -0.202 and workclass > 2.149,0.8026033043861389,100.0%,72.4%,0.19
3876,1,1,0,N/A,0.9743334054946899,100.0%,71.6%,0.20
3877,0,0,1,capital-gain <= 7085.103,0.9898501634597778,100.0%,94.0%,0.20
3878,0,0,1,N/A,0.9998877048492432,100.0%,77.0%,0.20
3879,0,1,0,N/A,0.6500381231307983,100.0%,95.0%,0.19
3880,0,0,1,N/A,0.998508632183075,0.0%,94.0%,0.20
3881,0,0,1,relationship > 3.088 and capital-gain <= 3736.884 and sex <= 0.267,0.9743695855140686,100.0%,80.8%,0.20
3882,0,0,1,capital-gain <= 4915.223,0.7790533304214478,100.0%,90.4%,0.20
3883,0,0,1,marital-status > 1.559,0.9107241034507751,100.0%,92.8%,0.20
3884,0,0,1,hours-per-week > 14.612,0.9773913621902466,100.0%,82.8%,0.18
3885,0,0,1,N/A,0.9061356782913208,0.0%,94.0%,0.21
3886,1,1,0,capital-gain > 6993.215,0.9997310042381287,100.0%,92.4%,0.20
3887,1,0,1,N/A,0.8633279800415039,0.0%,76.4%,0.18
3888,0,1,0,occupation <= 3.146 and native-country > 36.624 and race <= 4.314,0.5014062523841858,100.0%,76.8%,0.21
3889,0,0,1,relationship > -0.559 and race > 3.125,0.9530518651008606,100.0%,75.2%,0.18
3890,0,0,1,capital-gain <= 5784.769,0.9651097059249878,100.0%,90.6%,0.22
3891,1,1,0,N/A,0.5906804203987122,100.0%,89.6%,0.22
3892,0,0,1,capital-gain <= 7289.25,0.8952982425689697,100.0%,95.6%,0.21
3893,1,0,1,native-country > 29.133,0.6508415937423706,100.0%,89.2%,0.23
3894,1,0,1,fnlwgt <= 183620.344 and capital-loss > -302.299 and hours-per-week <= 40.875,0.6081918478012085,100.0%,90.6%,0.20
3895,0,0,1,N/A,0.9181610345840454,0.0%,88.4%,0.19
3896,0,0,1,capital-gain <= 7402.74 and race <= 2.124,0.6404310464859009,100.0%,89.0%,0.21
3897,0,0,1,N/A,0.9604196548461914,0.0%,93.0%,0.23
3898,0,0,1,N/A,0.8751813769340515,0.0%,81.6%,0.20
3899,1,0,1,race > 3.673 and capital-gain <= 6693.999,0.9780699610710144,100.0%,86.4%,0.20
3900,1,1,0,N/A,0.801443874835968,100.0%,93.2%,0.30
3901,0,0,1,N/A,0.9861720204353333,0.0%,92.6%,0.24
3902,1,1,0,capital-gain > 7110.479,0.9972532391548157,100.0%,92.4%,0.29
3903,0,0,1,relationship > 0.755 and capital-gain <= 4416.258 and education-num <= 7.966,0.9599173069000244,100.0%,87.6%,0.21
3904,0,0,1,hours-per-week <= 46.06 and capital-gain <= 6696.87,0.9995717406272888,100.0%,81.6%,0.24
3905,1,1,0,N/A,0.9990625977516174,0.0%,91.0%,0.21
3906,0,0,1,capital-gain <= 5444.833 and capital-loss <= 294.715 and capital-gain <= 6262.035,0.9954512715339661,100.0%,88.6%,0.19
3907,1,1,0,N/A,0.7601463794708252,0.0%,88.2%,0.20
3908,0,0,1,marital-status <= 2.803,0.869427502155304,100.0%,76.8%,0.19
3909,0,0,1,capital-gain <= 5742.531,0.7445402145385742,100.0%,89.6%,0.20
3910,0,0,1,N/A,0.9943979382514954,0.0%,89.6%,0.18
3911,0,0,1,capital-gain <= 6959.071,0.992888331413269,100.0%,86.6%,0.21
3912,1,1,0,N/A,0.6538925766944885,100.0%,94.4%,0.23
3913,0,0,1,fnlwgt > 51853.189,0.7902946472167969,100.0%,72.6%,0.19
3914,0,0,1,capital-gain <= 6636.186,0.5987600088119507,100.0%,86.4%,0.22
3915,1,1,0,capital-gain > 7264.771,0.9982993006706238,100.0%,93.0%,0.20
3916,0,0,1,capital-gain <= 6917.306,0.9972853064537048,100.0%,93.2%,0.19
3917,1,1,0,N/A,0.9927212595939636,0.0%,82.0%,0.20
3918,0,0,1,capital-gain <= 7264.534,0.9971135258674622,100.0%,95.0%,0.19
3919,0,0,1,education-num <= 15.068,0.6922801733016968,100.0%,94.6%,0.22
3920,1,1,0,capital-gain > 7297.817 and capital-loss <= 200.483,0.9915828108787537,100.0%,95.8%,0.23
3921,0,0,1,capital-gain <= 4823.996,0.8768372535705566,100.0%,90.6%,0.20
3922,0,0,1,capital-gain <= 2282.369,0.9984993934631348,100.0%,86.4%,0.18
3923,0,0,1,capital-gain <= 4897.532,0.9865763783454895,100.0%,88.2%,0.19
3924,1,1,0,N/A,0.9209877848625183,100.0%,75.4%,0.20
3925,0,0,1,capital-gain <= 7049.782,0.5847342014312744,100.0%,92.8%,0.22
3926,0,0,1,capital-gain <= 5857.55,0.9775054454803467,100.0%,91.4%,0.21
3927,0,0,1,capital-gain <= 4549.644,0.6257938146591187,100.0%,86.4%,0.19
3928,0,0,1,capital-gain <= 6840.464 and capital-loss <= 198.305,0.6779443025588989,100.0%,91.0%,0.20
3929,0,1,0,N/A,0.5668458938598633,100.0%,77.0%,0.20
3930,1,1,0,N/A,0.7859486937522888,100.0%,90.8%,0.21
3931,0,0,1,occupation > 0.706 and hours-per-week <= 55.901,0.9602264165878296,100.0%,94.2%,0.23
3932,0,0,1,capital-gain <= 4128.496,0.9911472797393799,100.0%,95.0%,0.21
3933,0,0,1,sex <= 1.116 and occupation <= 3.066 and race > 2.888,0.6034655570983887,100.0%,90.8%,0.22
3934,0,0,1,capital-gain <= 6958.621,0.7395123839378357,100.0%,88.0%,0.35
3935,0,1,0,capital-gain <= 2367.143 and marital-status > 0.565,0.6489220857620239,100.0%,77.6%,0.25
3936,0,0,1,capital-gain <= 7298.755,0.9995937943458557,100.0%,93.0%,0.22
3937,0,0,1,N/A,0.9785009026527405,0.0%,96.0%,0.19
3938,0,0,1,N/A,0.8130390644073486,0.0%,88.6%,0.19
3939,0,0,1,N/A,0.946711003780365,0.0%,93.8%,0.20
3940,0,0,1,capital-gain <= 4620.299 and occupation <= 3.077,0.9839651584625244,100.0%,89.6%,0.20
3941,0,0,1,education-num <= 10.772 and capital-gain <= 2337.012,0.9315670728683472,100.0%,77.2%,0.22
3942,1,0,1,age <= 42.084 and marital-status <= 2.803,0.643309473991394,100.0%,86.6%,0.19
3943,0,0,1,capital-gain <= 7110.185 and education <= 10.385,0.5179920196533203,100.0%,93.8%,0.20
3944,0,0,1,capital-gain <= 6681.804,0.9885912537574768,100.0%,91.4%,0.19
3945,1,0,1,capital-gain <= 7643.697,0.938325047492981,100.0%,94.0%,0.20
3946,1,1,0,N/A,0.9107239246368408,100.0%,89.2%,0.20
3947,0,0,1,N/A,0.9933155179023743,0.0%,93.4%,0.20
3948,1,1,0,N/A,0.9672521948814392,100.0%,94.2%,0.19
3949,1,1,0,capital-gain <= 5161.583 and sex > 0.74 and occupation <= 5.927,0.509406566619873,100.0%,84.0%,0.20
3950,0,0,1,capital-gain <= 7186.142 and age <= 31.965,0.8360089063644409,100.0%,94.8%,0.21
3951,0,0,1,capital-gain <= 7489.911,0.9836534261703491,100.0%,92.6%,0.20
3952,0,0,1,capital-gain <= 6759.754,0.980679452419281,100.0%,93.0%,0.18
3953,1,1,0,N/A,0.7438042759895325,100.0%,90.4%,0.21
3954,0,0,1,capital-gain <= 5021.127 and education > 10.206,0.6056863069534302,100.0%,92.6%,0.20
3955,0,0,1,marital-status > 1.743,0.6732205152511597,100.0%,94.0%,0.19
3956,0,0,1,capital-gain <= 4300.392,0.9542930722236633,100.0%,84.8%,0.19
3957,0,1,0,N/A,0.5521411299705505,100.0%,87.4%,0.21
3958,0,0,1,capital-loss > -164.166,0.9816639423370361,100.0%,76.2%,0.19
3959,0,1,0,N/A,0.5734161734580994,0.0%,84.6%,0.20
3960,0,0,1,capital-gain <= 7127.085,0.9962167739868164,100.0%,95.0%,0.21
3961,0,0,1,capital-gain <= 6492.194,0.8919036984443665,100.0%,85.4%,0.21
3962,0,0,1,occupation <= 4.841 and hours-per-week <= 45.404,0.6143865585327148,100.0%,89.0%,0.25
3963,1,0,1,N/A,0.6962553262710571,0.0%,88.6%,0.28
3964,0,0,1,N/A,0.9992242455482483,0.0%,89.6%,0.23
3965,1,1,0,N/A,0.5704300403594971,100.0%,91.2%,0.26
3966,0,0,1,capital-gain <= 7600.736,0.9995676279067993,100.0%,95.8%,0.22
3967,0,0,1,N/A,0.8564850687980652,0.0%,85.0%,0.21
3968,1,0,1,N/A,0.5596789121627808,0.0%,72.6%,0.18
3969,1,1,0,N/A,0.6069917678833008,0.0%,94.4%,0.21
3970,0,0,1,education <= 11.317 and capital-gain <= 7264.397,0.9966762065887451,100.0%,91.2%,0.22
3971,1,0,1,capital-gain > -5947.469,0.8988490700721741,100.0%,76.0%,0.21
3972,0,0,1,capital-gain <= 6185.016 and occupation > -1.542,0.9108500480651855,100.0%,90.0%,0.21
3973,0,0,1,N/A,0.9996006488800049,0.0%,93.0%,0.24
3974,0,0,1,capital-gain <= 6270.653,0.9609711766242981,100.0%,91.4%,0.28
3975,0,0,1,capital-gain <= 6340.483 and workclass <= 2.238,0.9985848069190979,92.9%,93.0%,0.22
3976,0,0,1,capital-gain <= 9302.674 and occupation > 9.734,0.9910498857498169,100.0%,89.2%,0.20
3977,1,1,0,capital-gain > 7212.571,0.9982142448425293,100.0%,91.4%,0.21
3978,1,1,0,N/A,0.9914420247077942,100.0%,77.0%,0.20
3979,0,0,1,capital-gain <= 6305.328,0.9860765337944031,100.0%,89.2%,0.24
3980,0,0,1,capital-gain <= 5079.642 and hours-per-week <= 46.099,0.7010464668273926,100.0%,88.6%,0.22
3981,0,0,1,capital-gain <= 4184.242 and sex <= 1.618,0.6905118227005005,100.0%,89.8%,0.21
3982,0,0,1,capital-gain <= 8411.493,0.9917302131652832,100.0%,88.6%,0.20
3983,0,0,1,capital-gain <= 7240.161,0.9479564428329468,100.0%,94.4%,0.21
3984,0,0,1,N/A,0.9994444251060486,0.0%,84.8%,0.22
3985,0,0,1,education-num <= 11.99 and native-country > 31.808,0.9609743356704712,100.0%,76.6%,0.19
3986,0,0,1,workclass <= 3.1 and capital-loss > -82.332 and age <= 33.701,0.9994129538536072,100.0%,90.8%,0.22
3987,0,0,1,capital-gain <= 6845.655,0.8378154635429382,100.0%,87.0%,0.22
3988,0,0,1,N/A,0.9929267168045044,0.0%,93.0%,0.22
3989,0,0,1,capital-gain <= 3178.723 and workclass <= 1.161,0.9957250356674194,100.0%,77.4%,0.19
3990,1,1,0,capital-gain <= 6727.49,0.5122754573822021,100.0%,93.0%,0.21
3991,0,0,1,workclass > 3.321,0.8573623895645142,100.0%,91.8%,0.21
3992,0,0,1,age > 31.667 and capital-gain <= 6146.545,0.9821167588233948,100.0%,75.8%,0.23
3993,0,0,1,capital-gain <= 7660.032,0.9538519978523254,100.0%,94.6%,0.21
3994,0,0,1,capital-gain <= 6842.951,0.9297407865524292,100.0%,95.4%,0.24
3995,1,0,1,N/A,0.7863755226135254,0.0%,90.4%,0.27
3996,0,1,0,N/A,0.5143210887908936,100.0%,91.8%,0.22
3997,0,0,1,race <= 4.429 and capital-loss > -341.998,0.7121145129203796,100.0%,77.0%,0.20
3998,1,1,0,workclass <= 2.133 and hours-per-week > 48.791,0.6147787570953369,100.0%,76.4%,0.22
3999,0,0,1,N/A,0.9949858784675598,0.0%,75.6%,0.18
4000,0,0,1,capital-gain <= 4451.332,0.999646008014679,100.0%,84.8%,0.26
4001,0,0,1,capital-gain <= 6339.794,0.9985935091972351,100.0%,82.2%,0.20
4002,1,1,0,N/A,0.8420727849006653,0.0%,75.2%,0.21
4003,0,0,1,capital-gain <= 7035.048,0.9874401688575745,100.0%,88.0%,0.25
4004,1,1,0,N/A,0.8686275482177734,100.0%,76.6%,0.29
4005,0,0,1,sex <= 1.087,0.9986280202865601,100.0%,92.2%,0.24
4006,0,0,1,capital-gain <= 6695.357,0.9996504783630371,100.0%,93.4%,0.20
4007,0,1,0,N/A,0.5110083222389221,0.0%,93.8%,0.21
4008,1,1,0,N/A,0.8027759194374084,100.0%,88.6%,0.25
4009,0,0,1,hours-per-week <= 46.95 and workclass <= 2.614,0.9839924573898315,100.0%,77.8%,0.23
4010,0,1,0,N/A,0.7261552214622498,100.0%,92.2%,0.25
4011,1,0,1,capital-gain <= 4641.031,0.8969221711158752,100.0%,87.0%,0.24
4012,0,0,1,native-country > 30.3 and race > 3.421,0.6327409744262695,100.0%,90.4%,0.27
4013,0,0,1,capital-gain <= 3492.812 and capital-loss <= 282.377 and capital-gain <= 6596.72,0.84220290184021,100.0%,90.6%,0.21
4014,0,0,1,N/A,0.9939881563186646,100.0%,86.2%,0.22
4015,0,0,1,capital-loss > -1016.919,0.5567258596420288,100.0%,86.8%,0.19
4016,0,0,1,capital-gain <= 6829.093,0.7112531065940857,100.0%,83.4%,0.20
4017,0,0,1,capital-gain <= 7079.092,0.7790533304214478,100.0%,87.2%,0.22
4018,0,0,1,capital-gain <= 7355.058,0.821973979473114,100.0%,92.0%,0.20
4019,0,0,1,capital-gain <= 2291.335,0.9949053525924683,100.0%,90.6%,0.19
4020,0,0,1,N/A,0.9895209074020386,100.0%,91.8%,0.22
4021,0,0,1,N/A,0.7853304743766785,0.0%,93.4%,0.21
4022,0,0,1,capital-gain <= 4807.038,0.9767158031463623,100.0%,87.2%,0.21
4023,1,1,0,workclass > 0.176,0.9971939325332642,100.0%,91.0%,0.26
4024,0,0,1,education-num > 12.374 and capital-gain <= 4211.32 and native-country > 34.164,0.8752154111862183,100.0%,86.8%,0.24
4025,0,0,1,capital-gain <= 5484.744,0.9063441753387451,100.0%,87.6%,0.19
4026,0,0,1,capital-gain <= 7147.236,0.9972905516624451,100.0%,93.6%,0.20
4027,0,0,1,capital-gain <= 6440.491,0.9998118281364441,100.0%,90.2%,0.19
4028,0,0,1,capital-gain <= 6485.32 and race <= 4.374,0.9915285706520081,100.0%,86.6%,0.20
4029,0,0,1,education-num > 7.742,0.8074796199798584,100.0%,91.8%,0.21
4030,0,0,1,capital-gain <= 6332.484,0.9933411478996277,100.0%,89.8%,0.19
4031,1,0,1,capital-gain <= 5630.801,0.6733521223068237,100.0%,87.8%,0.20
4032,0,0,1,relationship > -1.467,0.980686604976654,100.0%,76.2%,0.17
4033,0,0,1,capital-gain <= 5851.14,0.9012957215309143,100.0%,88.6%,0.20
4034,0,0,1,capital-gain <= 4815.671,0.9990923404693604,100.0%,92.4%,0.20
4035,1,1,0,N/A,0.9987363219261169,0.0%,92.4%,0.20
4036,0,0,1,capital-gain <= 4494.67 and capital-loss <= 341.986,0.9104948043823242,100.0%,83.8%,0.21
4037,0,0,1,capital-gain <= 6677.982,0.967829704284668,100.0%,88.8%,0.18
4038,0,0,1,capital-gain <= 7309.041,0.983788788318634,100.0%,95.0%,0.20
4039,0,0,1,N/A,0.6076171398162842,0.0%,85.2%,0.19
4040,0,0,1,hours-per-week <= 52.525 and occupation > 3.912,0.6445577144622803,100.0%,93.2%,0.20
4041,0,0,1,education-num <= 12.202,0.9839367866516113,100.0%,81.4%,0.20
4042,1,1,0,capital-gain <= 4594.873,0.5533756613731384,100.0%,96.0%,0.21
4043,1,1,0,N/A,0.7308520078659058,0.0%,95.8%,0.19
4044,0,0,1,capital-gain <= 5344.048,0.9162629246711731,100.0%,89.4%,0.19
4045,0,0,1,capital-gain <= 4937.766 and education-num > 5.468,0.9890555739402771,100.0%,89.4%,0.22
4046,0,1,0,N/A,0.5406589508056641,0.0%,93.4%,0.20
4047,0,0,1,capital-gain <= 3859.039,0.9587549567222595,100.0%,83.0%,0.20
4048,0,0,1,capital-gain <= 5977.865,0.9802470207214355,100.0%,91.8%,0.19
4049,0,0,1,capital-gain <= 5828.336 and relationship > -0.721 and capital-gain <= 9308.669,0.8576350212097168,100.0%,90.8%,0.20
4050,1,1,0,capital-gain > 7519.555,0.9977028965950012,100.0%,94.4%,0.20
4051,0,0,1,capital-gain <= 6932.492,0.9754980802536011,100.0%,92.2%,0.21
4052,0,0,1,N/A,0.9907738566398621,100.0%,77.2%,0.22
4053,0,0,1,capital-gain <= 6704.855,0.9963899254798889,100.0%,92.2%,0.23
4054,0,0,1,capital-gain <= 7154.25 and occupation <= 7.135,0.9998156428337097,100.0%,95.2%,0.24
4055,0,0,1,capital-gain <= 5088.047 and race > 3.367 and hours-per-week > 31.85,0.8208588361740112,100.0%,87.8%,0.23
4056,0,0,1,N/A,0.888715386390686,0.0%,91.8%,0.22
4057,1,0,1,capital-gain <= 5239.16,0.5096836090087891,100.0%,90.4%,0.21
4058,0,0,1,capital-gain <= 4804.112,0.9785544872283936,100.0%,87.8%,0.19
4059,0,0,1,occupation > 2.572 and relationship <= 2.552,0.9948340654373169,100.0%,91.6%,0.19
4060,0,0,1,capital-gain <= 6806.68,0.9262129664421082,100.0%,90.2%,0.19
4061,1,0,1,capital-gain <= 5628.055 and education-num <= 9.45,0.6701056361198425,100.0%,87.8%,0.21
4062,0,0,1,capital-gain <= 4307.644,0.992962121963501,100.0%,84.8%,0.20
4063,0,0,1,N/A,0.9667300581932068,100.0%,71.6%,0.18
4064,0,0,1,capital-gain <= 3994.391 and age <= 32.436,0.9765819907188416,100.0%,81.6%,0.19
4065,1,1,0,hours-per-week > 60.611 and race > 3.359,0.8126329779624939,100.0%,75.0%,0.20
4066,0,1,0,N/A,0.7088021636009216,100.0%,81.8%,0.20
4067,0,0,1,N/A,0.9742885231971741,0.0%,94.2%,0.20
4068,0,0,1,capital-gain <= 4761.77,0.9993857145309448,100.0%,87.0%,0.19
4069,1,1,0,workclass <= 2.453,0.7690457701683044,100.0%,69.0%,0.19
4070,0,0,1,capital-gain <= 5642.32,0.9993075132369995,100.0%,92.8%,0.19
4071,0,0,1,hours-per-week <= 56.915,0.9926309585571289,100.0%,86.2%,0.20
4072,0,0,1,capital-gain <= 3346.251 and education <= 12.093,0.9176235198974609,100.0%,78.6%,0.18
4073,0,0,1,capital-gain <= 4558.35 and education-num <= 12.146,0.9929715394973755,100.0%,94.0%,0.21
4074,0,0,1,capital-gain <= 6516.088,0.9996229410171509,100.0%,92.2%,0.20
4075,0,0,1,N/A,0.983607828617096,0.0%,85.0%,0.20
4076,0,0,1,capital-gain <= 3160.619,0.9414929151535034,100.0%,82.4%,0.21
4077,0,0,1,capital-gain <= 2450.851 and native-country <= 24.023 and race > 3.785 and occupation <= 7.018,0.9976003766059875,100.0%,78.2%,0.22
4078,1,1,0,capital-gain > 7286.502,0.9944273233413696,100.0%,93.6%,0.24
4079,0,0,1,capital-gain <= 3240.05,0.9003135561943054,100.0%,85.6%,0.22
4080,0,0,1,capital-gain <= 6934.157,0.8685626983642578,100.0%,87.2%,0.22
4081,0,0,1,capital-gain <= 7086.668 and age > 22.911 and hours-per-week > 36.136,0.9852935671806335,100.0%,93.0%,0.21
4082,0,0,1,sex > 0.815 and capital-gain <= 4469.586,0.8928527235984802,100.0%,84.6%,0.23
4083,0,0,1,N/A,0.5180454850196838,0.0%,91.6%,0.23
4084,0,0,1,capital-loss > -100.701 and hours-per-week <= 40.337 and capital-gain <= 4765.325 and native-country > 29.265,0.671404242515564,100.0%,90.8%,0.22
4085,0,0,1,capital-gain <= 7176.918,0.999752938747406,100.0%,91.8%,0.21
4086,0,0,1,workclass <= 0.333 and capital-gain <= 6668.525,0.9813903570175171,100.0%,92.2%,0.22
4087,0,0,1,capital-gain <= 7031.828,0.9517837166786194,100.0%,94.0%,0.22
4088,1,1,0,capital-gain > 4129.747,0.9986740350723267,100.0%,81.6%,0.21
4089,0,0,1,workclass <= 3.341,0.8580625057220459,100.0%,91.0%,0.27
4090,0,0,1,capital-gain <= 7184.957,0.9990560412406921,100.0%,93.8%,0.23
4091,0,0,1,N/A,0.6900803446769714,0.0%,84.8%,0.29
4092,0,0,1,capital-gain <= 6381.865,0.9887665510177612,100.0%,88.2%,0.22
4093,1,0,1,capital-gain <= 5751.726,0.900738000869751,100.0%,93.0%,0.19
4094,0,0,1,education-num <= 13.733 and capital-gain > -1518.79,0.9971930980682373,100.0%,90.6%,0.19
4095,0,0,1,capital-gain <= 4868.377 and marital-status > 1.158 and hours-per-week > 37.266,0.993954062461853,100.0%,89.2%,0.19
4096,0,0,1,capital-loss > -306.017,0.9774625897407532,100.0%,74.2%,0.19
4097,0,1,0,native-country <= 18.49,0.6443403363227844,100.0%,75.8%,0.18
4098,0,0,1,education > 8.372 and workclass <= 2.895,0.9842641949653625,97.5%,90.6%,0.18
4099,0,0,1,age > 31.26 and fnlwgt <= 292677.219 and workclass > 1.507,0.9223586916923523,100.0%,92.4%,0.20
4100,0,0,1,capital-gain <= 6364.905,0.9711254239082336,100.0%,95.2%,0.27
4101,0,0,1,fnlwgt > 82685.109 and capital-gain <= 4352.517,0.9038258790969849,100.0%,78.2%,0.19
4102,0,0,1,capital-gain <= 6329.398,0.5047488212585449,100.0%,90.6%,0.19
4103,1,1,0,N/A,0.9886565208435059,100.0%,88.8%,0.24
4104,0,0,1,capital-gain <= 6005.245 and education > 5.31 and workclass <= 1.256,0.5968174934387207,100.0%,89.6%,0.23
4105,0,0,1,capital-gain <= 7105.008 and education <= 2.449,0.995265543460846,100.0%,91.6%,0.23
4106,0,0,1,N/A,0.9467316269874573,0.0%,91.6%,0.19
4107,0,0,1,relationship > 1.638,0.9764989614486694,100.0%,77.4%,0.20
4108,1,1,0,capital-gain > 3927.85,0.9976945519447327,100.0%,85.2%,0.21
4109,0,0,1,capital-gain <= 6044.656,0.9901260137557983,100.0%,93.4%,0.23
4110,0,0,1,capital-gain <= 4289.796,0.9501282572746277,100.0%,83.6%,0.19
4111,0,0,1,capital-loss > -53.429,0.9978654980659485,100.0%,92.6%,0.21
4112,1,1,0,N/A,0.813145637512207,100.0%,89.6%,0.20
4113,1,1,0,N/A,0.9976187348365784,0.0%,26.6%,0.18
4114,1,1,0,capital-gain <= 4706.514,0.8080536723136902,100.0%,92.0%,0.20
4115,1,1,0,N/A,0.7611802816390991,100.0%,75.4%,0.21
4116,0,1,0,N/A,0.544897735118866,100.0%,91.6%,0.23
4117,0,0,1,capital-loss <= 316.458 and workclass > 0.928,0.9830570220947266,100.0%,92.6%,0.22
4118,1,1,0,N/A,0.6267195343971252,100.0%,92.6%,0.21
4119,0,0,1,capital-gain <= 7298.42,0.9912260174751282,100.0%,92.0%,0.24
4120,0,0,1,capital-gain <= 5234.457,0.999724805355072,100.0%,89.4%,0.21
4121,0,0,1,N/A,0.7655397057533264,0.0%,90.6%,0.23
4122,0,0,1,N/A,0.9973686337471008,100.0%,74.8%,0.18
4123,0,0,1,N/A,0.9995315074920654,0.0%,78.4%,0.20
4124,1,1,0,capital-gain <= 4418.314 and sex > 0.957,0.6855678558349609,100.0%,88.8%,0.21
4125,0,0,1,marital-status > 2.277,0.9799371957778931,100.0%,90.2%,0.20
4126,0,0,1,capital-gain <= 8690.189,0.9996846318244934,100.0%,87.4%,0.22
4127,0,0,1,relationship > 0.848 and workclass <= 2.047,0.9978531002998352,100.0%,90.8%,0.20
4128,0,0,1,capital-loss > -119.954 and workclass > 1.768 and marital-status <= 5.153,0.9775215983390808,100.0%,89.8%,0.20
4129,0,0,1,capital-gain <= 7191.748,0.9995123147964478,100.0%,95.6%,0.19
4130,0,0,1,capital-gain <= 7412.301,0.7937250137329102,100.0%,94.0%,0.23
4131,1,1,0,N/A,0.9988688826560974,0.0%,92.2%,0.22
4132,0,0,1,capital-gain <= 3506.546,0.942068874835968,100.0%,86.6%,0.21
4133,1,1,0,N/A,0.8026555776596069,0.0%,24.8%,0.18
4134,0,0,1,capital-loss > -91.433 and capital-gain <= 5254.933,0.9997479915618896,100.0%,80.4%,0.19
4135,0,0,1,hours-per-week <= 55.172,0.5491995811462402,100.0%,88.0%,0.21
4136,1,1,0,capital-gain > 6620.448 and education-num <= 13.97 and sex > 0.55,0.9992103576660156,100.0%,90.8%,0.20
4137,1,1,0,capital-gain > 7482.909 and workclass <= 1.099,0.9970856308937073,100.0%,91.6%,0.22
4138,1,1,0,N/A,0.6864230632781982,100.0%,88.0%,0.21
4139,0,0,1,education-num > 7.877 and hours-per-week > 27.226,0.9949204325675964,100.0%,92.8%,0.20
4140,0,0,1,education-num > 8.149,0.9125235080718994,100.0%,77.2%,0.17
4141,0,0,1,occupation > 12.535,0.994755208492279,100.0%,89.8%,0.22
4142,0,0,1,capital-gain <= 4392.958,0.9930171966552734,100.0%,89.6%,0.22
4143,1,0,1,capital-gain <= 6333.501,0.7218488454818726,100.0%,91.8%,0.19
4144,0,0,1,capital-gain <= 6257.713,0.8308493494987488,100.0%,77.6%,0.18
4145,0,0,1,N/A,0.873397707939148,100.0%,69.8%,0.20
4146,0,0,1,capital-gain <= 8017.135,0.9994612336158752,100.0%,93.2%,0.19
4147,1,1,0,N/A,0.992243230342865,0.0%,21.2%,0.18
4148,0,0,1,N/A,0.5988634824752808,0.0%,93.0%,0.20
4149,1,1,0,N/A,0.6228418350219727,100.0%,73.0%,0.05
4150,0,0,1,age <= 36.232 and capital-gain <= 3484.524,0.8014596104621887,100.0%,86.8%,0.18
4151,0,0,1,capital-gain <= 7646.453,0.7686798572540283,100.0%,93.6%,0.20
4152,0,1,0,N/A,0.5352911949157715,100.0%,90.2%,0.21
4153,0,0,1,capital-gain <= 3934.171,0.9534894227981567,100.0%,79.8%,0.18
4154,0,0,1,capital-gain <= 5214.579 and age <= 32.92,0.8686057329177856,100.0%,88.0%,0.21
4155,1,0,1,occupation > 0.008 and workclass > 1.13,0.565506100654602,100.0%,93.2%,0.21
4156,0,0,1,capital-gain <= 5468.531 and workclass > 1.87,0.9998101592063904,100.0%,91.0%,0.18
4157,0,1,0,N/A,0.8155130743980408,100.0%,89.8%,0.21
4158,0,0,1,capital-gain <= 7137.024,0.8870512247085571,100.0%,92.4%,0.21
4159,0,0,1,education > 9.553 and relationship <= 2.58,0.9793210625648499,100.0%,86.8%,0.29
4160,0,0,1,N/A,0.9887518882751465,0.0%,91.2%,0.25
4161,0,0,1,capital-gain <= 3366.771,0.986513614654541,100.0%,76.4%,0.23
4162,1,1,0,N/A,0.8464354872703552,0.0%,94.6%,0.21
4163,0,0,1,capital-gain <= 6444.112,0.8750727772712708,100.0%,85.6%,0.20
4164,1,1,0,capital-gain <= 1955.361,0.6928892135620117,100.0%,89.2%,0.19
4165,1,1,0,N/A,0.676816463470459,100.0%,93.4%,0.21
4166,0,0,1,N/A,0.8437502980232239,100.0%,82.2%,0.19
4167,0,0,1,capital-gain <= 7243.414,0.7193602323532104,100.0%,94.2%,0.21
4168,0,0,1,capital-gain <= 2766.717 and sex <= 1.279,0.9866120219230652,100.0%,93.0%,0.19
4169,0,0,1,race > 3.571,0.9876153469085693,100.0%,92.6%,0.20
4170,0,0,1,capital-gain <= 7081.746,0.9256888628005981,100.0%,90.6%,0.19
4171,1,0,1,capital-gain <= 4203.2,0.5901906490325928,100.0%,77.8%,0.18
4172,0,0,1,N/A,0.9984983205795288,0.0%,92.8%,0.20
4173,0,0,1,capital-gain <= 6480.371,0.893478274345398,100.0%,83.0%,0.17
4174,0,0,1,education <= 13.027 and native-country > 30.16,0.948359489440918,100.0%,88.2%,0.20
4175,0,0,1,N/A,0.9989196062088013,0.0%,74.4%,0.17
4176,0,0,1,capital-gain <= 5909.939 and education-num > 10.004,0.95476895570755,100.0%,91.8%,0.20
4177,0,0,1,capital-gain <= 6885.098,0.9801944494247437,100.0%,89.6%,0.20
4178,0,0,1,N/A,0.9956978559494019,0.0%,93.4%,0.20
4179,0,0,1,capital-gain <= 4592.201,0.9950165748596191,100.0%,86.6%,0.20
4180,0,0,1,capital-gain <= 6718.541,0.9539848566055298,100.0%,84.0%,0.19
4181,0,0,1,capital-gain <= 7410.776,0.9991840720176697,100.0%,94.6%,0.20
4182,1,1,0,N/A,0.9909605383872986,100.0%,88.0%,0.20
4183,0,0,1,capital-gain <= 7433.405 and education <= 11.987,0.9894474148750305,100.0%,91.8%,0.21
4184,0,0,1,capital-gain <= 3551.305,0.5956344604492188,100.0%,88.4%,0.18
4185,1,1,0,N/A,0.6435943841934204,100.0%,83.0%,0.19
4186,0,0,1,N/A,0.6673128604888916,0.0%,93.4%,0.22
4187,1,1,0,N/A,0.7861573696136475,0.0%,94.0%,0.20
4188,1,0,1,capital-gain <= 5060.546 and hours-per-week > 30.911 and age > 38.454,0.7671998739242554,100.0%,88.0%,0.20
4189,0,1,0,N/A,0.7195222973823547,100.0%,86.0%,0.21
4190,0,0,1,capital-gain <= 3984.908 and fnlwgt > 27402.118,0.6138527393341064,100.0%,91.4%,0.21
4191,0,0,1,N/A,0.9014325141906738,0.0%,77.2%,0.27
4192,1,0,1,capital-gain <= 7568.544,0.7352377772331238,100.0%,94.0%,0.23
4193,0,0,1,occupation <= 2.935 and capital-gain <= 8634.957,0.9976122379302979,100.0%,87.4%,0.22
4194,0,0,1,education-num <= 11.24 and capital-gain > -9500.447,0.7888575792312622,100.0%,88.6%,0.19
4195,0,0,1,hours-per-week > 37.148 and workclass <= 2.537 and capital-gain <= 6756.814,0.6719421148300171,100.0%,94.4%,0.21
4196,0,0,1,capital-gain <= 4653.945 and race > 3.71 and fnlwgt > 204103.758,0.9891096949577332,100.0%,95.2%,0.21
4197,0,0,1,sex > 0.12,0.7155464887619019,100.0%,92.8%,0.21
4198,0,1,0,race <= 2.85 and capital-gain <= 7030.77,0.5628033876419067,100.0%,84.0%,0.19
4199,0,0,1,capital-gain <= 4885.385 and relationship > 0.182,0.9959947466850281,100.0%,88.8%,0.20
4200,0,0,1,capital-gain <= 6988.224,0.9445286393165588,100.0%,92.2%,0.23
4201,0,0,1,capital-loss > -263.476 and sex > 0.777,0.8983345627784729,100.0%,73.6%,0.18
4202,0,0,1,capital-gain <= 3397.363,0.9551367163658142,100.0%,81.8%,0.20
4203,1,1,0,capital-gain <= 4343.834,0.929010272026062,100.0%,91.2%,0.21
4204,1,1,0,capital-gain <= 4563.329 and hours-per-week > 34.145,0.8027759194374084,100.0%,91.8%,0.25
4205,0,0,1,capital-loss <= 132.128,0.8788676857948303,100.0%,76.6%,0.20
4206,1,1,0,N/A,0.5813686847686768,100.0%,91.2%,0.19
4207,1,1,0,capital-gain <= 5182.108 and marital-status <= 3.39,0.8409271240234375,100.0%,85.0%,0.21
4208,0,1,0,capital-gain <= 4721.568 and age <= 39.821,0.7912272810935974,100.0%,85.6%,0.21
4209,0,0,1,relationship > 2.981 and capital-gain <= 4494.169,0.9540242552757263,100.0%,84.6%,0.19
4210,0,0,1,occupation <= 5.51,0.9932079911231995,100.0%,86.4%,0.20
4211,0,0,1,relationship > 2.741 and capital-gain <= 8147.894,0.9954200387001038,100.0%,93.2%,0.21
4212,1,1,0,age > 31.131 and capital-gain > 2924.344,0.9860471487045288,100.0%,43.8%,0.06
4213,1,1,0,N/A,0.983187735080719,100.0%,75.4%,0.20
4214,0,0,1,N/A,0.9979583024978638,0.0%,90.0%,0.22
4215,0,0,1,capital-gain <= 3233.088,0.9854167699813843,100.0%,89.4%,0.20
4216,0,0,1,capital-loss > 738.5 and capital-gain <= 7081.59,0.9998970031738281,100.0%,94.0%,0.19
4217,0,0,1,capital-gain <= 6653.251,0.9995831251144409,100.0%,90.2%,0.20
4218,0,0,1,capital-gain <= 9787.217,0.9990211725234985,100.0%,89.2%,0.20
4219,1,0,1,fnlwgt <= 256647.516 and capital-gain > -4695.552,0.6032706499099731,100.0%,91.6%,0.19
4220,0,0,1,education-num <= 11.45,0.9451882243156433,100.0%,73.0%,0.27
4221,1,0,1,N/A,0.7954436540603638,0.0%,89.6%,0.21
4222,0,0,1,capital-gain <= 6828.282 and occupation <= 2.638,0.8106389045715332,100.0%,91.0%,0.20
4223,0,0,1,N/A,0.5782145261764526,0.0%,95.0%,0.22
4224,0,0,1,N/A,0.9987705945968628,0.0%,91.6%,0.19
4225,0,0,1,capital-gain <= 6660.746,0.9223585724830627,100.0%,91.6%,0.19
4226,0,0,1,N/A,0.9958156943321228,100.0%,71.8%,0.18
4227,0,0,1,N/A,0.9767175912857056,0.0%,87.8%,0.21
4228,0,0,1,education > 14.115 and capital-gain <= 2621.948,0.9994395971298218,100.0%,90.8%,0.19
4229,1,1,0,race <= 2.779 and education-num <= 13.606 and capital-loss > -46.343,0.8269997835159302,100.0%,89.4%,0.18
4230,0,1,0,N/A,0.5368718504905701,100.0%,90.6%,0.20
4231,0,0,1,capital-gain <= 7292.088,0.9998154044151306,100.0%,95.4%,0.19
4232,0,1,0,N/A,0.5552496314048767,0.0%,93.6%,0.21
4233,0,1,0,N/A,0.5936557054519653,100.0%,91.4%,0.23
4234,0,0,1,hours-per-week > 29.671 and capital-gain <= 8132.289,0.9831576943397522,100.0%,73.6%,0.19
4235,0,0,1,N/A,0.9299242496490479,0.0%,92.2%,0.20
4236,0,0,1,capital-gain <= 7016.262,0.792626142501831,100.0%,88.2%,0.20
4237,0,0,1,education > 11.115,0.9963825941085815,100.0%,78.4%,0.20
4238,1,1,0,N/A,0.8844030499458313,100.0%,92.4%,0.21
4239,0,0,1,capital-gain <= 7385.748,0.6075222492218018,100.0%,95.4%,0.20
4240,1,0,1,capital-loss > -188.165 and native-country > 33.093,0.7857077717781067,100.0%,71.8%,0.05
4241,0,0,1,capital-gain <= 7040.077,0.9389427900314331,100.0%,89.8%,0.20
4242,0,0,1,capital-gain <= 6304.201,0.7457680702209473,100.0%,92.4%,0.19
4243,0,0,1,N/A,0.962460458278656,0.0%,86.0%,0.21
4244,0,0,1,fnlwgt <= 240361.555,0.6259636282920837,100.0%,90.8%,0.19
4245,0,0,1,N/A,0.7938705682754517,0.0%,88.8%,0.20
4246,0,0,1,N/A,0.9964482188224792,0.0%,90.6%,0.18
4247,0,0,1,capital-gain <= 6442.116,0.9958316683769226,100.0%,85.4%,0.20
4248,0,0,1,N/A,0.9921756982803345,0.0%,94.2%,0.32
4249,0,0,1,capital-gain <= 6895.669,0.9983837008476257,100.0%,93.4%,0.21
4250,1,1,0,capital-gain <= 6666.691 and hours-per-week > 32.672,0.6262257099151611,100.0%,93.2%,0.23
4251,0,0,1,N/A,0.9938422441482544,0.0%,80.2%,0.18
4252,0,0,1,capital-gain <= 4480.263,0.9982335567474365,100.0%,63.2%,0.18
4253,0,0,1,capital-gain <= 4481.661 and hours-per-week <= 39.418 and age > 51.998 and capital-gain <= 7225.329,0.9508775472640991,100.0%,85.6%,0.20
4254,1,0,1,capital-loss <= 511.841,0.5560791492462158,100.0%,95.4%,0.21
4255,0,0,1,race > 3.335 and capital-gain <= 3117.01,0.8466588258743286,100.0%,89.6%,0.19
4256,1,0,1,capital-gain <= 7012.963,0.5946868062019348,100.0%,91.2%,0.20
4257,0,0,1,occupation > 0.604 and capital-loss > -126.84,0.9252325892448425,100.0%,90.8%,0.19
4258,1,1,0,N/A,0.9922081828117371,0.0%,94.8%,0.20
4259,0,0,1,education-num > 9.825 and capital-gain <= 9173.085,0.878913164138794,100.0%,84.6%,0.18
4260,1,1,0,capital-gain > 7170.818,0.9964481592178345,100.0%,93.2%,0.22
4261,1,1,0,capital-gain <= 6828.658 and native-country > 24.011,0.7481452226638794,100.0%,92.4%,0.21
4262,0,0,1,race <= 2.273,0.9989314079284668,100.0%,74.8%,0.18
4263,1,1,0,N/A,0.6274605393409729,100.0%,93.6%,0.20
4264,0,1,0,capital-gain <= 7097.382 and capital-loss > -285.399,0.5079173445701599,100.0%,93.8%,0.21
4265,1,1,0,capital-gain <= 7181.795 and age > 31.506,0.6930357813835144,100.0%,94.0%,0.21
4266,0,0,1,capital-gain <= 8186.299,0.9906874299049377,100.0%,91.4%,0.20
4267,0,0,1,capital-gain <= 4483.714 and relationship <= 0.809 and occupation > 1.017,0.9590461254119873,100.0%,83.6%,0.20
4268,0,0,1,capital-gain <= 6366.154,0.9729439616203308,100.0%,89.4%,0.21
4269,0,1,0,N/A,0.6904606223106384,100.0%,94.8%,0.20
4270,0,0,1,capital-gain <= 4082.822 and marital-status > 2.864,0.8888062834739685,100.0%,93.0%,0.19
4271,0,0,1,education-num <= 13.626 and capital-loss > -361.139,0.6787030696868896,100.0%,88.0%,0.20
4272,0,0,1,capital-gain <= 5650.397 and education > 10.827,0.9968680739402771,100.0%,89.4%,0.21
4273,0,0,1,race > 3.538 and capital-gain <= 6777.92 and education-num <= 13.166,0.9782092571258545,100.0%,82.4%,0.20
4274,0,0,1,N/A,0.9143197536468506,0.0%,77.4%,0.19
4275,0,0,1,sex <= 0.014 and hours-per-week <= 51.367 and education-num <= 11.94,0.9606662392616272,100.0%,89.4%,0.20
4276,1,1,0,N/A,0.8225311040878296,100.0%,89.2%,0.21
4277,0,0,1,N/A,0.7366109490394592,0.0%,88.6%,0.21
4278,0,0,1,capital-gain <= 7286.967,0.9558431506156921,100.0%,94.4%,0.22
4279,0,0,1,capital-gain <= 3051.88,0.8098971247673035,100.0%,81.4%,0.24
4280,0,1,0,N/A,0.6031208634376526,100.0%,77.2%,0.20
4281,0,0,1,capital-gain <= 4339.759,0.9419184327125549,100.0%,88.2%,0.24
4282,0,0,1,N/A,0.9739511609077454,0.0%,80.6%,0.20
4283,0,1,0,N/A,0.7622076272964478,0.0%,94.0%,0.21
4284,0,0,1,capital-gain <= 8132.853,0.9932705163955688,100.0%,93.0%,0.19
4285,0,0,1,capital-gain <= 6773.542,0.7296221256256104,100.0%,92.0%,0.21
4286,0,0,1,capital-gain <= 6381.445 and hours-per-week > 27.728,0.6102700233459473,100.0%,95.4%,0.22
4287,0,0,1,capital-gain <= 6437.268,0.977936863899231,100.0%,87.0%,0.20
4288,0,0,1,capital-gain <= 7365.404,0.9341201782226562,100.0%,92.8%,0.21
4289,0,0,1,age > 37.265,0.8678478598594666,100.0%,93.2%,0.22
4290,0,0,1,N/A,0.9983716607093811,0.0%,76.8%,0.18
4291,0,0,1,capital-gain <= 4851.326 and workclass <= 3.26 and capital-gain <= 6525.03,0.9834846258163452,100.0%,88.4%,0.20
4292,0,0,1,education-num > 8.505,0.9697791337966919,100.0%,76.8%,0.19
4293,1,1,0,N/A,0.713277280330658,0.0%,78.0%,0.18
4294,0,0,1,capital-loss > -127.966 and education > 10.762,0.667392909526825,100.0%,68.0%,0.07
4295,0,0,1,N/A,0.576004683971405,0.0%,87.0%,0.20
4296,0,0,1,capital-gain <= 4153.231,0.9968101382255554,100.0%,86.0%,0.22
4297,0,0,1,capital-gain <= 4373.1,0.957587480545044,100.0%,85.2%,0.21
4298,0,0,1,capital-gain <= 4828.85,0.8395470380783081,100.0%,92.6%,0.19
4299,0,0,1,capital-gain <= 6736.203,0.7692796587944031,100.0%,94.2%,0.22
4300,0,0,1,N/A,0.9970108270645142,0.0%,87.8%,0.27
4301,0,0,1,capital-gain <= 5154.096,0.9908662438392639,100.0%,93.4%,0.21
4302,0,0,1,capital-gain <= 6563.565,0.9963456392288208,100.0%,88.8%,0.24
4303,1,0,1,capital-gain <= 6732.191,0.7771139740943909,100.0%,91.4%,0.26
4304,0,0,1,workclass <= 0.996 and capital-gain <= 7357.363 and sex > 0.891,0.9496400356292725,100.0%,87.0%,0.26
4305,0,0,1,capital-gain <= 3936.5,0.9682131409645081,100.0%,82.6%,0.22
4306,1,1,0,fnlwgt <= 162566.602 and capital-gain > 4031.027,0.9436385631561279,100.0%,79.6%,0.23
4307,1,1,0,capital-gain > 6965.949,0.9994897842407227,100.0%,87.2%,0.25
4308,0,1,0,capital-gain <= 4959.626 and capital-loss > -1080.155,0.5788776874542236,100.0%,89.8%,0.29
4309,0,0,1,capital-gain <= 7132.139 and race <= 4.01,0.8679544925689697,100.0%,92.6%,0.24
4310,1,1,0,N/A,0.9573871493339539,100.0%,90.8%,0.21
4311,1,0,1,capital-gain <= 7365.454,0.6967414617538452,100.0%,94.2%,0.21
4312,0,0,1,capital-gain <= 7273.426,0.99330735206604,100.0%,95.4%,0.21
4313,0,0,1,capital-gain <= 7255.377,0.9960230588912964,100.0%,94.4%,0.20
4314,1,1,0,N/A,0.6170121431350708,100.0%,91.4%,0.22
4315,0,0,1,capital-gain <= 5790.216,0.7256944179534912,100.0%,85.6%,0.17
4316,0,0,1,capital-gain <= 7015.99 and native-country <= 26.55,0.9653835892677307,100.0%,91.4%,0.20
4317,1,1,0,N/A,0.906426191329956,0.0%,91.0%,0.22
4318,0,0,1,capital-loss <= 276.765,0.8247261047363281,100.0%,89.2%,0.20
4319,0,0,1,native-country > 32.045 and occupation <= 4.108 and relationship > -0.477,0.5390663146972656,100.0%,90.4%,0.21
4320,0,0,1,capital-gain <= 7595.961,0.9589405059814453,100.0%,93.4%,0.20
4321,0,0,1,native-country > 29.014 and age > 27.395,0.869926929473877,100.0%,76.2%,0.19
4322,1,1,0,N/A,0.8312366008758545,100.0%,80.6%,0.20
4323,0,0,1,capital-gain <= 4557.303 and education > 8.022,0.951909065246582,100.0%,92.8%,0.21
4324,0,0,1,capital-gain <= 6705.768 and relationship <= 1.747,0.9671225547790527,98.2%,90.4%,0.19
4325,0,0,1,capital-gain <= 3377.619,0.8659756183624268,100.0%,92.0%,0.20
4326,0,0,1,marital-status > 3.228,0.9987701773643494,100.0%,84.0%,0.20
4327,1,1,0,N/A,0.585712730884552,0.0%,94.0%,0.20
4328,0,0,1,capital-gain <= 6652.071 and native-country > 37.875,0.7929635047912598,100.0%,85.0%,0.20
4329,1,1,0,age <= 50.896 and relationship <= 2.135,0.9989967942237854,100.0%,89.2%,0.22
4330,0,0,1,N/A,0.953952431678772,0.0%,91.2%,0.18
4331,0,0,1,capital-gain <= 4663.151,0.9834050536155701,100.0%,91.2%,0.20
4332,0,0,1,capital-gain <= 6129.15 and sex <= 0.534,0.9452679753303528,100.0%,91.2%,0.19
4333,0,0,1,workclass > 3.014 and capital-gain <= 4127.655,0.9005104303359985,100.0%,80.0%,0.21
4334,0,0,1,capital-gain <= 6505.231,0.9967637658119202,100.0%,89.0%,0.20
4335,0,0,1,capital-gain <= 3884.558 and age <= 45.494,0.8429919481277466,100.0%,89.6%,0.26
4336,0,0,1,capital-gain <= 5115.093,0.9566555023193359,100.0%,85.8%,0.22
4337,0,0,1,sex <= 1.144 and occupation <= 5.28,0.9989813566207886,100.0%,85.4%,0.28
4338,0,0,1,capital-gain <= 5403.792,0.9458974599838257,100.0%,88.2%,0.20
4339,0,0,1,capital-gain <= 7149.074,0.9812629222869873,100.0%,93.4%,0.22
4340,0,1,0,N/A,0.6012216210365295,100.0%,87.6%,0.20
4341,0,0,1,N/A,0.9005668759346008,0.0%,83.6%,0.20
4342,0,0,1,capital-gain <= 343.7,0.9922502636909485,100.0%,90.2%,0.21
4343,0,0,1,race <= 4.149 and capital-gain <= 1924.796,0.9974203705787659,100.0%,79.2%,0.19
4344,0,0,1,capital-gain <= 6609.508,0.9891546964645386,100.0%,93.0%,0.22
4345,0,0,1,capital-gain <= 6906.543,0.9816309213638306,100.0%,92.0%,0.21
4346,0,0,1,capital-gain <= 4819.895,0.6510972380638123,100.0%,95.8%,0.47
4347,0,0,1,capital-gain <= 8574.216 and race <= 2.097,0.9911089539527893,100.0%,89.6%,0.22
4348,1,1,0,N/A,0.5743201375007629,0.0%,93.6%,0.23
4349,0,0,1,capital-gain <= 4969.061 and education > 7.801,0.9910408854484558,100.0%,89.4%,0.20
4350,1,1,0,N/A,0.9988993406295776,100.0%,92.6%,0.22
4351,0,0,1,marital-status > 3.32 and capital-gain <= 4611.351,0.9762002825737,100.0%,80.6%,0.19
4352,1,0,1,relationship <= 1.369 and capital-gain <= 7247.744,0.5090478658676147,100.0%,90.6%,0.23
4353,1,0,1,capital-gain <= 5095.136 and workclass <= 2.582 and capital-gain <= 6651.811,0.5570496320724487,100.0%,90.0%,0.23
4354,0,0,1,capital-gain <= 8091.996,0.998974084854126,100.0%,87.0%,0.20
4355,0,0,1,capital-gain <= 6074.186,0.9980015158653259,100.0%,92.8%,0.22
4356,0,0,1,relationship > 0.674 and race > 3.981 and marital-status <= 4.782,0.9990145564079285,100.0%,71.2%,0.18
4357,0,0,1,N/A,0.9473575353622437,0.0%,77.2%,0.21
4358,0,0,1,occupation <= 6.397 and relationship <= 0.463,0.8630618453025818,100.0%,91.6%,0.23
4359,0,0,1,capital-gain <= 5744.334,0.8119792938232422,99.5%,90.4%,0.19
4360,0,0,1,capital-gain <= 6410.166 and relationship <= 1.448,0.7908244729042053,100.0%,89.4%,0.22
4361,0,0,1,capital-gain <= 4516.347 and relationship <= 0.741,0.5826168656349182,84.1%,89.2%,0.21
4362,0,0,1,capital-gain <= 6495.377,0.9987046718597412,100.0%,91.8%,0.23
4363,1,1,0,capital-gain > 5605.268,0.9979686141014099,100.0%,87.6%,0.26
4364,0,0,1,capital-gain <= 4432.001,0.9871589541435242,100.0%,85.6%,0.22
4365,0,0,1,N/A,0.6717084646224976,0.0%,76.4%,0.20
4366,0,0,1,capital-gain <= 7279.079,0.9762521386146545,100.0%,94.6%,0.21
4367,0,0,1,capital-gain <= 5809.69 and relationship > 0.879,0.9775851964950562,100.0%,91.0%,0.20
4368,0,0,1,capital-gain <= 6519.899 and capital-loss <= 224.034,0.9979962110519409,100.0%,85.6%,0.21
4369,0,0,1,native-country > 35.821 and capital-gain <= 5387.367,0.7906186580657959,100.0%,83.0%,0.06
4370,0,0,1,capital-gain <= 4489.635 and education-num <= 10.704,0.7365531921386719,100.0%,92.8%,0.22
4371,1,1,0,N/A,0.9867219924926758,0.0%,94.8%,0.22
4372,0,0,1,capital-gain <= 7164.091,0.8105489015579224,100.0%,93.2%,0.22
4373,0,0,1,capital-gain <= 6558.466,0.9958621263504028,100.0%,86.2%,0.21
4374,0,0,1,N/A,0.9411851167678833,0.0%,75.6%,0.21
4375,0,0,1,education > 9.883 and capital-gain <= 2644.08,0.8072763681411743,100.0%,81.8%,0.20
4376,0,1,0,occupation <= 5.16,0.6231935620307922,100.0%,80.6%,0.21
4377,0,0,1,relationship > 0.803,0.9991579055786133,100.0%,74.6%,0.19
4378,1,1,0,N/A,0.6190336346626282,100.0%,77.6%,0.20
4379,0,0,1,workclass > 2.879 and capital-gain <= 5080.516,0.6067997217178345,100.0%,80.8%,0.20
4380,0,0,1,capital-gain <= 6401.181 and relationship > -0.73,0.9940647482872009,100.0%,85.4%,0.21
4381,0,0,1,N/A,0.9891631007194519,100.0%,53.8%,0.22
4382,0,0,1,capital-gain <= 7494.86,0.7527868747711182,100.0%,92.4%,0.22
4383,0,0,1,capital-gain <= 7138.179,0.6869239807128906,100.0%,87.8%,0.25
4384,1,1,0,N/A,0.9982996582984924,0.0%,95.2%,0.24
4385,0,0,1,capital-gain <= 7178.602,0.6746127605438232,100.0%,94.8%,0.21
4386,0,0,1,capital-gain <= 5000.826 and capital-loss > -176.271,0.8201073408126831,100.0%,85.0%,0.23
4387,1,1,0,education-num <= 11.909 and occupation <= 3.942,0.9764336347579956,100.0%,72.4%,0.19
4388,1,0,1,N/A,0.5342117547988892,0.0%,75.2%,0.20
4389,0,0,1,capital-gain <= 7084.287,0.9253110289573669,100.0%,91.0%,0.20
4390,0,0,1,N/A,0.9723432064056396,0.0%,95.0%,0.20
4391,0,0,1,N/A,0.9998329877853394,0.0%,73.8%,0.28
4392,1,1,0,N/A,0.8033720850944519,100.0%,91.6%,0.22
4393,0,0,1,capital-gain <= 4431.047,0.992216944694519,100.0%,78.6%,0.18
4394,0,0,1,capital-gain <= 7192.789,0.8018512725830078,100.0%,96.6%,0.22
4395,0,0,1,capital-gain <= 7065.173,0.8659121990203857,100.0%,93.2%,0.20
4396,1,0,1,N/A,0.8967533111572266,0.0%,91.8%,0.19
4397,0,1,0,N/A,0.7073740363121033,0.0%,93.0%,0.21
4398,0,0,1,capital-loss > -481.666,0.963119626045227,100.0%,88.6%,0.27
4399,0,0,1,capital-gain <= 6246.361 and education > 6.873,0.9939563274383545,100.0%,93.6%,0.21
4400,0,0,1,capital-gain <= 6394.723,0.9219383597373962,99.9%,86.6%,0.23
4401,0,0,1,N/A,0.9941822290420532,0.0%,90.8%,0.20
4402,1,1,0,N/A,0.7427166104316711,100.0%,94.4%,0.23
4403,0,0,1,N/A,0.8021963834762573,100.0%,83.2%,0.24
4404,0,0,1,capital-gain <= 4480.869,0.9994572401046753,100.0%,91.6%,0.27
4405,0,0,1,marital-status > 0.091,0.7880504131317139,100.0%,93.2%,0.20
4406,0,0,1,capital-gain <= 5409.49,0.7315205335617065,100.0%,87.8%,0.22
4407,0,0,1,capital-gain <= 7462.417,0.999038815498352,100.0%,90.8%,0.20
4408,0,0,1,sex <= 0.808,0.9814411997795105,100.0%,91.4%,0.21
4409,1,0,1,capital-gain <= 1466.051,0.7799476385116577,100.0%,79.6%,0.19
4410,0,0,1,capital-gain <= 5819.078,0.9954490065574646,100.0%,84.0%,0.20
4411,0,0,1,capital-gain <= 5040.098,0.96396803855896,100.0%,87.0%,0.20
4412,0,0,1,N/A,0.6987742185592651,0.0%,92.6%,0.21
4413,1,1,0,capital-gain > 6288.823,0.9978364109992981,100.0%,91.4%,0.21
4414,1,1,0,education-num > 14.774,0.8577784299850464,100.0%,85.0%,0.21
4415,1,1,0,N/A,0.9994381070137024,0.0%,23.0%,0.18
4416,0,0,1,capital-gain <= 7149.212,0.6032001972198486,100.0%,94.8%,0.32
4417,0,0,1,N/A,0.9944413900375366,0.0%,91.2%,0.21
4418,1,0,1,education-num > 11.275 and capital-gain <= 7032.031,0.9043328762054443,100.0%,87.0%,0.20
4419,1,1,0,N/A,0.9887458682060242,100.0%,82.2%,0.19
4420,1,0,1,capital-gain <= 4961.955,0.7913612127304077,100.0%,80.2%,0.20
4421,0,0,1,capital-gain <= 6783.709,0.9947718977928162,100.0%,86.2%,0.19
4422,1,1,0,N/A,0.8339329957962036,100.0%,87.2%,0.22
4423,0,0,1,N/A,0.9928786754608154,100.0%,80.4%,0.18
4424,0,0,1,N/A,0.9990838766098022,0.0%,80.0%,0.18
4425,0,0,1,capital-gain <= 6841.273,0.9968356490135193,100.0%,93.8%,0.21
4426,0,0,1,marital-status > 1.412,0.9921282529830933,100.0%,90.4%,0.20
4427,0,0,1,capital-gain <= 8366.199,0.9988581538200378,100.0%,91.8%,0.19
4428,0,0,1,capital-gain <= 7043.323,0.9978234171867371,100.0%,93.4%,0.21
4429,1,0,1,capital-gain <= 5811.35,0.5530741810798645,100.0%,89.2%,0.21
4430,0,1,0,N/A,0.5185021162033081,100.0%,90.8%,0.23
4431,0,0,1,age > 40.841,0.7934539318084717,100.0%,70.6%,0.20
4432,0,0,1,capital-gain <= 2026.104 and marital-status > 2.365 and capital-gain <= 2603.675,0.9826570749282837,100.0%,77.6%,0.19
4433,0,0,1,capital-gain <= 7369.222,0.6319608688354492,100.0%,94.6%,0.21
4434,0,0,1,N/A,0.6850943565368652,0.0%,88.8%,0.22
4435,0,0,1,N/A,0.9774610996246338,0.0%,93.0%,0.21
4436,0,1,0,N/A,0.5801624059677124,100.0%,69.6%,0.19
4437,0,0,1,capital-gain <= 6098.404 and age > 23.843 and occupation > 7.813,0.9782102704048157,100.0%,90.2%,0.19
4438,0,1,0,N/A,0.7675812244415283,0.0%,90.0%,0.22
4439,0,0,1,capital-gain <= 5634.437 and marital-status <= 3.208,0.8718799352645874,100.0%,89.4%,0.22
4440,0,0,1,N/A,0.9995420575141907,0.0%,95.8%,0.20
4441,0,0,1,capital-gain <= 4665.373 and workclass <= 2.35 and race > 3.762 and marital-status > 3.383,0.960502564907074,100.0%,83.8%,0.21
4442,1,1,0,workclass <= 0.099 and capital-gain > 5875.962,0.9951431751251221,100.0%,90.8%,0.23
4443,0,1,0,N/A,0.6826682090759277,100.0%,90.2%,0.24
4444,1,1,0,capital-gain <= 6941.902 and age > 20.422,0.7660472989082336,100.0%,92.6%,0.20
4445,0,0,1,N/A,0.7444586157798767,0.0%,82.0%,0.26
4446,0,0,1,N/A,0.9507113099098206,0.0%,88.0%,0.20
4447,0,0,1,capital-gain <= 1957.864 and native-country > 33.108 and capital-gain <= 6238.774,0.7223849892616272,100.0%,92.2%,0.23
4448,0,0,1,capital-gain <= 4250.409,0.7243310213088989,100.0%,91.2%,0.21
4449,1,1,0,N/A,0.6684755682945251,100.0%,89.6%,0.21
4450,0,0,1,sex > 0.783 and capital-gain <= 6410.975,0.5838807821273804,100.0%,83.8%,0.22
4451,0,0,1,education-num <= 9.71 and fnlwgt > 82257.469,0.9910330176353455,100.0%,74.6%,0.19
4452,0,1,0,capital-gain <= 6959.953,0.778443455696106,100.0%,94.0%,0.23
4453,0,0,1,capital-gain > -8743.184 and race <= 3.454,0.5205504894256592,100.0%,88.0%,0.20
4454,0,0,1,N/A,0.9988563656806946,0.0%,94.8%,0.20
4455,0,0,1,education-num <= 11.203 and relationship > -0.376,0.9758800268173218,100.0%,90.2%,0.22
4456,0,0,1,capital-gain <= 7119.193,0.9984177350997925,100.0%,93.2%,0.21
4457,0,0,1,capital-gain <= 5633.575,0.9797093868255615,100.0%,88.8%,0.19
4458,0,0,1,capital-gain <= 6657.96,0.7372055053710938,100.0%,88.8%,0.20
4459,0,0,1,N/A,0.9933376312255859,100.0%,83.8%,0.19
4460,0,0,1,occupation > -3.063,0.6313526630401611,100.0%,77.4%,0.18
4461,1,0,1,occupation <= 11.432,0.9471550583839417,100.0%,93.8%,0.21
4462,1,1,0,N/A,0.9419872164726257,100.0%,71.4%,0.18
4463,0,0,1,race > 1.881,0.705356240272522,100.0%,76.8%,0.19
4464,0,0,1,capital-gain <= 6955.46,0.9789829254150391,100.0%,93.6%,0.22
4465,0,0,1,capital-gain <= 4864.104 and native-country > 36.437,0.8228716850280762,100.0%,87.2%,0.22
4466,1,1,0,capital-gain <= 4917.396,0.6006865501403809,100.0%,92.2%,0.19
4467,1,0,1,capital-gain <= 6872.832,0.5990234613418579,100.0%,92.6%,0.22
4468,0,0,1,capital-gain <= 7099.876,0.8943872451782227,100.0%,92.8%,0.19
4469,1,1,0,capital-gain <= 7048.113 and marital-status > -0.969,0.6570233702659607,100.0%,92.6%,0.20
4470,1,1,0,N/A,0.5677531361579895,0.0%,23.8%,0.18
4471,0,0,1,N/A,0.9310196042060852,0.0%,88.6%,0.24
4472,0,0,1,capital-gain <= 6953.754,0.9967052340507507,100.0%,93.6%,0.30
4473,1,1,0,N/A,0.5692923665046692,100.0%,90.6%,0.22
4474,0,1,0,N/A,0.7714742422103882,100.0%,89.4%,0.27
4475,0,0,1,native-country > 34.016 and capital-gain <= 7323.635,0.9959776997566223,100.0%,76.4%,0.19
4476,0,0,1,capital-gain <= 5228.991 and hours-per-week <= 52.007,0.9976874589920044,100.0%,94.6%,0.21
4477,0,0,1,N/A,0.9848183393478394,0.0%,74.6%,0.19
4478,1,0,1,capital-gain <= 7339.213 and workclass <= 2.24,0.9711247682571411,100.0%,95.4%,0.19
4479,0,0,1,native-country <= 40.676 and marital-status > 2.064 and capital-gain <= 1407.189,0.906063437461853,100.0%,72.6%,0.18
4480,0,0,1,N/A,0.6547906398773193,100.0%,64.2%,0.07
4481,1,0,1,capital-gain <= 5256.528,0.8734198212623596,100.0%,92.6%,0.20
4482,1,1,0,N/A,0.9931377172470093,0.0%,90.2%,0.19
4483,0,0,1,capital-gain <= 7412.099,0.9925681352615356,100.0%,93.8%,0.22
4484,0,0,1,N/A,0.9980576634407043,100.0%,71.2%,0.18
4485,0,0,1,N/A,0.9984490275382996,0.0%,94.4%,0.22
4486,1,0,1,sex <= 1.557 and hours-per-week <= 52.883,0.7535240054130554,100.0%,94.6%,0.21
4487,0,0,1,capital-gain <= 6585.497,0.9978979825973511,100.0%,87.4%,0.18
4488,0,0,1,N/A,0.8848521113395691,0.0%,91.6%,0.20
4489,0,0,1,occupation > 1.569,0.9606380462646484,100.0%,76.6%,0.19
4490,1,1,0,N/A,0.9989713430404663,0.0%,92.8%,0.21
4491,1,0,1,capital-gain <= 6329.626,0.6245867013931274,100.0%,91.2%,0.23
4492,0,1,0,N/A,0.6843056082725525,99.5%,89.2%,0.19
4493,0,0,1,education-num <= 9.706 and race > 3.27 and education <= 4.702 and capital-gain <= 4065.667,0.9605311751365662,100.0%,78.6%,0.18
4494,1,0,1,capital-gain <= 5807.108,0.5052646994590759,100.0%,92.4%,0.20
4495,0,0,1,N/A,0.7722428441047668,0.0%,77.8%,0.20
4496,0,0,1,capital-gain <= 7423.563,0.9958839416503906,100.0%,92.6%,0.20
4497,0,0,1,capital-gain <= 3250.31,0.702757716178894,100.0%,88.6%,0.21
4498,0,0,1,capital-gain <= 7018.311,0.7976610660552979,100.0%,91.4%,0.18
4499,0,0,1,capital-gain <= 4793.394,0.9985668063163757,100.0%,77.2%,0.18
4500,1,1,0,N/A,0.7854453325271606,100.0%,92.8%,0.23
4501,0,0,1,capital-gain <= 3779.84 and sex > 0.884 and capital-gain <= 6397.223,0.9933595061302185,100.0%,87.6%,0.30
4502,0,0,1,N/A,0.9932692050933838,0.0%,93.6%,0.29
4503,0,0,1,fnlwgt <= 252654.875 and education-num <= 10.191 and occupation <= 6.089,0.958873987197876,100.0%,78.8%,0.24
4504,0,0,1,capital-gain <= 3433.239 and hours-per-week <= 41.637 and race > 2.872,0.9995706677436829,100.0%,92.2%,0.24
4505,0,0,1,relationship > 0.898,0.996944010257721,100.0%,76.8%,0.20
4506,1,1,0,capital-gain <= 5079.627 and race > 1.767,0.9449446201324463,100.0%,89.0%,0.21
4507,0,0,1,N/A,0.766884982585907,0.0%,93.2%,0.21
4508,1,1,0,N/A,0.7186620831489563,100.0%,92.6%,0.21
4509,0,0,1,relationship > 3.513 and capital-gain <= 4596.344,0.9947770833969116,100.0%,87.2%,0.18
4510,0,0,1,capital-gain <= 6315.897,0.8974997997283936,100.0%,85.4%,0.20
4511,0,0,1,N/A,0.9883184432983398,0.0%,94.4%,0.20
4512,0,0,1,capital-gain <= 2839.911 and capital-loss > -22.733,0.9455933570861816,100.0%,80.6%,0.19
4513,0,0,1,capital-gain <= 6630.8,0.5415018796920776,100.0%,92.6%,0.19
4514,0,0,1,capital-gain <= 7152.666,0.733711302280426,100.0%,95.4%,0.19
4515,0,0,1,capital-loss > -116.893 and education-num <= 9.293,0.9441184997558594,100.0%,93.0%,0.21
4516,0,0,1,N/A,0.8135541677474976,100.0%,63.4%,0.06
4517,0,0,1,education > 10.051,0.7601516246795654,100.0%,64.2%,0.05
4518,0,0,1,capital-gain <= 4003.371 and education <= 5.369,0.8085565567016602,100.0%,87.4%,0.19
4519,0,0,1,capital-gain <= 5635.328,0.9953914284706116,100.0%,93.4%,0.20
4520,1,1,0,N/A,0.5198352932929993,100.0%,90.8%,0.19
4521,0,0,1,education > 6.94,0.8706060647964478,100.0%,91.0%,0.20
4522,0,0,1,capital-gain <= 6567.507,0.9898204207420349,100.0%,91.2%,0.20
4523,0,0,1,N/A,0.91146320104599,0.0%,76.8%,0.17
4524,0,0,1,N/A,0.9937145113945007,0.0%,88.0%,0.19
4525,0,0,1,N/A,0.9979177713394165,0.0%,91.8%,0.20
4526,0,0,1,N/A,0.9543044567108154,100.0%,74.2%,0.18
4527,1,1,0,N/A,0.6366730332374573,100.0%,79.2%,0.20
4528,1,1,0,capital-gain > 7212.594,0.9994810223579407,100.0%,82.0%,0.20
4529,1,1,0,N/A,0.8865705132484436,100.0%,85.0%,0.21
4530,0,0,1,capital-gain <= 3883.666,0.8528676629066467,100.0%,79.6%,0.22
4531,0,0,1,capital-gain <= 3094.307,0.8993364572525024,100.0%,84.6%,0.29
4532,0,0,1,N/A,0.9978808164596558,0.0%,91.0%,0.19
4533,0,0,1,capital-gain <= 6008.492,0.6958518028259277,100.0%,90.4%,0.21
4534,1,1,0,N/A,0.8026773929595947,100.0%,89.2%,0.20
4535,0,0,1,capital-gain <= 8057.38,0.6462328433990479,100.0%,90.4%,0.20
4536,0,0,1,workclass <= 2.245 and education-num <= 13.327,0.9961351752281189,100.0%,91.6%,0.21
4537,1,1,0,N/A,0.6947885155677795,100.0%,80.6%,0.05
4538,0,0,1,capital-gain <= 3108.394,0.9906371831893921,100.0%,82.6%,0.18
4539,0,0,1,N/A,0.9898960590362549,0.0%,94.6%,0.20
4540,0,0,1,capital-gain <= 3935.101,0.9989626407623291,100.0%,85.2%,0.21
4541,0,0,1,capital-gain <= 6877.313,0.8780674338340759,100.0%,92.0%,0.22
4542,0,0,1,N/A,0.5678462982177734,0.0%,76.2%,0.18
4543,0,0,1,capital-gain <= 3247.266 and native-country <= 42.293,0.9276027083396912,100.0%,86.8%,0.20
4544,0,0,1,capital-gain <= 2976.693,0.8385426998138428,100.0%,77.6%,0.20
4545,0,0,1,capital-gain <= 4449.477,0.9559081196784973,100.0%,86.8%,0.20
4546,0,0,1,workclass <= 1.912 and race <= 4.158,0.9956638813018799,100.0%,89.0%,0.20
4547,0,0,1,workclass > 1.884,0.9896194934844971,100.0%,80.0%,0.20
4548,0,0,1,occupation > 1.793,0.7178388833999634,100.0%,91.6%,0.20
4549,0,0,1,capital-gain <= 6804.396 and age <= 57.838,0.8908910751342773,100.0%,92.2%,0.21
4550,0,0,1,education-num > 12.429 and capital-gain <= 7959.411,0.8125618696212769,100.0%,85.4%,0.21
4551,0,0,1,capital-loss > -406.784 and education > 3.774,0.8366442322731018,100.0%,92.2%,0.21
4552,0,0,1,N/A,0.9984272122383118,100.0%,89.6%,0.19
4553,1,0,1,N/A,0.8224190473556519,0.0%,83.2%,0.22
4554,0,0,1,fnlwgt > 26983.724,0.9961803555488586,100.0%,77.2%,0.20
4555,1,0,1,age > 51.604 and capital-gain <= 7384.861,0.9018015265464783,100.0%,92.0%,0.19
4556,1,1,0,N/A,0.990632176399231,100.0%,94.8%,0.20
4557,0,0,1,capital-gain <= 2762.977 and relationship > 3.667 and education <= 13.169,0.9904699921607971,100.0%,81.6%,0.18
4558,1,1,0,N/A,0.5081838369369507,100.0%,94.0%,0.20
4559,0,0,1,age > 42.494 and occupation > 2.636,0.9901149868965149,100.0%,66.4%,0.07
4560,0,0,1,N/A,0.9976092576980591,0.0%,94.2%,0.20
4561,0,0,1,N/A,0.9987561106681824,0.0%,74.2%,0.17
4562,0,0,1,relationship > -0.275 and capital-loss > -366.011 and hours-per-week > 32.606,0.6030308604240417,100.0%,93.0%,0.26
4563,0,0,1,N/A,0.9952296018600464,0.0%,79.4%,0.21
4564,0,0,1,capital-gain > -5646.637,0.9975358247756958,100.0%,57.0%,0.20
4565,0,0,1,N/A,0.7065310478210449,0.0%,88.8%,0.18
4566,0,0,1,N/A,0.9531155228614807,0.0%,88.0%,0.21
4567,0,0,1,native-country > 20.004,0.8450842499732971,100.0%,91.0%,0.19
4568,0,0,1,marital-status <= 3.638 and fnlwgt > 273170.688,0.829864501953125,100.0%,87.8%,0.21
4569,0,0,1,occupation > 7.562 and native-country <= 39.542 and capital-gain <= 5963.573,0.9974508285522461,100.0%,92.6%,0.21
4570,1,1,0,N/A,0.8495895266532898,100.0%,84.4%,0.20
4571,0,1,0,N/A,0.5321712493896484,100.0%,85.0%,0.20
4572,0,0,1,capital-gain <= 6472.33,0.9724836349487305,100.0%,93.8%,0.20
4573,0,0,1,N/A,0.9733366966247559,0.0%,88.8%,0.22
4574,0,0,1,N/A,0.9990944266319275,0.0%,90.6%,0.18
4575,0,0,1,capital-gain <= 6905.593 and sex > -0.054,0.9797364473342896,100.0%,92.2%,0.21
4576,0,0,1,capital-gain <= 7266.013,0.9998593330383301,100.0%,92.4%,0.21
4577,0,0,1,capital-gain <= 6609.494,0.920282781124115,100.0%,94.6%,0.20
4578,0,0,1,N/A,0.7621200084686279,0.0%,81.8%,0.24
4579,1,1,0,N/A,0.8013771176338196,100.0%,87.4%,0.22
4580,0,0,1,capital-gain <= 4852.377,0.9138800501823425,100.0%,90.0%,0.20
4581,0,0,1,capital-gain <= 5182.175,0.9987646341323853,100.0%,89.6%,0.20
4582,0,0,1,marital-status > 3.207,0.9944436550140381,100.0%,73.4%,0.20
4583,1,0,1,capital-gain <= 7362.215,0.5128659605979919,100.0%,93.6%,0.23
4584,0,0,1,capital-gain <= 5970.634,0.9992324709892273,100.0%,86.6%,0.22
4585,1,0,1,fnlwgt <= 240982.992 and education-num <= 11.286,0.6879916191101074,100.0%,87.6%,0.22
4586,0,0,1,workclass > 1.795 and education-num > 8.234,0.998795211315155,100.0%,83.6%,0.22
4587,0,0,1,fnlwgt <= 191771.023 and marital-status > 0.986 and hours-per-week <= 51.851,0.7249457836151123,100.0%,92.4%,0.23
4588,1,0,1,education > 4.611 and capital-gain <= 1824.117,0.9031757116317749,100.0%,92.2%,0.21
4589,1,0,1,capital-gain <= 7131.057,0.9614920020103455,100.0%,92.8%,0.21
4590,1,1,0,hours-per-week <= 32.562 and education-num <= 14.842,0.647309422492981,100.0%,91.6%,0.18
4591,0,0,1,capital-gain <= 7073.68,0.9893429279327393,100.0%,93.8%,0.20
4592,0,0,1,workclass <= 2.33 and capital-gain <= 5276.854 and sex <= 0.186,0.9769758582115173,100.0%,82.2%,0.19
4593,1,1,0,N/A,0.6694880723953247,0.0%,93.8%,0.30
4594,1,0,1,capital-gain <= 5956.176,0.6573325395584106,100.0%,91.4%,0.21
4595,0,0,1,capital-gain <= 7089.912,0.9947081804275513,100.0%,91.8%,0.23
4596,0,0,1,capital-gain <= 1833.399 and education > 14.577 and education-num > 6.163,0.9745416641235352,100.0%,86.8%,0.20
4597,1,1,0,N/A,0.6405593156814575,100.0%,86.6%,0.19
4598,0,0,1,native-country > 33.131,0.9990603923797607,100.0%,71.2%,0.18
4599,0,0,1,N/A,0.9368209838867188,0.0%,82.4%,0.19
4600,0,0,1,capital-gain <= 7105.836 and occupation > 3.268,0.9918330907821655,100.0%,90.6%,0.24
4601,0,0,1,N/A,0.9927560687065125,0.0%,87.8%,0.20
4602,1,0,1,relationship > -0.983 and marital-status <= 0.872,0.6324899196624756,100.0%,89.4%,0.19
4603,1,1,0,N/A,0.6338729858398438,100.0%,92.6%,0.25
4604,0,0,1,N/A,0.9967321157455444,100.0%,89.0%,0.27
4605,0,0,1,capital-gain <= 6343.185,0.590062141418457,100.0%,93.8%,0.23
4606,0,0,1,capital-gain <= 6737.627,0.848715603351593,100.0%,90.6%,0.20
4607,0,0,1,age > 37.308 and workclass <= 2.635,0.5583240985870361,100.0%,86.6%,0.20
4608,0,0,1,capital-gain <= 7224.251,0.8973174095153809,100.0%,94.6%,0.20
4609,0,0,1,N/A,0.9152409434318542,0.0%,88.0%,0.22
4610,0,0,1,N/A,0.998696506023407,0.0%,92.2%,0.21
4611,1,0,1,capital-gain <= 7303.123,0.5926975607872009,100.0%,85.0%,0.20
4612,0,0,1,N/A,0.9469248652458191,0.0%,76.0%,0.19
4613,0,0,1,education-num <= 15.822,0.9886409640312195,100.0%,92.6%,0.21
4614,1,0,1,capital-gain <= 6571.198,0.5676300525665283,100.0%,91.2%,0.21
4615,1,1,0,capital-gain <= 5026.918 and fnlwgt > 164770.414,0.6864719986915588,100.0%,89.8%,0.23
4616,0,0,1,capital-gain <= 7300.609,0.9427569508552551,100.0%,85.0%,0.22
4617,1,1,0,capital-gain > 7012.776 and race <= 4.545,0.9987500905990601,100.0%,91.4%,0.21
4618,1,0,1,relationship <= 2.487 and age <= 32.785,0.7740990519523621,100.0%,69.6%,0.19
4619,0,0,1,N/A,0.935543954372406,0.0%,94.0%,0.24
4620,0,0,1,N/A,0.8412906527519226,0.0%,90.2%,0.20
4621,0,0,1,capital-gain <= 5685.961,0.9997020959854126,100.0%,89.2%,0.20
4622,1,1,0,N/A,0.980305016040802,100.0%,76.4%,0.27
4623,0,0,1,capital-gain <= 4752.834 and capital-loss <= 248.429 and workclass > 2.25,0.9752129912376404,100.0%,85.6%,0.22
4624,0,0,1,sex <= 0.497 and capital-gain <= 4719.902,0.9334337115287781,100.0%,90.4%,0.21
4625,0,0,1,N/A,0.935989499092102,0.0%,82.0%,0.19
4626,0,0,1,N/A,0.9567654728889465,0.0%,93.0%,0.21
4627,1,1,0,capital-gain > 2428.97,0.9995763897895813,100.0%,79.6%,0.20
4628,0,0,1,capital-gain <= 4631.724,0.9988986849784851,100.0%,93.4%,0.21
4629,0,0,1,capital-gain <= 7319.233,0.9756242632865906,100.0%,94.4%,0.21
4630,0,1,0,capital-gain <= 5981.254,0.7084829211235046,100.0%,90.6%,0.21
4631,0,0,1,N/A,0.9794512391090393,0.0%,75.6%,0.18
4632,1,0,1,capital-gain <= 6891.564,0.8900862336158752,100.0%,92.8%,0.23
4633,1,0,1,capital-gain <= 6969.59,0.5674505233764648,100.0%,92.2%,0.21
4634,0,0,1,N/A,0.9629688262939453,0.0%,76.2%,0.20
4635,1,1,0,capital-gain > 7041.547 and education > 9.513,0.9995720982551575,100.0%,91.4%,0.20
4636,0,0,1,capital-gain <= 6850.62,0.9528717994689941,100.0%,91.6%,0.22
4637,0,1,0,N/A,0.7944203019142151,100.0%,91.0%,0.22
4638,0,0,1,capital-gain <= 5814.624,0.9861169457435608,100.0%,87.6%,0.20
4639,0,0,1,capital-gain <= 5097.226 and education-num > 9.5 and fnlwgt > 228899.492,0.9942784309387207,100.0%,85.8%,0.20
4640,1,1,0,education-num > 13.737,0.7896131277084351,100.0%,92.4%,0.20
4641,1,0,1,N/A,0.9174964427947998,0.0%,92.4%,0.22
4642,1,1,0,capital-gain > 7331.899,0.9986485838890076,100.0%,91.6%,0.23
4643,0,0,1,N/A,0.9967547655105591,100.0%,75.2%,0.20
4644,0,0,1,capital-gain <= 4556.892,0.7446001768112183,100.0%,86.4%,0.21
4645,0,0,1,education-num > 6.516,0.8518438339233398,100.0%,88.4%,0.22
4646,1,1,0,sex > 0.622,0.7054940462112427,100.0%,90.8%,0.21
4647,1,0,1,capital-gain <= 5151.372 and capital-loss <= 136.58 and occupation <= 3.5 and capital-gain <= 7255.874,0.7484004497528076,100.0%,88.8%,0.23
4648,1,1,0,capital-gain <= 3770.599 and occupation <= 10.602 and age > 24.898,0.6660491228103638,100.0%,80.4%,0.28
4649,0,0,1,capital-gain <= 6380.587,0.8285624980926514,100.0%,93.0%,0.24
4650,0,0,1,capital-gain <= 4924.905,0.9944421052932739,100.0%,88.0%,0.23
4651,0,0,1,capital-gain <= 4342.034,0.9801356792449951,100.0%,89.8%,0.22
4652,1,0,1,capital-gain <= 7300.589,0.6717520952224731,100.0%,89.4%,0.26
4653,1,1,0,N/A,0.9996007084846497,0.0%,93.8%,0.21
4654,1,1,0,capital-gain <= 5546.768 and occupation > 3.878,0.9646396636962891,100.0%,85.4%,0.20
4655,0,0,1,capital-gain <= 6487.649,0.8490875363349915,100.0%,85.8%,0.20
4656,0,1,0,N/A,0.6605187654495239,100.0%,88.4%,0.19
4657,0,0,1,fnlwgt > 31332.002 and workclass <= 2.176 and fnlwgt > -104058.338,0.9934514164924622,100.0%,77.6%,0.18
4658,0,0,1,capital-gain <= 6927.671,0.938613772392273,100.0%,93.2%,0.21
4659,0,0,1,capital-gain <= 6736.437,0.967477023601532,100.0%,91.4%,0.21
4660,1,0,1,fnlwgt > 82436.637 and sex <= 1.149,0.830172061920166,100.0%,91.8%,0.21
4661,0,0,1,relationship > 1.368,0.9993183016777039,100.0%,75.4%,0.18
4662,0,0,1,capital-gain <= 3504.041,0.9561470150947571,100.0%,81.4%,0.19
4663,0,0,1,native-country > 22.175,0.9887363314628601,100.0%,92.0%,0.21
4664,1,0,1,capital-gain <= 4659.852 and marital-status <= 2.346,0.5150049924850464,100.0%,90.0%,0.18
4665,0,0,1,occupation <= 6.192 and age <= 52.015,0.510440468788147,100.0%,83.6%,0.22
4666,0,0,1,capital-gain <= 7215.898,0.8064483404159546,100.0%,95.8%,0.20
4667,0,0,1,native-country <= 41.789 and race <= 4.657,0.6078914403915405,100.0%,81.4%,0.21
4668,0,0,1,capital-gain <= 7298.342,0.9986205101013184,100.0%,94.6%,0.21
4669,0,0,1,capital-gain <= 5866.465,0.9944403171539307,100.0%,92.2%,0.18
4670,0,0,1,workclass > 1.959 and capital-gain <= 907.536,0.999704897403717,100.0%,74.2%,0.18
4671,0,0,1,capital-gain <= 4686.398,0.9876283407211304,100.0%,92.6%,0.18
4672,0,0,1,hours-per-week <= 43.13 and occupation > 6.844,0.9995337128639221,100.0%,65.4%,0.19
4673,1,0,1,relationship <= 1.913 and fnlwgt <= 318529.719,0.7741333246231079,100.0%,90.2%,0.21
4674,1,1,0,workclass <= 2.14,0.8071780204772949,100.0%,80.6%,0.18
4675,0,0,1,fnlwgt > 121149.164,0.9587687253952026,100.0%,74.4%,0.19
4676,1,1,0,capital-gain <= 2817.786,0.5505911111831665,100.0%,88.4%,0.18
4677,0,0,1,N/A,0.9722337126731873,0.0%,84.6%,0.20
4678,0,0,1,capital-gain <= 4972.004,0.751214861869812,100.0%,88.8%,0.19
4679,0,0,1,N/A,0.9954508543014526,0.0%,78.4%,0.18
4680,0,0,1,education-num > 8.353 and race > 3.251,0.9436748027801514,100.0%,89.4%,0.33
4681,0,1,0,capital-gain <= 285.373 and workclass > 4.023,0.5030591487884521,100.0%,93.2%,0.22
4682,0,0,1,occupation <= 9.193,0.9829872250556946,100.0%,75.4%,0.19
4683,0,0,1,N/A,0.9975268840789795,0.0%,88.4%,0.18
4684,0,0,1,capital-gain <= 6668.124 and workclass <= 2.181,0.994043231010437,98.8%,89.4%,0.20
4685,0,0,1,education > 1.53,0.7727334499359131,100.0%,89.2%,0.20
4686,1,0,1,education-num <= 13.657 and capital-gain > -5055.394,0.7374064922332764,100.0%,87.4%,0.21
4687,0,0,1,capital-gain <= 6758.076,0.98618084192276,100.0%,88.8%,0.20
4688,0,0,1,capital-gain <= 6411.878,0.9994800090789795,100.0%,93.0%,0.20
4689,0,0,1,capital-gain <= 5793.268,0.8292656540870667,100.0%,86.4%,0.18
4690,0,0,1,native-country > 18.876,0.9882292151451111,100.0%,92.2%,0.19
4691,1,0,1,N/A,0.9193670153617859,0.0%,75.0%,0.18
4692,0,0,1,capital-gain <= 5623.11,0.5682452917098999,100.0%,87.8%,0.20
4693,1,1,0,N/A,0.6600521206855774,0.0%,91.0%,0.21
4694,1,1,0,N/A,0.8097773790359497,100.0%,66.4%,0.18
4695,0,0,1,native-country > 35.025 and occupation <= 7.002,0.9843220114707947,100.0%,70.6%,0.19
4696,0,0,1,N/A,0.975285530090332,0.0%,94.4%,0.21
4697,1,1,0,N/A,0.7734785079956055,100.0%,91.8%,0.21
4698,0,0,1,N/A,0.9532883167266846,0.0%,74.4%,0.18
4699,1,0,1,education > 3.711 and relationship > -0.338,0.7464480400085449,100.0%,93.0%,0.19
4700,1,0,1,capital-gain <= 6819.411,0.7436089515686035,100.0%,93.6%,0.24
4701,0,0,1,capital-gain <= 7306.874,0.9950528740882874,100.0%,94.8%,0.20
4702,0,0,1,capital-gain <= 4349.385 and sex > 0.671 and relationship <= 0.289 and capital-gain <= 7865.924,0.7108315229415894,100.0%,91.2%,0.24
4703,1,1,0,capital-gain > 5728.731,0.9714208841323853,100.0%,82.6%,0.21
4704,1,0,1,capital-gain <= 7201.46,0.7698266506195068,100.0%,95.6%,0.23
4705,0,0,1,capital-gain <= 7717.165,0.9996522068977356,100.0%,91.4%,0.21
4706,0,0,1,education <= 9.206 and capital-gain <= 7084.334,0.8154938220977783,100.0%,85.4%,0.30
4707,1,0,1,capital-gain <= 5113.457,0.7716920971870422,100.0%,88.4%,0.21
4708,0,0,1,N/A,0.9966285824775696,0.0%,87.6%,0.21
4709,0,0,1,N/A,0.9344918131828308,0.0%,91.8%,0.20
4710,0,0,1,capital-gain <= 4414.344 and occupation > 2.675,0.998985230922699,100.0%,88.2%,0.18
4711,0,0,1,capital-gain <= 4600.696 and marital-status > 2.49 and race <= 4.194,0.9995150566101074,100.0%,86.2%,0.19
4712,0,0,1,N/A,0.9894401431083679,0.0%,94.4%,0.21
4713,0,0,1,capital-gain <= 7198.203,0.999474287033081,100.0%,95.4%,0.20
4714,0,0,1,N/A,0.999247133731842,0.0%,92.8%,0.20
4715,1,1,0,N/A,0.5156819224357605,100.0%,92.2%,0.22
4716,0,0,1,capital-gain <= 7316.897,0.9972735643386841,100.0%,95.2%,0.19
4717,0,0,1,capital-gain <= 4949.691,0.998359203338623,100.0%,89.0%,0.19
4718,1,1,0,N/A,0.5306467413902283,100.0%,89.8%,0.21
4719,0,0,1,capital-gain <= 6724.907,0.9900059700012207,100.0%,93.0%,0.21
4720,0,0,1,capital-gain <= 6921.819,0.9989620447158813,100.0%,94.2%,0.21
4721,0,0,1,capital-gain <= 6529.251 and native-country <= 40.043 and capital-gain <= 7731.661,0.9752459526062012,100.0%,94.2%,0.20
4722,0,0,1,capital-gain <= 6778.095,0.9946876168251038,100.0%,92.6%,0.21
4723,0,0,1,capital-gain <= 7833.947,0.9996843934059143,100.0%,91.8%,0.19
4724,0,0,1,capital-gain <= 6754.754,0.9993667602539062,100.0%,90.6%,0.19
4725,0,0,1,N/A,0.7903719544410706,0.0%,95.0%,0.19
4726,0,0,1,N/A,0.946681559085846,0.0%,92.6%,0.20
4727,0,0,1,capital-gain <= 7007.117,0.8670957088470459,100.0%,93.4%,0.20
4728,0,0,1,education-num <= 7.603 and capital-gain <= 6818.1,0.945838987827301,100.0%,87.0%,0.19
4729,0,0,1,capital-gain <= 6297.148,0.9893701076507568,100.0%,92.6%,0.22
4730,0,0,1,capital-gain <= 6108.139,0.9898926615715027,100.0%,89.8%,0.21
4731,1,0,1,capital-loss <= 128.138,0.6384387612342834,100.0%,88.4%,0.20
4732,0,0,1,age > 31.679 and native-country > 32.302,0.9582760334014893,100.0%,90.2%,0.30
4733,1,1,0,race > 3.38,0.9981523156166077,100.0%,88.6%,0.25
4734,0,0,1,capital-gain <= 6889.792,0.7750937342643738,100.0%,89.4%,0.20
4735,0,0,1,hours-per-week <= 53.113 and workclass <= 2.095,0.9912062883377075,100.0%,89.2%,0.23
4736,0,0,1,capital-gain <= 7161.783,0.6032706499099731,100.0%,93.8%,0.19
4737,1,1,0,N/A,0.7736858129501343,100.0%,74.6%,0.19
4738,0,1,0,N/A,0.7913194298744202,100.0%,82.2%,0.20
4739,0,0,1,workclass <= 2.2 and relationship > 0.514 and capital-loss > -91.468 and education > 8.313,0.9560524225234985,100.0%,88.0%,0.20
4740,1,0,1,marital-status <= 3.384 and capital-gain <= 5790.098,0.5862966775894165,100.0%,84.4%,0.18
4741,0,0,1,marital-status > 3.924 and capital-gain <= 5303.069,0.9950166344642639,100.0%,83.2%,0.18
4742,1,1,0,capital-gain <= 4451.17,0.7171043157577515,100.0%,89.6%,0.20
4743,0,0,1,N/A,0.9910246729850769,0.0%,77.0%,0.19
4744,0,0,1,capital-gain <= 2766.468 and fnlwgt <= 201376.641 and hours-per-week <= 41.562,0.9978544116020203,100.0%,80.2%,0.20
4745,1,0,1,capital-gain <= 5115.579,0.5621708631515503,100.0%,90.0%,0.19
4746,1,1,0,capital-gain <= 2963.165,0.9045562744140625,100.0%,82.0%,0.21
4747,1,1,0,N/A,0.660784900188446,0.0%,93.4%,0.21
4748,0,0,1,age <= 49.218 and occupation <= 9.095,0.8072978854179382,100.0%,89.0%,0.23
4749,0,0,1,capital-gain <= 5987.338 and fnlwgt <= 269120.281 and hours-per-week <= 45.929,0.8560972809791565,100.0%,88.4%,0.20
4750,1,1,0,N/A,0.5044153928756714,100.0%,89.8%,0.19
4751,1,1,0,N/A,0.7109128832817078,100.0%,87.4%,0.20
4752,0,0,1,N/A,0.9983633160591125,0.0%,91.0%,0.20
4753,0,0,1,capital-gain <= 5807.4 and hours-per-week > 28.505,0.5215179324150085,100.0%,91.8%,0.22
4754,1,1,0,N/A,0.8022890090942383,100.0%,91.4%,0.21
4755,0,0,1,capital-gain <= 6127.021,0.9997141361236572,100.0%,91.8%,0.21
4756,1,0,1,capital-gain <= 7047.411 and capital-loss > -22.598,0.9828667640686035,100.0%,93.8%,0.20
4757,0,0,1,N/A,0.7879796028137207,0.0%,91.0%,0.20
4758,0,0,1,N/A,0.9838781952857971,0.0%,75.2%,0.19
4759,0,0,1,capital-gain <= 6802.31,0.8520171642303467,100.0%,92.6%,0.20
4760,0,0,1,capital-loss > 841.37 and education-num > 13.116 and native-country > 35.532,0.9836956858634949,100.0%,89.6%,0.20
4761,0,0,1,native-country <= 32.569 and capital-gain <= 7107.557,0.9992536902427673,100.0%,89.0%,0.25
4762,0,0,1,capital-gain <= 4318.139 and occupation <= 6.242 and capital-gain <= 7398.585,0.992261528968811,100.0%,91.0%,0.23
4763,0,0,1,capital-gain <= 6814.46,0.9796774983406067,100.0%,91.8%,0.19
4764,0,0,1,N/A,0.9183082580566406,0.0%,81.4%,0.20
4765,1,1,0,capital-gain <= 4121.34 and occupation > 5.015,0.6371240019798279,100.0%,91.2%,0.22
4766,0,0,1,capital-gain <= 6430.029,0.9897563457489014,100.0%,90.2%,0.19
4767,0,0,1,age <= 40.605 and workclass > 1.426 and capital-loss <= 481.299,0.9486286044120789,100.0%,92.0%,0.21
4768,1,1,0,N/A,0.9805221557617188,100.0%,73.4%,0.18
4769,0,0,1,occupation <= 7.445 and capital-loss <= 467.25,0.6881119012832642,100.0%,92.6%,0.22
4770,1,0,1,capital-gain <= 7302.458,0.5423362851142883,100.0%,91.8%,0.20
4771,0,0,1,N/A,0.9580472111701965,0.0%,94.0%,0.21
4772,0,0,1,N/A,0.9918501377105713,0.0%,93.0%,0.20
4773,1,0,1,capital-loss > -249.699 and hours-per-week <= 44.869,0.5327252149581909,100.0%,91.0%,0.20
4774,0,0,1,fnlwgt > 104526.781 and capital-gain <= 4315.15 and marital-status > 3.951,0.9989222288131714,100.0%,79.8%,0.19
4775,0,0,1,N/A,0.997870147228241,0.0%,91.8%,0.19
4776,0,0,1,capital-gain <= 7714.507,0.9712805151939392,100.0%,90.8%,0.21
4777,1,1,0,N/A,0.5633111000061035,100.0%,82.8%,0.20
4778,0,0,1,education-num <= 6.544 and marital-status <= 4.016,0.9434348940849304,100.0%,89.4%,0.19
4779,0,0,1,education > 14.796,0.9790896773338318,100.0%,87.0%,0.21
4780,0,0,1,capital-gain <= 9229.577,0.971115231513977,100.0%,89.8%,0.20
4781,1,0,1,hours-per-week <= 49.328 and capital-gain <= 4855.795,0.7512220740318298,100.0%,94.4%,0.21
4782,1,1,0,N/A,0.9479386806488037,100.0%,84.0%,0.19
4783,0,0,1,N/A,0.9974377155303955,0.0%,76.0%,0.18
4784,0,0,1,N/A,0.988765299320221,0.0%,78.6%,0.18
4785,0,0,1,capital-gain <= 6729.733,0.9895584583282471,100.0%,91.6%,0.19
4786,1,1,0,capital-gain <= 5000.775 and fnlwgt > 83290.715,0.607991635799408,100.0%,93.2%,0.21
4787,1,0,1,N/A,0.8819081783294678,0.0%,91.0%,0.20
4788,0,0,1,capital-gain <= 4647.264,0.9665565490722656,100.0%,90.2%,0.19
4789,0,0,1,relationship > 0.389,0.8144594430923462,100.0%,86.4%,0.20
4790,0,0,1,capital-gain <= 5401.152,0.9561367630958557,100.0%,90.4%,0.19
4791,0,0,1,N/A,0.9870604276657104,0.0%,92.8%,0.35
4792,1,0,1,capital-gain <= 6370.931 and age > 34.007 and relationship > -1.234,0.5892722606658936,100.0%,91.8%,0.24
4793,0,0,1,age <= 27.624 and capital-gain <= 1798.707,0.9926585555076599,100.0%,91.0%,0.21
4794,0,0,1,capital-gain <= 7103.529 and native-country <= 39.423,0.9983444213867188,100.0%,92.6%,0.22
4795,0,0,1,N/A,0.9673433303833008,0.0%,77.0%,0.19
4796,0,0,1,relationship > -0.816,0.5647451281547546,100.0%,87.0%,0.18
4797,1,1,0,capital-gain > 4263.101,0.9950537085533142,100.0%,87.4%,0.21
4798,0,0,1,race > 3.248,0.9878836274147034,100.0%,91.4%,0.23
4799,0,0,1,capital-gain <= 8061.367 and race > 3.657,0.9896530508995056,100.0%,92.6%,0.20
4800,0,0,1,native-country > 35.302 and capital-gain <= 6155.245,0.5336662530899048,100.0%,85.6%,0.23
4801,0,0,1,capital-gain <= 4040.813,0.9832999110221863,100.0%,84.4%,0.22
4802,1,0,1,workclass <= 2.429,0.9926272630691528,100.0%,86.8%,0.23
4803,1,1,0,N/A,0.9817282557487488,100.0%,77.6%,0.25
4804,0,0,1,capital-gain <= 6453.759 and education-num > 7.868 and race > 3.674,0.9984779953956604,100.0%,88.4%,0.27
4805,0,0,1,N/A,0.6787915229797363,0.0%,79.2%,0.20
4806,0,0,1,capital-gain <= 9800.988,0.9884870648384094,100.0%,85.8%,0.21
4807,0,0,1,capital-gain <= 6247.6 and race <= 4.307,0.5521067380905151,99.9%,90.2%,0.22
4808,0,0,1,capital-gain <= 6634.691,0.686449408531189,100.0%,91.0%,0.20
4809,1,1,0,capital-gain <= 3666.669 and occupation > 0.867,0.6837632060050964,100.0%,88.8%,0.20
4810,0,0,1,N/A,0.8002001047134399,0.0%,85.4%,0.19
4811,0,0,1,age <= 40.293 and fnlwgt <= 285238.531 and capital-gain <= 2028.715,0.9993982315063477,100.0%,86.6%,0.22
4812,0,0,1,capital-gain <= 7111.057,0.925934910774231,100.0%,92.6%,0.20
4813,0,0,1,capital-gain <= 6095.952,0.9930956363677979,100.0%,90.8%,0.22
4814,0,0,1,fnlwgt > 119325.953 and capital-gain <= 3769.797,0.9989109039306641,100.0%,77.4%,0.19
4815,0,0,1,race > 3.993 and workclass > 0.946,0.9819321036338806,100.0%,73.6%,0.18
4816,1,1,0,fnlwgt <= 332208.453,0.9936217665672302,100.0%,93.4%,0.22
4817,0,0,1,hours-per-week <= 55.431 and age <= 55.024,0.7568433284759521,100.0%,90.0%,0.22
4818,0,0,1,capital-gain <= 6524.86,0.9565054178237915,100.0%,92.8%,0.21
4819,1,0,1,education-num <= 13.97 and capital-loss > -83.111,0.7703770399093628,100.0%,92.6%,0.22
4820,0,0,1,education > 13.155,0.979751706123352,100.0%,73.2%,0.19
4821,1,1,0,N/A,0.5732836723327637,100.0%,93.8%,0.32
4822,0,0,1,native-country > 25.208,0.8941993713378906,100.0%,90.8%,0.23
4823,0,0,1,capital-gain <= 6952.527,0.5061663389205933,100.0%,92.0%,0.22
4824,0,0,1,capital-gain <= 6433.721,0.8655571937561035,100.0%,93.4%,0.22
4825,0,0,1,capital-gain <= 8447.95,0.9996793866157532,100.0%,90.2%,0.22
4826,0,0,1,capital-gain <= 7060.217,0.9925019145011902,100.0%,91.8%,0.20
4827,0,0,1,capital-gain <= 5714.476,0.5001776814460754,100.0%,93.4%,0.21
4828,0,0,1,capital-gain <= 2235.756,0.9996196031570435,100.0%,77.2%,0.19
4829,0,0,1,hours-per-week > 22.697 and capital-loss <= 303.679,0.9548672437667847,100.0%,74.0%,0.18
4830,0,0,1,capital-gain <= 7537.474,0.8668394684791565,100.0%,93.8%,0.20
4831,0,0,1,capital-gain <= 7762.269,0.9899370670318604,100.0%,92.6%,0.22
4832,0,0,1,capital-gain <= 6548.662,0.9918855428695679,100.0%,93.2%,0.19
4833,0,1,0,N/A,0.5853350162506104,100.0%,90.4%,0.20
4834,0,0,1,native-country > 32.963 and fnlwgt <= 266522.859,0.6460056304931641,100.0%,92.2%,0.21
4835,0,0,1,age > 17.899 and race > 3.626,0.9988940954208374,100.0%,71.6%,0.18
4836,0,0,1,capital-gain <= 6248.12,0.9859717488288879,100.0%,92.8%,0.20
4837,0,0,1,hours-per-week <= 51.186 and relationship > 1.535,0.9943673014640808,100.0%,91.2%,0.23
4838,1,0,1,capital-gain <= 6196.672 and capital-loss <= 368.665,0.8460050821304321,100.0%,89.4%,0.20
4839,0,0,1,capital-gain <= 6190.371,0.9784014821052551,100.0%,88.6%,0.22
4840,1,0,1,capital-gain <= 6910.523,0.9068384170532227,100.0%,94.8%,0.23
4841,0,0,1,capital-gain <= 7733.875,0.9874866604804993,100.0%,89.8%,0.24
4842,0,0,1,capital-gain <= 6173.736,0.9639262557029724,100.0%,93.0%,0.20
4843,0,0,1,capital-gain <= 6780.223,0.9808168411254883,100.0%,93.8%,0.19
4844,0,0,1,capital-gain <= 6476.372 and native-country <= 38.006 and workclass > 0.538,0.9996730089187622,100.0%,86.0%,0.20
4845,0,0,1,marital-status <= 1.881 and race > 3.073 and capital-loss > -261.559,0.8498942255973816,100.0%,89.0%,0.20
4846,0,0,1,capital-gain <= 4098.32 and occupation > 10.346 and education-num > 8.944,0.8972772359848022,100.0%,87.0%,0.22
4847,0,0,1,capital-gain <= 7270.583,0.9037646055221558,100.0%,93.6%,0.22
4848,0,0,1,capital-gain <= 6270.993,0.9641174674034119,100.0%,89.6%,0.26
4849,1,1,0,native-country <= 22.215,0.7652744650840759,100.0%,91.2%,0.18
4850,0,0,1,workclass <= 2.304 and capital-gain <= 7462.214,0.999359130859375,100.0%,85.4%,0.22
4851,0,0,1,capital-gain <= 5151.938,0.9996875524520874,100.0%,92.8%,0.20
4852,0,0,1,capital-gain <= 4504.725 and race <= 4.135 and capital-gain <= 7973.219,0.9849833250045776,100.0%,91.0%,0.22
4853,0,0,1,capital-gain <= 5533.316,0.9986857771873474,100.0%,87.6%,0.20
4854,0,0,1,N/A,0.6712557077407837,0.0%,89.6%,0.20
4855,0,0,1,occupation <= 9.722 and hours-per-week <= 50.294,0.7758891582489014,100.0%,74.6%,0.19
4856,1,1,0,capital-gain > 6723.273 and occupation <= 3.171,0.9996091723442078,100.0%,89.2%,0.21
4857,0,0,1,capital-gain <= 6748.37,0.9120086431503296,100.0%,91.8%,0.19
4858,1,1,0,capital-gain > -9758.821,0.8465203046798706,100.0%,89.4%,0.22
4859,1,0,1,capital-gain <= 6755.887,0.8732061982154846,100.0%,91.4%,0.21
4860,1,1,0,N/A,0.5301312208175659,100.0%,85.2%,0.19
4861,0,0,1,capital-gain <= 4323.845 and native-country <= 23.792,0.9096834063529968,100.0%,89.6%,0.20
4862,0,0,1,capital-gain <= 3589.246 and marital-status > 3.289,0.9930988550186157,100.0%,87.8%,0.20
4863,0,0,1,capital-gain <= 6662.993,0.8879761695861816,100.0%,91.6%,0.23
4864,0,0,1,N/A,0.9930070042610168,100.0%,90.6%,0.19
4865,0,0,1,capital-gain <= 3618.923 and fnlwgt <= 219156.758 and capital-loss <= 129.757 and fnlwgt <= 308257.719 and capital-gain <= 4530.636,0.994123637676239,100.0%,89.8%,0.20
4866,0,0,1,N/A,0.977529764175415,0.0%,75.0%,0.20
4867,0,0,1,capital-gain <= 6770.976,0.928855836391449,100.0%,91.6%,0.22
4868,0,0,1,N/A,0.9969367384910583,0.0%,93.0%,0.24
4869,1,1,0,N/A,0.9988493919372559,0.0%,91.2%,0.22
4870,0,0,1,capital-gain <= 7290.742,0.9710732102394104,100.0%,92.2%,0.20
4871,0,0,1,workclass > 2.721,0.7308920621871948,100.0%,86.0%,0.18
4872,1,1,0,sex > 0.573,0.7535555958747864,100.0%,84.2%,0.24
4873,0,0,1,N/A,0.8966492414474487,0.0%,85.0%,0.59
4874,1,0,1,capital-gain <= 6805.074,0.6928719282150269,100.0%,88.8%,0.19
4875,0,0,1,capital-gain <= 4317.069,0.9906149506568909,100.0%,87.8%,0.21
4876,1,1,0,capital-gain <= 6669.782 and age > 10.873,0.5573660135269165,100.0%,92.8%,0.23
4877,1,1,0,N/A,0.9833698272705078,100.0%,76.0%,0.24
4878,0,0,1,capital-gain <= 7216.991,0.9978436231613159,100.0%,93.8%,0.25
4879,0,0,1,N/A,0.9996921420097351,0.0%,92.2%,0.22
4880,1,1,0,N/A,0.9920742511749268,100.0%,88.4%,0.22
4881,0,0,1,capital-gain <= 4703.871,0.9995937943458557,100.0%,87.4%,0.22
4882,0,0,1,native-country > 32.023,0.9915129542350769,100.0%,89.0%,0.22
4883,0,0,1,N/A,0.992497444152832,0.0%,77.8%,0.17
4884,0,0,1,capital-gain <= 5667.686,0.549332857131958,100.0%,90.2%,0.19
4885,0,0,1,capital-gain <= 5053.641 and capital-loss <= 24.895 and workclass <= 1.694 and fnlwgt > 183599.391,0.5736641883850098,100.0%,88.2%,0.21
4886,1,1,0,N/A,0.6306105256080627,100.0%,89.0%,0.18
4887,1,1,0,N/A,0.9962896108627319,0.0%,21.6%,0.18
4888,0,1,0,race <= 2.823,0.6423231363296509,100.0%,76.2%,0.20
4889,0,1,0,N/A,0.6707350015640259,100.0%,89.6%,0.23
4890,0,0,1,N/A,0.983779788017273,0.0%,90.8%,0.21
4891,0,0,1,hours-per-week <= 57.746,0.9329553842544556,100.0%,91.0%,0.19
4892,0,0,1,capital-gain <= 4593.055,0.9081734418869019,100.0%,87.6%,0.18
4893,1,1,0,N/A,0.6635528802871704,100.0%,85.8%,0.20
4894,0,0,1,capital-gain <= 6265.004 and workclass > 2.082 and capital-gain <= 7653.135,0.9787099361419678,100.0%,84.4%,0.19
4895,1,1,0,N/A,0.9821885228157043,0.0%,93.8%,0.21
4896,1,1,0,N/A,0.8044700026512146,100.0%,90.4%,0.20
4897,0,0,1,capital-gain <= 5696.978 and race > 3.692 and native-country > 32.412,0.999735414981842,100.0%,82.8%,0.18
4898,0,0,1,capital-gain <= 1098.809,0.9568212032318115,100.0%,83.6%,0.20
4899,1,0,1,education > 11.56 and workclass > 0.927 and age <= 44.833,0.5730320811271667,100.0%,93.6%,0.20
4900,0,0,1,capital-gain <= 4675.075 and fnlwgt > 119322.316,0.898071825504303,100.0%,92.2%,0.23
4901,0,0,1,capital-gain <= 5105.656,0.8999674320220947,100.0%,88.8%,0.19
4902,0,0,1,hours-per-week <= 47.458 and age <= 44.607,0.9107713103294373,100.0%,92.2%,0.21
4903,0,0,1,N/A,0.9981037378311157,0.0%,75.4%,0.22
4904,0,1,0,N/A,0.5444391369819641,100.0%,89.8%,0.31
4905,0,0,1,capital-gain <= 6706.956,0.574259877204895,100.0%,92.2%,0.24
4906,0,0,1,capital-gain <= 6782.062,0.8294083476066589,100.0%,92.0%,0.23
4907,0,0,1,capital-gain <= 6223.857,0.9948998689651489,100.0%,90.4%,0.20
4908,0,0,1,hours-per-week > 20.776,0.6626715064048767,100.0%,82.6%,0.20
4909,0,0,1,capital-gain <= 4489.772,0.9922945499420166,100.0%,89.4%,0.20
4910,0,0,1,marital-status > 2.765 and relationship > 1.47 and hours-per-week <= 30.413 and capital-gain <= 6239.617,0.9990812540054321,100.0%,80.0%,0.18
4911,0,0,1,capital-gain <= 3674.98,0.956610381603241,100.0%,85.6%,0.19
4912,0,1,0,N/A,0.5166691541671753,100.0%,85.4%,0.20
4913,0,0,1,capital-gain > -10905.098 and education-num <= 15.179,0.8084363341331482,100.0%,93.4%,0.18
4914,0,0,1,N/A,0.9712748527526855,0.0%,91.4%,0.21
4915,0,0,1,capital-gain <= 7288.891,0.9795040488243103,100.0%,92.2%,0.20
4916,1,1,0,N/A,0.8107168674468994,0.0%,89.6%,0.18
4917,0,0,1,education-num <= 8.938 and occupation > 8.622 and capital-loss <= 184.494,0.9583197832107544,100.0%,79.0%,0.18
4918,0,0,1,N/A,0.8561084866523743,100.0%,55.4%,0.08
4919,0,0,1,capital-gain <= 6202.754,0.677103579044342,100.0%,92.4%,0.21
4920,0,0,1,capital-gain <= 3363.82,0.9961532354354858,100.0%,87.0%,0.19
4921,0,0,1,N/A,0.9994727373123169,0.0%,82.8%,0.19
4922,0,0,1,capital-gain <= 6541.544,0.9978575110435486,100.0%,91.8%,0.19
4923,0,0,1,relationship > -3.254,0.7962117195129395,100.0%,92.6%,0.20
4924,0,0,1,capital-gain <= 5883.857 and education > 9.834,0.7812437415122986,100.0%,87.6%,0.20
4925,0,0,1,occupation > 8.191,0.9997348785400391,100.0%,69.4%,0.17
4926,0,0,1,N/A,0.9870780110359192,0.0%,90.2%,0.20
4927,0,0,1,fnlwgt > 160273.633,0.8758810758590698,100.0%,75.2%,0.20
4928,0,0,1,sex > 0.845 and capital-gain <= 5951.64,0.9074206948280334,100.0%,87.2%,0.19
4929,1,1,0,N/A,0.5009577870368958,100.0%,76.4%,0.18
4930,0,1,0,education-num <= 10.643,0.8465949296951294,100.0%,77.8%,0.18
4931,0,0,1,N/A,0.9925639033317566,0.0%,71.6%,0.18
4932,0,0,1,capital-gain <= 6644.572,0.9620075225830078,100.0%,94.0%,0.21
4933,0,0,1,capital-gain <= 4956.077,0.743057131767273,100.0%,90.0%,0.20
4934,1,1,0,N/A,0.919726550579071,0.0%,94.6%,0.19
4935,0,0,1,N/A,0.9986324310302734,0.0%,93.6%,0.20
4936,1,0,1,capital-gain <= 5751.94,0.6433891654014587,100.0%,94.8%,0.21
4937,0,0,1,capital-gain <= 3342.756,0.9864840507507324,100.0%,89.0%,0.22
4938,1,1,0,capital-gain <= 7323.173 and marital-status > -0.566,0.9203211665153503,100.0%,94.8%,0.22
4939,0,0,1,capital-gain <= 5332.776,0.99674391746521,100.0%,90.4%,0.21
4940,0,0,1,capital-gain <= 5167.265 and age <= 37.357 and marital-status > 3.86,0.9977961778640747,100.0%,87.4%,0.20
4941,1,1,0,education-num > 8.02 and capital-gain > 7284.757,0.9979388117790222,100.0%,91.2%,0.20
4942,0,0,1,fnlwgt > 14601.775 and education-num > 10.084,0.988983690738678,100.0%,89.4%,0.20
4943,0,0,1,N/A,0.8799253702163696,0.0%,92.4%,0.19
4944,0,0,1,N/A,0.940830409526825,0.0%,90.0%,0.19
4945,0,0,1,capital-gain <= 8264.337,0.9537497758865356,100.0%,76.8%,0.18
4946,0,0,1,capital-gain <= 6349.54,0.9967052340507507,100.0%,91.6%,0.21
4947,0,0,1,capital-gain <= 5551.03,0.9992266893386841,100.0%,89.2%,0.18
4948,0,0,1,capital-gain <= 5561.557,0.9997194409370422,100.0%,88.0%,0.19
4949,0,0,1,education > 10.65 and capital-gain <= 6992.614 and hours-per-week <= 20.886,0.9961316585540771,100.0%,87.6%,0.19
4950,0,0,1,capital-loss > -413.332 and fnlwgt <= 148389.219,0.6933600902557373,100.0%,90.6%,0.17
4951,0,0,1,N/A,0.760219395160675,0.0%,91.4%,0.19
4952,0,0,1,capital-gain <= 7085.661,0.9931883215904236,100.0%,94.0%,0.19
4953,0,0,1,N/A,0.949756920337677,0.0%,77.4%,0.17
4954,1,1,0,N/A,0.7014387249946594,100.0%,84.2%,0.19
4955,1,1,0,capital-gain > 6911.438,0.9931262731552124,100.0%,93.6%,0.21
4956,0,0,1,age > 25.603 and capital-gain <= 4257.729,0.5708162784576416,100.0%,95.8%,0.20
4957,1,1,0,N/A,0.5140378475189209,100.0%,93.0%,0.20
4958,0,0,1,native-country <= 44.213 and hours-per-week > 13.361,0.9325792193412781,100.0%,76.8%,0.18
4959,1,1,0,N/A,0.5483382344245911,0.0%,91.2%,0.19
4960,1,0,1,N/A,0.6209155321121216,0.0%,87.6%,0.20
4961,0,0,1,capital-gain <= 5096.638,0.7029203176498413,100.0%,89.0%,0.21
4962,1,1,0,education-num > 13.297,0.9819970726966858,100.0%,74.0%,0.20
4963,0,0,1,capital-gain <= 5973.825,0.9952965974807739,100.0%,88.2%,0.20
4964,0,0,1,capital-gain <= 7204.076,0.6582481861114502,100.0%,95.4%,0.20
4965,1,1,0,N/A,0.8095178008079529,100.0%,85.4%,0.18
4966,0,1,0,N/A,0.5098872780799866,100.0%,74.0%,0.20
4967,0,0,1,N/A,0.8675848245620728,0.0%,88.4%,0.19
4968,0,0,1,N/A,0.9673058986663818,100.0%,77.8%,0.20
4969,0,0,1,N/A,0.9700574278831482,0.0%,92.0%,0.20
4970,1,1,0,N/A,0.9962461590766907,100.0%,75.8%,0.24
4971,0,1,0,N/A,0.5981438159942627,100.0%,92.6%,0.23
4972,1,1,0,N/A,0.8157042860984802,100.0%,81.4%,0.22
4973,0,0,1,hours-per-week <= 47.093 and occupation <= 9.044,0.8361179232597351,100.0%,93.8%,0.21
4974,1,1,0,N/A,0.9270939826965332,0.0%,23.2%,0.17
4975,1,1,0,N/A,0.9965094923973083,100.0%,82.8%,0.19
4976,1,1,0,N/A,0.7320806980133057,100.0%,87.2%,0.22
4977,1,1,0,N/A,0.6598242521286011,0.0%,91.6%,0.20
4978,0,0,1,capital-gain <= 6968.663,0.6870690584182739,100.0%,89.2%,0.20
4979,0,0,1,capital-gain <= 3421.736,0.9894727468490601,100.0%,80.0%,0.18
4980,0,0,1,capital-gain <= 6992.001 and capital-loss <= 187.314,0.9647703170776367,100.0%,93.2%,0.20
4981,0,0,1,relationship > 2.227 and hours-per-week > 24.392,0.9996989965438843,100.0%,72.6%,0.18
4982,0,0,1,capital-loss > -481.214,0.999728262424469,100.0%,75.6%,0.18
4983,0,0,1,capital-gain <= 7119.773 and education > 12.875,0.9938268661499023,100.0%,92.6%,0.20
4984,0,1,0,education-num > 9.867,0.5792840123176575,100.0%,51.2%,0.05
4985,0,0,1,capital-gain <= 5702.538,0.9988386631011963,100.0%,90.4%,0.21
4986,0,0,1,capital-gain <= 6003.046,0.7154886722564697,100.0%,94.0%,0.21
4987,0,0,1,N/A,0.9284500479698181,0.0%,90.0%,0.20
4988,0,0,1,capital-gain <= 7214.334,0.999840259552002,100.0%,93.2%,0.17
4989,1,0,1,capital-gain <= 6479.145,0.6853281855583191,100.0%,91.6%,0.19
4990,0,0,1,capital-gain <= 6034.474,0.985502302646637,100.0%,90.0%,0.20
4991,0,0,1,capital-gain <= 6987.481,0.9928065538406372,100.0%,93.8%,0.20
4992,0,1,0,N/A,0.5202855467796326,100.0%,85.8%,0.19
4993,0,0,1,capital-gain <= 4985.141,0.9506934285163879,100.0%,89.2%,0.19
4994,0,1,0,capital-gain <= 6860.658 and occupation <= 11.274,0.7340313196182251,100.0%,92.2%,0.20
4995,1,1,0,N/A,0.83602374792099,100.0%,90.0%,0.20
4996,1,0,1,capital-gain <= 6415.609,0.8974673748016357,100.0%,91.4%,0.30
4997,0,0,1,N/A,0.8960464596748352,0.0%,90.6%,0.21
4998,0,0,1,capital-gain <= 7104.976,0.9637612104415894,100.0%,93.6%,0.22
4999,1,1,0,N/A,0.9298896789550781,100.0%,58.4%,0.19
5000,0,0,1,marital-status > 2.072 and race > 2.525,0.9990207552909851,100.0%,86.2%,0.20
5001,1,0,1,capital-gain <= 4032.368 and workclass <= 2.507,0.7308568954467773,100.0%,85.0%,0.20
5002,0,0,1,fnlwgt > 149592.25,0.9755369424819946,100.0%,86.4%,0.20
5003,0,0,1,capital-gain <= 398.681,0.9791398048400879,100.0%,90.6%,0.25
5004,0,0,1,capital-gain <= 3596.273,0.5592267513275146,100.0%,84.4%,0.22
5005,0,0,1,capital-gain <= 7028.744,0.9998154044151306,100.0%,92.8%,0.23
5006,0,0,1,age <= 34.971 and capital-loss > -102.087,0.99904865026474,100.0%,75.4%,0.32
5007,0,0,1,hours-per-week <= 57.62,0.9559920430183411,100.0%,91.4%,0.22
5008,0,0,1,capital-gain <= 2801.875 and capital-loss > -27.233 and capital-gain <= 5177.713 and hours-per-week > 38.208,0.8619384169578552,100.0%,92.6%,0.22
5009,0,0,1,capital-gain <= 6871.487,0.9015550017356873,100.0%,90.8%,0.23
5010,0,0,1,capital-gain <= 5585.934,0.8747166991233826,100.0%,88.6%,0.23
5011,1,1,0,N/A,0.6380224227905273,100.0%,92.6%,0.23
5012,0,0,1,capital-gain <= 3233.848 and fnlwgt > 107462.977,0.9978155493736267,100.0%,91.0%,0.23
5013,0,0,1,relationship <= 0.013 and capital-gain <= 6184.372,0.7026703357696533,100.0%,89.2%,0.20
5014,0,0,1,capital-gain <= 7211.426,0.9893749356269836,100.0%,94.4%,0.20
5015,0,0,1,capital-gain <= 7317.27,0.9972256422042847,100.0%,90.8%,0.18
5016,0,1,0,N/A,0.5319997072219849,100.0%,91.2%,0.22
5017,0,0,1,sex > -0.276,0.941455602645874,100.0%,85.8%,0.20
5018,1,1,0,N/A,0.9050243496894836,0.0%,92.6%,0.19
5019,1,1,0,N/A,0.9939782619476318,0.0%,25.0%,0.20
5020,0,0,1,capital-gain <= 4292.01 and hours-per-week <= 50.741 and sex > 0.758,0.9921404123306274,100.0%,90.8%,0.20
5021,1,1,0,N/A,0.8574259877204895,0.0%,92.6%,0.20
5022,1,1,0,capital-gain > 6751.629,0.9952284097671509,100.0%,91.0%,0.21
5023,1,1,0,capital-gain > 7308.735,0.9991714954376221,100.0%,90.2%,0.31
5024,1,1,0,N/A,0.9965593218803406,0.0%,87.6%,0.23
5025,0,0,1,capital-gain <= 5146.792 and race > 3.146,0.9534421563148499,100.0%,86.8%,0.23
5026,0,0,1,capital-gain <= 1755.698,0.9949048161506653,100.0%,90.0%,0.21
5027,0,1,0,N/A,0.6628254652023315,100.0%,70.2%,0.20
5028,0,0,1,education <= 9.022,0.9120717644691467,100.0%,62.0%,0.18
5029,0,0,1,capital-gain <= 4716.688,0.9418591260910034,100.0%,93.2%,0.21
5030,1,0,1,education > 8.427 and capital-gain <= 4714.241,0.9571686387062073,100.0%,86.0%,0.19
5031,0,0,1,capital-gain <= 4235.397 and relationship > -0.379,0.5503260493278503,100.0%,86.6%,0.22
5032,0,0,1,N/A,0.9631505012512207,0.0%,93.8%,0.20
5033,0,0,1,capital-gain <= 3982.026,0.8586469888687134,100.0%,90.8%,0.19
5034,1,1,0,N/A,0.578902542591095,0.0%,92.8%,0.22
5035,0,0,1,capital-gain <= 6771.635,0.7907500267028809,100.0%,91.4%,0.21
5036,0,0,1,capital-gain <= 6244.862,0.9110403656959534,100.0%,94.0%,0.19
5037,1,1,0,capital-gain <= 6133.532 and relationship > -0.899,0.5859493017196655,100.0%,90.8%,0.20
5038,0,0,1,N/A,0.9383744597434998,0.0%,94.8%,0.22
5039,0,0,1,relationship <= 1.311 and fnlwgt > 153261.047 and sex <= 1.415,0.9797598719596863,100.0%,90.2%,0.19
5040,0,0,1,capital-gain <= 6519.108,0.9786108732223511,100.0%,91.8%,0.23
5041,1,0,1,capital-gain <= 6594.476,0.6752530336380005,100.0%,92.4%,0.21
5042,1,1,0,N/A,0.9987363219261169,0.0%,90.6%,0.22
5043,0,0,1,native-country <= 43.745,0.8829870223999023,99.0%,88.4%,0.21
5044,1,1,0,capital-loss > 673.217 and native-country <= 21.436,0.9964377880096436,100.0%,68.2%,0.23
5045,1,0,1,capital-gain <= 7097.532,0.8515630960464478,100.0%,93.2%,0.23
5046,0,0,1,capital-gain <= 7248.472,0.9973352551460266,100.0%,94.4%,0.22
5047,0,0,1,N/A,0.7868972420692444,100.0%,92.8%,0.22
5048,1,1,0,N/A,0.9979391694068909,0.0%,25.6%,0.18
5049,1,0,1,capital-gain <= 7782.957,0.7923916578292847,100.0%,95.0%,0.23
5050,0,0,1,capital-loss > -249.358 and sex > -0.012,0.9942055940628052,100.0%,75.6%,0.20
5051,1,1,0,capital-gain > 5501.636,0.9694314002990723,100.0%,91.4%,0.21
5052,0,0,1,capital-gain <= 7334.246,0.9665350914001465,100.0%,95.2%,0.25
5053,0,1,0,capital-gain <= 5957.129 and occupation > 4.91,0.6377877593040466,100.0%,92.2%,0.25
5054,1,1,0,N/A,0.5959991216659546,0.0%,91.6%,0.22
5055,0,0,1,capital-gain <= 2429.978,0.7322584390640259,100.0%,84.6%,0.21
5056,0,0,1,fnlwgt <= 201242.234 and capital-gain <= 7825.177,0.990358829498291,100.0%,81.8%,0.19
5057,0,0,1,N/A,0.9997559189796448,0.0%,87.8%,0.23
5058,0,0,1,education-num > 7.987 and native-country <= 41.564,0.972538411617279,100.0%,74.2%,0.18
5059,0,0,1,N/A,0.9631940722465515,0.0%,77.4%,0.18
5060,0,0,1,capital-gain <= 6996.803 and hours-per-week <= 20.024,0.9993261098861694,100.0%,93.2%,0.21
5061,1,1,0,N/A,0.9982326030731201,100.0%,82.8%,0.20
5062,1,1,0,capital-gain > 7200.359,0.9988377690315247,100.0%,92.2%,0.22
5063,0,0,1,N/A,0.9405801892280579,0.0%,88.0%,0.20
5064,1,1,0,workclass <= 3.281,0.7877334952354431,100.0%,75.8%,0.19
5065,1,1,0,N/A,0.7734785079956055,100.0%,92.4%,0.22
5066,0,0,1,N/A,0.98440021276474,0.0%,91.4%,0.19
5067,1,1,0,N/A,0.9981309771537781,0.0%,95.0%,0.23
5068,0,0,1,education-num <= 13.29,0.9366860389709473,100.0%,77.0%,0.20
5069,1,1,0,N/A,0.870573878288269,100.0%,82.6%,0.24
5070,0,0,1,capital-gain <= 2606.319 and age > 19.071 and sex > 0.863,0.9956040978431702,100.0%,93.8%,0.21
5071,0,0,1,capital-gain <= 6240.99,0.9511696696281433,100.0%,91.2%,0.19
5072,1,1,0,workclass > 3.887,0.7502106428146362,100.0%,83.6%,0.22
5073,0,0,1,capital-gain <= 6758.992,0.9745268821716309,100.0%,91.8%,0.21
5074,0,0,1,capital-gain <= 2108.75 and marital-status > 2.837,0.9591794013977051,100.0%,77.6%,0.19
5075,0,0,1,capital-gain <= 6485.337,0.6322698593139648,100.0%,92.2%,0.20
5076,1,1,0,N/A,0.7958556413650513,100.0%,91.4%,0.21
5077,0,0,1,capital-gain <= 6808.496,0.8566159009933472,100.0%,83.0%,0.21
5078,1,1,0,N/A,0.7978213429450989,100.0%,89.4%,0.21
5079,0,0,1,N/A,0.9402292370796204,0.0%,85.6%,0.19
5080,0,0,1,N/A,0.9995335936546326,0.0%,93.0%,0.20
5081,0,0,1,capital-gain <= 6126.313 and marital-status > -0.019,0.9413169622421265,100.0%,94.4%,0.26
5082,0,0,1,capital-gain <= 7355.089,0.9901103973388672,100.0%,93.4%,0.23
5083,1,0,1,capital-gain <= 7137.091,0.8827614188194275,100.0%,93.6%,0.22
5084,0,0,1,N/A,0.9998190999031067,100.0%,92.6%,0.19
5085,0,0,1,N/A,0.979524552822113,0.0%,85.0%,0.22
5086,0,0,1,N/A,0.9842047691345215,0.0%,90.2%,0.19
5087,0,0,1,occupation > 0.289,0.7093566656112671,100.0%,81.6%,0.21
5088,0,0,1,education-num <= 9.133 and relationship <= 2.908 and capital-loss > -1030.243,0.7711893916130066,100.0%,94.0%,0.21
5089,1,1,0,fnlwgt <= 112855.004,0.7191214561462402,100.0%,86.6%,0.19
5090,0,0,1,N/A,0.9655580520629883,100.0%,87.6%,0.20
5091,0,0,1,capital-gain <= 7168.35,0.5208220481872559,100.0%,88.0%,0.20
5092,0,1,0,capital-gain <= 6157.539,0.5985990762710571,100.0%,94.4%,0.20
5093,0,0,1,education-num <= 13.088,0.9993990063667297,100.0%,94.4%,0.20
5094,0,0,1,marital-status <= 1.745 and capital-loss > -348.946 and relationship > -0.368,0.937613844871521,100.0%,88.0%,0.20
5095,0,0,1,race > 3.981 and capital-gain <= 6391.297,0.999600887298584,100.0%,85.6%,0.21
5096,1,1,0,N/A,0.7374629378318787,100.0%,85.8%,0.22
5097,0,0,1,capital-gain <= 4288.622,0.8563942313194275,100.0%,89.8%,0.22
5098,0,0,1,capital-gain <= 5880.35,0.9900566935539246,99.7%,90.0%,0.21
5099,1,1,0,capital-gain > 7077.526,0.9972163438796997,100.0%,93.6%,0.23
5100,0,0,1,capital-gain <= 6148.57,0.9500366449356079,100.0%,89.6%,0.23
5101,0,0,1,hours-per-week <= 46.318,0.895081639289856,100.0%,88.0%,0.20
5102,0,0,1,fnlwgt > 194007.648,0.7735544443130493,100.0%,78.0%,0.22
5103,0,0,1,capital-gain <= 6913.654,0.9881424903869629,100.0%,92.4%,0.25
5104,0,0,1,capital-gain <= 7263.502,0.9659304618835449,100.0%,95.6%,0.27
5105,0,0,1,N/A,0.7324354648590088,0.0%,93.6%,0.23
5106,1,0,1,N/A,0.7320982217788696,0.0%,94.4%,0.23
5107,0,0,1,education > 14.465 and capital-gain <= 6580.917 and age <= 41.659,0.984947681427002,100.0%,92.0%,0.21
5108,0,0,1,capital-gain <= 6010.515,0.8915274739265442,100.0%,91.0%,0.21
5109,1,1,0,N/A,0.9973629117012024,100.0%,36.8%,0.20
5110,0,0,1,sex <= 1.005 and workclass > 0.973,0.9968933463096619,100.0%,84.6%,0.22
5111,0,0,1,native-country > 30.33 and capital-gain <= 3206.405,0.8376559019088745,100.0%,77.0%,0.19
5112,1,1,0,capital-gain <= 3529.896,0.882308304309845,100.0%,85.0%,0.31
5113,1,1,0,N/A,0.7443702220916748,100.0%,93.6%,0.23
5114,0,0,1,capital-gain <= 7197.442,0.9779897332191467,100.0%,94.0%,0.22
5115,0,0,1,capital-gain <= 5970.365,0.9962091445922852,100.0%,87.8%,0.21
5116,0,0,1,sex <= 0.625,0.5570937991142273,100.0%,55.0%,0.20
5117,1,1,0,N/A,0.590354859828949,100.0%,74.4%,0.20
5118,0,0,1,capital-gain <= 7212.421,0.995357096195221,100.0%,87.0%,0.19
5119,0,0,1,N/A,0.9939994215965271,100.0%,73.0%,0.19
5120,0,0,1,N/A,0.6868953704833984,0.0%,76.4%,0.20
5121,1,1,0,capital-gain > 7035.84,0.9471417665481567,100.0%,93.8%,0.20
5122,1,1,0,capital-gain <= 5156.737,0.9171718955039978,100.0%,90.4%,0.19
5123,0,0,1,fnlwgt <= 246383.336 and native-country > 28.067,0.9693805575370789,100.0%,89.2%,0.21
5124,0,0,1,capital-gain <= 4812.835,0.956017017364502,100.0%,90.0%,0.22
5125,0,0,1,capital-gain <= 6814.111,0.9993742108345032,100.0%,92.0%,0.19
5126,0,0,1,capital-gain <= 7412.716,0.9849746823310852,100.0%,94.4%,0.21
5127,0,0,1,N/A,0.9971585869789124,0.0%,87.0%,0.21
5128,0,0,1,education-num <= 12.37,0.6738113164901733,100.0%,84.4%,0.21
5129,1,0,1,capital-gain <= 4020.704,0.5563294887542725,100.0%,84.4%,0.21
5130,0,0,1,race > 3.33 and capital-gain <= 6748.246,0.9975772500038147,100.0%,81.0%,0.20
5131,1,1,0,capital-gain <= 4372.805 and race > 1.817,0.9964081645011902,100.0%,86.6%,0.22
5132,0,0,1,capital-gain <= 1734.152 and native-country > 36.101 and capital-gain <= 7431.411,0.9950107336044312,100.0%,93.0%,0.19
5133,0,0,1,capital-gain <= 8255.489,0.9859986305236816,100.0%,91.2%,0.22
5134,0,0,1,native-country > 32.589,0.9997303485870361,100.0%,75.8%,0.17
5135,1,1,0,capital-gain <= 6039.623 and occupation > -3.998,0.6559775471687317,100.0%,91.0%,0.19
5136,0,0,1,hours-per-week > 24.084 and education > 8.459,0.8800584673881531,100.0%,71.8%,0.21
5137,0,0,1,marital-status <= 1.734 and fnlwgt > 335138.172 and relationship > 0.782 and capital-gain <= 7386.111,0.9505422115325928,100.0%,80.2%,0.20
5138,0,0,1,capital-gain <= 6863.953 and race <= 3.537,0.9980345368385315,100.0%,93.2%,0.22
5139,0,0,1,capital-gain <= 9250.272,0.9954490065574646,100.0%,92.0%,0.21
5140,0,1,0,N/A,0.6484587788581848,100.0%,85.6%,0.23
5141,0,0,1,occupation <= 12.771 and hours-per-week <= 41.951,0.975447952747345,100.0%,89.6%,0.20
5142,0,0,1,capital-gain <= 6157.831,0.7213512659072876,100.0%,87.8%,0.19
5143,0,0,1,capital-gain <= 5086.868,0.9992910027503967,100.0%,86.8%,0.28
5144,0,1,0,N/A,0.6604410409927368,100.0%,84.6%,0.24
5145,0,0,1,capital-gain <= 3198.143 and education-num > 6.53,0.597376823425293,100.0%,88.0%,0.21
5146,0,0,1,capital-gain <= 7767.699,0.9956331253051758,100.0%,94.6%,0.22
5147,0,0,1,N/A,0.9898476600646973,0.0%,72.4%,0.20
5148,0,0,1,capital-loss <= 360.716 and hours-per-week <= 54.686,0.9681571125984192,100.0%,90.0%,0.21
5149,0,0,1,capital-gain <= 7258.406,0.7272897958755493,100.0%,94.8%,0.19
5150,0,0,1,N/A,0.5889647603034973,0.0%,90.4%,0.19
5151,0,0,1,N/A,0.9956387281417847,0.0%,79.0%,0.18
5152,1,1,0,N/A,0.5865635275840759,0.0%,90.0%,0.20
5153,1,1,0,N/A,0.6008550524711609,0.0%,93.4%,0.19
5154,1,1,0,N/A,0.9991288781166077,100.0%,87.0%,0.22
5155,1,0,1,capital-gain <= 5107.251,0.742332398891449,100.0%,89.8%,0.17
5156,0,0,1,capital-gain <= 5693.943,0.6758548021316528,100.0%,91.4%,0.22
5157,1,1,0,N/A,0.7438696622848511,100.0%,84.4%,0.22
5158,1,1,0,N/A,0.7483409643173218,0.0%,93.8%,0.20
5159,0,0,1,N/A,0.6744605302810669,0.0%,92.8%,0.22
5160,0,0,1,N/A,0.9881571531295776,0.0%,91.0%,0.21
5161,1,1,0,N/A,0.9989595413208008,0.0%,20.2%,0.19
5162,0,0,1,N/A,0.8186557292938232,0.0%,91.0%,0.21
5163,0,0,1,capital-gain <= 7282.694,0.7082918882369995,100.0%,90.4%,0.19
5164,0,0,1,fnlwgt > -32272.132,0.8622044920921326,100.0%,74.4%,0.21
5165,0,0,1,capital-gain <= 4250.452 and marital-status > 3.224 and capital-gain <= 7204.993,0.9785345196723938,100.0%,90.8%,0.20
5166,0,0,1,race > 3.537,0.9474372863769531,100.0%,83.4%,0.19
5167,1,1,0,capital-gain > 6946.013,0.9922897219657898,100.0%,88.8%,0.21
5168,1,1,0,N/A,0.5473567843437195,100.0%,84.2%,0.22
5169,0,0,1,capital-gain <= 5712.267,0.9808608293533325,100.0%,90.6%,0.21
5170,0,0,1,capital-gain <= 6798.56,0.9788570404052734,100.0%,90.6%,0.21
5171,0,0,1,N/A,0.9420493841171265,100.0%,82.6%,0.18
5172,1,0,1,capital-gain <= 7326.521,0.6258702874183655,100.0%,94.6%,0.21
5173,0,0,1,capital-gain <= 4466.572 and race > 3.465 and fnlwgt > 194730.641 and capital-gain <= 5159.054,0.8928083181381226,100.0%,90.6%,0.32
5174,0,0,1,age <= 38.081 and capital-gain <= 6090.459,0.9947656989097595,100.0%,82.8%,0.23
5175,0,0,1,capital-gain <= 7004.88,0.987280547618866,100.0%,92.2%,0.22
5176,1,1,0,N/A,0.9590818285942078,100.0%,76.6%,0.20
5177,1,0,1,capital-gain <= 7395.81,0.6165100336074829,100.0%,91.6%,0.21
5178,0,0,1,capital-gain <= 6814.047 and marital-status <= 0.44 and occupation <= 6.032,0.953052282333374,100.0%,93.4%,0.20
5179,0,0,1,capital-gain <= 2842.136,0.9933929443359375,100.0%,79.2%,0.20
5180,1,1,0,capital-gain > 5222.454,0.9879258871078491,100.0%,90.0%,0.21
5181,1,0,1,capital-gain <= 5060.259 and age > 58.786 and marital-status > 1.458,0.6287122964859009,100.0%,84.0%,0.19
5182,1,1,0,capital-gain > 5533.21,0.9982359409332275,100.0%,92.6%,0.22
5183,1,1,0,N/A,0.9996354579925537,0.0%,93.4%,0.21
5184,0,0,1,capital-gain <= 6071.065,0.9756008982658386,100.0%,91.8%,0.21
5185,0,0,1,capital-gain <= 7324.549,0.6345640420913696,100.0%,94.2%,0.20
5186,1,0,1,fnlwgt <= 46697.803 and capital-gain <= 6334.744,0.8566439151763916,100.0%,90.8%,0.21
5187,0,0,1,relationship > -0.083 and capital-gain <= 4959.168,0.9735236167907715,100.0%,81.0%,0.06
5188,0,0,1,capital-gain <= 6171.337,0.9924424290657043,100.0%,91.6%,0.23
5189,1,1,0,N/A,0.626852810382843,0.0%,82.8%,0.20
5190,0,0,1,capital-gain <= 6733.403,0.9852039813995361,100.0%,88.8%,0.22
5191,0,0,1,capital-gain <= 6505.356,0.9632536768913269,100.0%,90.4%,0.23
5192,0,0,1,N/A,0.9943255186080933,0.0%,64.0%,0.20
5193,0,0,1,capital-gain <= 5158.742,0.920832633972168,100.0%,88.6%,0.18
5194,1,0,1,capital-gain <= 6209.738 and native-country <= 32.012 and race > 2.934,0.9984613656997681,100.0%,91.0%,0.21
5195,0,0,1,capital-gain <= 6370.048,0.9929273724555969,100.0%,91.2%,0.23
5196,1,1,0,education <= 13.777,0.8176674842834473,100.0%,79.0%,0.21
5197,0,0,1,capital-gain <= 7155.977 and education-num > 9.822,0.9951280951499939,100.0%,90.0%,0.22
5198,1,1,0,capital-gain <= 5065.743 and occupation <= 7.014 and education-num <= 12.321,0.7268990278244019,100.0%,90.8%,0.19
5199,0,0,1,relationship > 1.992 and capital-gain <= 6781.015,0.9601364135742188,100.0%,85.8%,0.22
5200,0,0,1,capital-gain <= 7206.851,0.7620648145675659,100.0%,94.6%,0.24
5201,0,0,1,capital-loss <= 380.088 and race > 3.368,0.9700003862380981,100.0%,89.0%,0.31
5202,0,0,1,N/A,0.9509284496307373,0.0%,94.0%,0.23
5203,0,0,1,capital-gain <= 3334.829,0.8700385093688965,100.0%,87.8%,0.28
5204,0,0,1,capital-gain <= 3215.813,0.8058992028236389,100.0%,79.0%,0.23
5205,0,0,1,education > 4.178,0.9655953645706177,100.0%,92.2%,0.21
5206,0,0,1,occupation <= 9.385 and sex > -0.383,0.9942566156387329,100.0%,94.4%,0.21
5207,0,0,1,capital-loss > -553.532 and native-country > 35.658,0.9920573830604553,100.0%,91.4%,0.22
5208,0,0,1,capital-gain <= 6500.948 and workclass > 1.444,0.9994592666625977,100.0%,91.2%,0.21
5209,0,0,1,N/A,0.9945159554481506,0.0%,88.6%,0.21
5210,0,0,1,race <= 3.042 and capital-gain <= 6774.297,0.9711806178092957,100.0%,90.0%,0.20
5211,0,0,1,N/A,0.9965323209762573,0.0%,94.2%,0.21
5212,0,0,1,capital-gain <= 5422.098,0.9423319101333618,100.0%,83.6%,0.23
5213,1,1,0,N/A,0.9734240174293518,0.0%,82.2%,0.22
5214,0,0,1,sex > 0.693 and age <= 51.511,0.7712146639823914,100.0%,88.8%,0.20
5215,0,0,1,capital-gain <= 7066.628,0.999640941619873,100.0%,94.2%,0.21
5216,0,0,1,native-country > 32.243 and capital-gain > -3004.836,0.982221245765686,100.0%,90.0%,0.19
5217,1,1,0,capital-gain <= 4608.397 and relationship > -0.837,0.939369261264801,100.0%,86.2%,0.21
5218,0,0,1,N/A,0.9980859160423279,0.0%,93.4%,0.20
5219,0,0,1,capital-gain <= 2750.249,0.9925732016563416,100.0%,87.6%,0.19
5220,0,0,1,capital-gain <= 6277.464,0.9461665153503418,100.0%,91.6%,0.20
5221,0,0,1,education > 6.182 and capital-gain <= 1946.987,0.5518267154693604,100.0%,93.8%,0.21
5222,0,0,1,capital-gain <= 6563.094,0.9782293438911438,100.0%,91.6%,0.24
5223,0,0,1,workclass > 0.583 and age <= 37.055,0.8973193168640137,100.0%,90.8%,0.21
5224,0,0,1,occupation <= 3.9 and capital-gain <= 6134.992,0.8728903532028198,100.0%,84.4%,0.18
5225,1,1,0,N/A,0.9982907176017761,0.0%,21.2%,0.19
5226,0,0,1,capital-gain <= 4592.276 and hours-per-week <= 43.942,0.7083120346069336,100.0%,76.8%,0.20
5227,1,1,0,capital-gain <= 2742.369,0.7252107858657837,100.0%,92.0%,0.22
5228,0,0,1,education > 6.135 and occupation > 1.701,0.7104564309120178,100.0%,90.8%,0.23
5229,1,1,0,N/A,0.9895513653755188,100.0%,71.6%,0.22
5230,0,0,1,capital-loss <= 572.827 and hours-per-week > 23.408,0.9828718900680542,100.0%,88.8%,0.24
5231,1,1,0,education > 0.34,0.9960313439369202,100.0%,87.6%,0.21
5232,0,0,1,capital-gain <= 6189.929 and occupation <= 7.774,0.9428009986877441,99.4%,91.2%,0.21
5233,1,0,1,N/A,0.6445759534835815,100.0%,79.8%,0.20
5234,0,0,1,fnlwgt > 96009.371,0.8352509140968323,100.0%,91.4%,0.25
5235,0,0,1,capital-gain <= 7166.742,0.980965256690979,100.0%,92.2%,0.21
5236,0,1,0,capital-gain <= 2614.964,0.5729139447212219,100.0%,94.6%,0.21
5237,1,1,0,capital-gain > 7246.939 and education-num <= 10.104,0.9987872242927551,100.0%,94.4%,0.23
5238,0,0,1,capital-gain <= 4564.643 and age <= 27.717,0.9964515566825867,100.0%,87.0%,0.20
5239,0,0,1,capital-gain <= 6119.31,0.9908192753791809,100.0%,87.2%,0.21
5240,0,0,1,capital-gain <= 6246.349 and education > 7.096,0.9327326416969299,100.0%,92.8%,0.25
5241,0,0,1,N/A,0.9998642206192017,0.0%,76.0%,0.19
5242,0,0,1,relationship > -0.82,0.7741103172302246,100.0%,88.8%,0.21
5243,0,0,1,capital-gain <= 7695.435,0.7842192649841309,100.0%,94.0%,0.19
5244,0,0,1,age <= 54.332,0.841179609298706,100.0%,91.8%,0.19
5245,0,0,1,capital-gain <= 5624.251,0.5190199613571167,100.0%,85.0%,0.21
5246,0,0,1,capital-gain <= 4061.628 and native-country > 35.785,0.974903404712677,100.0%,89.0%,0.20
5247,0,0,1,occupation > 2.94 and capital-loss > -613.358,0.9922798871994019,100.0%,91.6%,0.21
5248,1,1,0,workclass <= 2.967 and race > 3.39,0.9997089505195618,100.0%,86.6%,0.21
5249,1,1,0,N/A,0.998379111289978,100.0%,49.4%,0.19
5250,0,0,1,N/A,0.993843138217926,0.0%,83.6%,0.20
5251,0,0,1,capital-gain <= 6722.088,0.9966942667961121,100.0%,90.8%,0.21
5252,0,0,1,capital-gain <= 5032.191,0.9988398551940918,100.0%,89.0%,0.20
5253,0,0,1,race > 3.964 and capital-gain <= 5321.006,0.9987499713897705,100.0%,80.4%,0.18
5254,1,1,0,N/A,0.7269874215126038,100.0%,77.8%,0.22
5255,0,0,1,capital-gain <= 5535.642,0.9996727705001831,100.0%,94.0%,0.21
5256,1,1,0,capital-gain <= 7185.277,0.5927425622940063,100.0%,92.6%,0.21
5257,1,1,0,N/A,0.8354817032814026,100.0%,90.0%,0.21
5258,0,0,1,capital-gain <= 7369.72,0.8240230083465576,100.0%,94.0%,0.22
5259,0,0,1,capital-gain <= 6050.935,0.992229700088501,100.0%,90.8%,0.19
5260,0,0,1,capital-gain <= 6417.754,0.9718782305717468,100.0%,92.8%,0.21
5261,0,0,1,capital-gain <= 6833.752,0.999173641204834,100.0%,92.0%,0.20
5262,0,0,1,capital-gain <= 7035.804,0.7055213451385498,100.0%,93.8%,0.20
5263,0,0,1,education-num <= 11.41 and occupation > 1.156,0.9986589550971985,100.0%,82.6%,0.19
5264,1,0,1,capital-gain > -7523.728 and race > 3.429,0.9502025842666626,100.0%,84.4%,0.21
5265,0,0,1,capital-gain <= 3394.339,0.9907191395759583,100.0%,77.6%,0.24
5266,0,0,1,capital-gain <= 6712.695,0.7225155234336853,100.0%,93.6%,0.25
5267,0,0,1,capital-gain <= 6775.726,0.8992791175842285,100.0%,88.6%,0.21
5268,0,0,1,capital-gain <= 6705.287 and native-country > 33.629,0.9992349743843079,100.0%,76.8%,0.19
5269,0,0,1,capital-gain <= 5604.29,0.6323084831237793,100.0%,87.8%,0.20
5270,0,1,0,N/A,0.7204177975654602,100.0%,58.8%,0.20
5271,0,0,1,capital-gain <= 6996.155,0.9852603077888489,100.0%,88.2%,0.21
5272,1,0,1,N/A,0.7902127504348755,0.0%,89.8%,0.22
5273,1,1,0,N/A,0.8405256271362305,100.0%,87.6%,0.23
5274,0,0,1,hours-per-week > 20.817,0.9788784384727478,100.0%,75.4%,0.20
5275,0,0,1,N/A,0.8964104652404785,100.0%,76.2%,0.19
5276,0,0,1,capital-gain > -4830.316,0.9964219927787781,100.0%,86.6%,0.22
5277,0,0,1,N/A,0.9336995482444763,0.0%,81.2%,0.18
5278,0,0,1,marital-status <= 1.179 and capital-gain <= 4912.469,0.99388188123703,100.0%,86.2%,0.20
5279,1,1,0,N/A,0.5184890031814575,0.0%,93.8%,0.22
5280,0,0,1,N/A,0.95055091381073,0.0%,80.6%,0.19
5281,0,0,1,capital-gain <= 6873.043,0.9806686043739319,100.0%,95.2%,0.22
5282,0,0,1,capital-gain <= 4383.996,0.7166273593902588,100.0%,88.2%,0.19
5283,0,0,1,fnlwgt > 79304.477,0.9968308806419373,100.0%,93.2%,0.22
5284,0,0,1,capital-gain <= 4149.526,0.9501051902770996,100.0%,84.2%,0.19
5285,1,0,1,race > 3.939 and capital-loss > -130.662 and native-country > 31.594 and age <= 42.536,0.6613278388977051,100.0%,89.2%,0.22
5286,1,1,0,N/A,0.8104293346405029,100.0%,80.6%,0.19
5287,0,0,1,capital-gain <= 6723.401,0.613183319568634,100.0%,90.6%,0.19
5288,1,0,1,N/A,0.673227846622467,100.0%,77.4%,0.20
5289,1,0,1,capital-gain <= 4601.717,0.8294613361358643,100.0%,91.4%,0.20
5290,0,0,1,race > 3.164 and education-num <= 12.014,0.7802133560180664,100.0%,84.0%,0.22
5291,0,0,1,capital-gain <= 5571.776,0.985023021697998,100.0%,90.2%,0.23
5292,0,0,1,N/A,0.9894028306007385,0.0%,87.0%,0.19
5293,0,0,1,capital-gain <= 4686.85,0.6661604642868042,100.0%,94.6%,0.31
5294,0,0,1,capital-gain <= 5817.325 and education > 12.505,0.6595268249511719,100.0%,94.2%,0.23
5295,0,0,1,race > 3.116,0.960923969745636,100.0%,92.4%,0.24
5296,0,0,1,capital-gain <= 4918.331,0.9106689095497131,100.0%,88.8%,0.20
5297,0,0,1,N/A,0.7482345700263977,0.0%,87.2%,0.19
5298,0,0,1,capital-loss > -108.971 and marital-status > -0.592,0.9395884871482849,100.0%,80.2%,0.19
5299,1,1,0,N/A,0.9226588010787964,100.0%,93.0%,0.22
5300,1,0,1,capital-gain <= 6800.37,0.5595498085021973,100.0%,92.8%,0.24
5301,1,1,0,N/A,0.8925942778587341,100.0%,92.6%,0.21
5302,0,0,1,capital-gain <= 7145.895,0.9361163377761841,100.0%,94.0%,0.22
5303,0,0,1,education-num > 6.58,0.8216602802276611,100.0%,72.8%,0.08
5304,0,0,1,capital-gain <= 6116.047,0.9581701159477234,100.0%,93.0%,0.26
5305,0,0,1,age <= 42.143 and capital-loss <= 138.363,0.9957683682441711,100.0%,92.6%,0.24
5306,0,0,1,capital-gain <= 4898.493,0.7238254547119141,100.0%,84.4%,0.20
5307,0,1,0,N/A,0.585002601146698,100.0%,87.2%,0.19
5308,0,0,1,capital-gain <= 7240.922,0.570076584815979,100.0%,94.4%,0.20
5309,0,0,1,capital-gain <= 5175.706,0.9856444597244263,100.0%,80.2%,0.20
5310,0,0,1,capital-gain <= 6773.501,0.7585480809211731,100.0%,92.4%,0.21
5311,0,0,1,capital-gain <= 5705.064,0.9975305795669556,100.0%,87.6%,0.19
5312,0,0,1,capital-gain <= 3942.251 and marital-status > 1.76,0.7249956130981445,100.0%,82.6%,0.20
5313,0,1,0,N/A,0.6608444452285767,100.0%,88.8%,0.21
5314,0,0,1,capital-gain <= 5937.692,0.9913800358772278,100.0%,94.2%,0.21
5315,0,0,1,fnlwgt <= 251200.562 and education <= 12.085,0.9515625834465027,100.0%,76.2%,0.18
5316,0,0,1,capital-gain <= 7175.237,0.8931182622909546,100.0%,91.8%,0.21
5317,0,0,1,hours-per-week > 44.133,0.9979405403137207,100.0%,75.8%,0.20
5318,0,0,1,capital-gain <= 6867.935 and marital-status <= 4.82 and race <= 4.05,0.9643602967262268,100.0%,92.2%,0.21
5319,1,1,0,N/A,0.830588698387146,100.0%,92.8%,0.22
5320,0,0,1,capital-gain <= 4765.633 and capital-loss <= 461.992,0.9973844289779663,100.0%,87.8%,0.19
5321,0,0,1,capital-gain <= 4344.423,0.9182904958724976,100.0%,84.6%,0.20
5322,0,0,1,capital-gain <= 7040.791,0.9856115579605103,100.0%,95.8%,0.22
5323,0,0,1,relationship > -0.067 and occupation <= 7.558,0.9416996836662292,100.0%,91.6%,0.22
5324,0,0,1,capital-gain <= 6279.519,0.9834574460983276,100.0%,87.2%,0.31
5325,0,0,1,capital-gain <= 6527.611,0.9672825336456299,100.0%,94.6%,0.23
5326,1,1,0,capital-gain > 6271.216,0.9994248151779175,100.0%,93.6%,0.22
5327,0,0,1,N/A,0.9702227115631104,0.0%,92.8%,0.19
5328,0,0,1,N/A,0.999594509601593,100.0%,89.6%,0.20
5329,1,1,0,N/A,0.6307979822158813,100.0%,92.0%,0.21
5330,0,0,1,capital-gain <= 4255.379,0.9898515939712524,100.0%,86.4%,0.20
5331,0,0,1,fnlwgt <= 334419.484 and capital-loss <= 218.018,0.9991775155067444,100.0%,78.4%,0.19
5332,0,0,1,N/A,0.9420271515846252,0.0%,82.4%,0.19
5333,0,0,1,hours-per-week <= 46.586 and occupation > 3.886 and age <= 38.141,0.9920181632041931,100.0%,85.2%,0.20
5334,0,0,1,occupation > 0.148 and race > 3.529,0.6637382507324219,100.0%,72.6%,0.19
5335,0,0,1,capital-gain <= 3611.908,0.9794369339942932,100.0%,82.2%,0.21
5336,1,0,1,capital-gain <= 6028.165,0.5690335631370544,100.0%,81.2%,0.18
5337,0,0,1,capital-gain <= 1651.328,0.9993100166320801,100.0%,72.2%,0.19
5338,1,1,0,N/A,0.8067390322685242,100.0%,80.2%,0.20
5339,1,0,1,capital-gain <= 6713.442,0.696006178855896,100.0%,92.2%,0.21
5340,0,0,1,capital-gain <= 3621.562,0.9994745254516602,100.0%,83.4%,0.22
5341,0,0,1,N/A,0.9414966106414795,0.0%,92.8%,0.22
5342,0,0,1,capital-loss > -817.629,0.9200466275215149,100.0%,86.2%,0.20
5343,0,0,1,capital-gain <= 4957.864,0.993385374546051,100.0%,85.2%,0.22
5344,0,0,1,capital-gain <= 4405.247,0.9854540824890137,100.0%,85.4%,0.21
5345,1,0,1,education <= 13.513 and relationship <= 0.498,0.6885126233100891,100.0%,89.0%,0.20
5346,0,0,1,capital-gain <= 6492.277 and native-country > 37.301,0.9984503388404846,100.0%,89.6%,0.21
5347,1,1,0,capital-loss > -195.923,0.979637086391449,100.0%,69.2%,0.18
5348,0,0,1,occupation <= 1.983,0.9905391335487366,100.0%,91.8%,0.19
5349,0,0,1,capital-gain <= 7719.735,0.9855876564979553,100.0%,92.4%,0.20
5350,0,0,1,hours-per-week > 25.472,0.8113937377929688,100.0%,73.8%,0.20
5351,0,0,1,capital-gain <= 6469.662,0.9984092712402344,100.0%,89.6%,0.20
5352,0,0,1,capital-gain <= 5187.45,0.9987436532974243,100.0%,90.6%,0.20
5353,1,1,0,capital-gain <= 5121.799 and fnlwgt <= 242792.812,0.7504061460494995,100.0%,84.2%,0.22
5354,0,0,1,capital-gain <= 6977.836,0.9965445399284363,100.0%,87.6%,0.19
5355,1,1,0,N/A,0.9977881908416748,0.0%,94.4%,0.20
5356,0,0,1,capital-gain <= 7014.21,0.960744321346283,100.0%,95.0%,0.30
5357,0,0,1,capital-gain <= 6992.341,0.998763382434845,100.0%,92.0%,0.22
5358,0,0,1,capital-gain <= 4895.978,0.9334059953689575,100.0%,94.0%,0.19
5359,0,0,1,N/A,0.6161721348762512,0.0%,88.4%,0.19
5360,0,1,0,capital-gain > 7155.117,0.5153878927230835,100.0%,92.2%,0.21
5361,0,0,1,capital-gain <= 6915.916,0.9878480434417725,100.0%,92.8%,0.19
5362,0,0,1,N/A,0.8075387477874756,0.0%,76.0%,0.17
5363,1,1,0,capital-gain <= 7178.576 and age > 11.576,0.7151381969451904,100.0%,93.6%,0.20
5364,0,0,1,capital-gain <= 8624.253,0.9996598958969116,100.0%,90.4%,0.21
5365,0,0,1,capital-gain <= 5.345,0.8683922290802002,100.0%,88.6%,0.21
5366,0,0,1,hours-per-week <= 39.895,0.789758563041687,100.0%,79.2%,0.20
5367,0,0,1,sex > 0.563,0.5822334289550781,100.0%,88.6%,0.21
5368,1,1,0,N/A,0.5953405499458313,100.0%,86.4%,0.18
5369,1,1,0,N/A,0.9923796653747559,100.0%,75.4%,0.19
5370,1,1,0,capital-gain <= 4737.036 and race > 2.975,0.7484260201454163,100.0%,88.0%,0.23
5371,0,1,0,N/A,0.651547908782959,100.0%,92.6%,0.21
5372,0,0,1,capital-gain <= 5410.067,0.9994914531707764,100.0%,89.2%,0.19
5373,0,1,0,N/A,0.569711446762085,0.0%,94.2%,0.21
5374,0,1,0,N/A,0.5753318667411804,100.0%,64.8%,0.18
5375,0,0,1,capital-gain <= 5749.181,0.936940610408783,100.0%,89.8%,0.20
5376,0,0,1,capital-gain <= 7998.173,0.8237574696540833,100.0%,87.4%,0.19
5377,0,0,1,N/A,0.9804569482803345,0.0%,75.0%,0.18
5378,0,0,1,capital-gain <= 6224.334 and sex <= 0.73,0.9996300935745239,99.6%,90.6%,0.21
5379,0,0,1,race > 3.304 and occupation <= 2.214 and capital-gain <= 4528.583,0.994835376739502,100.0%,82.6%,0.19
5380,0,0,1,capital-gain <= 6213.353,0.9996755123138428,100.0%,92.6%,0.19
5381,1,0,1,capital-gain <= 6160.625 and age > 27.249 and education-num > 8.16,0.7684262990951538,100.0%,93.0%,0.22
5382,1,1,0,N/A,0.6785585880279541,100.0%,92.6%,0.22
5383,1,1,0,marital-status > 1.581,0.9909148216247559,100.0%,79.8%,0.19
5384,0,0,1,education-num <= 13.284,0.7994862794876099,100.0%,84.0%,0.20
5385,0,0,1,sex <= 1.158,0.8991241455078125,100.0%,73.6%,0.19
5386,0,0,1,capital-gain <= 4340.913,0.9868059158325195,100.0%,87.2%,0.20
5387,0,0,1,N/A,0.998094379901886,100.0%,78.4%,0.19
5388,0,1,0,capital-gain <= 1868.071 and fnlwgt > 92317.379,0.6114354729652405,100.0%,88.8%,0.21
5389,0,0,1,capital-loss > -201.805 and capital-gain <= 2299.831,0.9880072474479675,100.0%,78.2%,0.23
5390,1,0,1,capital-gain <= 4473.133,0.6073402166366577,100.0%,85.6%,0.23
5391,0,0,1,capital-gain <= 5773.522,0.9958937168121338,100.0%,93.8%,0.22
5392,0,0,1,N/A,0.999444305896759,0.0%,94.4%,0.19
5393,1,1,0,N/A,0.5719236135482788,100.0%,71.4%,0.18
5394,1,1,0,N/A,0.6419700384140015,100.0%,76.4%,0.18
5395,0,0,1,N/A,0.9903403520584106,100.0%,74.6%,0.18
5396,0,0,1,capital-gain <= 6797.301,0.558806300163269,100.0%,94.6%,0.21
5397,1,0,1,capital-gain <= 5837.814,0.5557554960250854,100.0%,90.8%,0.21
5398,0,0,1,capital-gain <= 6643.004,0.9980193376541138,100.0%,94.4%,0.20
5399,1,1,0,N/A,0.8378099203109741,100.0%,92.2%,0.21
5400,0,0,1,capital-gain <= 6598.877,0.9671727418899536,100.0%,93.4%,0.26
5401,0,0,1,capital-gain <= 4791.206,0.6064751148223877,100.0%,89.8%,0.20
5402,1,1,0,capital-gain > 5183.384,0.9973127245903015,100.0%,90.4%,0.21
5403,0,1,0,education-num > 11.5,0.7498846054077148,100.0%,72.6%,0.20
5404,0,0,1,capital-gain <= 6931.516,0.8948555588722229,100.0%,93.0%,0.24
5405,1,1,0,capital-gain > 6831.636,0.9996286630630493,100.0%,91.0%,0.23
5406,0,0,1,N/A,0.7420902252197266,0.0%,77.2%,0.18
5407,0,0,1,capital-gain <= 7133.393,0.9466859102249146,100.0%,95.8%,0.21
5408,0,0,1,native-country > 29.92 and hours-per-week > 44.408,0.9867464303970337,100.0%,89.2%,0.20
5409,1,1,0,capital-gain <= 3467.903 and occupation > 5.239,0.5796667337417603,100.0%,79.6%,0.20
5410,0,1,0,N/A,0.7817644476890564,100.0%,80.2%,0.20
5411,0,0,1,capital-gain <= 4681.458,0.9809051156044006,100.0%,92.6%,0.20
5412,1,1,0,hours-per-week > 47.335 and relationship <= 2.165 and education-num > 6.894,0.9970021843910217,100.0%,94.6%,0.21
5413,0,0,1,N/A,0.9924445748329163,0.0%,93.2%,0.46
5414,0,0,1,capital-gain <= 7217.668,0.9932867288589478,100.0%,95.0%,0.29
5415,0,0,1,capital-gain <= 7084.176,0.9672873616218567,100.0%,95.0%,0.26
5416,0,0,1,capital-gain <= 5943.952,0.9769419431686401,100.0%,91.2%,0.20
5417,0,0,1,relationship > 0.581,0.9979711174964905,100.0%,90.4%,0.22
5418,0,0,1,workclass > 0.946 and native-country > 24.954,0.9874172806739807,100.0%,91.4%,0.27
5419,1,1,0,capital-gain <= 3808.587 and age > 28.947,0.8034514784812927,100.0%,84.8%,0.20
5420,0,0,1,capital-gain <= 3722.38 and education-num > 5.816,0.8540502786636353,100.0%,83.2%,0.22
5421,0,0,1,N/A,0.8796650767326355,0.0%,88.2%,0.20
5422,0,0,1,capital-gain <= 5705.154,0.9898505806922913,100.0%,81.4%,0.20
5423,0,0,1,capital-gain <= 7304.368,0.7182986736297607,100.0%,93.0%,0.20
5424,0,0,1,N/A,0.9945995807647705,0.0%,92.8%,0.20
5425,0,0,1,capital-gain <= 7301.237,0.8726105690002441,100.0%,87.0%,0.21
5426,1,1,0,N/A,0.64905846118927,100.0%,94.0%,0.21
5427,0,0,1,age <= 40.829 and capital-gain <= 3695.687,0.9974492788314819,100.0%,80.2%,0.17
5428,0,0,1,capital-gain <= 6653.003 and capital-loss > -66.684,0.9939839839935303,100.0%,88.4%,0.20
5429,0,0,1,capital-gain <= 6652.813 and sex <= 0.172,0.9743268489837646,100.0%,93.6%,0.19
5430,1,1,0,capital-gain <= 4263.352 and sex <= 1.073 and native-country <= 42.695,0.734916090965271,100.0%,84.0%,0.19
5431,0,0,1,capital-gain <= 3114.2,0.7645246982574463,100.0%,81.2%,0.20
5432,0,0,1,capital-gain <= 7126.276,0.7198847532272339,100.0%,88.6%,0.20
5433,0,0,1,capital-gain <= 7101.522,0.991643488407135,100.0%,95.2%,0.20
5434,1,1,0,N/A,0.8903791904449463,100.0%,84.8%,0.18
5435,0,0,1,capital-gain > -793.206 and occupation > 2.999 and native-country <= 39.333,0.9157925844192505,100.0%,77.2%,0.20
5436,0,0,1,capital-gain <= 1395.541,0.9969497919082642,100.0%,92.0%,0.19
5437,1,1,0,occupation > 4.581,0.9854241013526917,100.0%,70.6%,0.19
5438,0,0,1,workclass > 1.144 and fnlwgt <= 311259.828,0.9988530278205872,100.0%,92.6%,0.20
5439,0,0,1,race <= 4.8 and education-num <= 10.264 and fnlwgt <= 248486.945,0.7548927068710327,100.0%,93.6%,0.21
5440,0,0,1,capital-gain <= 8360.96,0.9990023374557495,100.0%,88.4%,0.18
5441,1,0,1,marital-status > -0.373 and occupation > 0.717,0.667512059211731,100.0%,93.6%,0.22
5442,0,0,1,capital-gain <= 4739.221,0.8015338182449341,100.0%,84.2%,0.20
5443,0,0,1,hours-per-week > 43.31 and capital-gain <= 6761.062,0.9192689657211304,100.0%,84.8%,0.19
5444,0,0,1,capital-loss <= 255.809 and race <= 5.156,0.9766479134559631,100.0%,91.0%,0.20
5445,1,1,0,capital-loss > -110.253 and native-country > 36.241,0.9935563206672668,100.0%,89.2%,0.19
5446,0,0,1,occupation > -1.754,0.9017444849014282,100.0%,92.6%,0.22
5447,0,0,1,sex > 0.787,0.8901662826538086,100.0%,75.6%,0.18
5448,0,0,1,capital-gain <= 3853.819,0.9875254034996033,100.0%,83.6%,0.19
5449,0,0,1,hours-per-week <= 16.952 and age <= 40.161,0.9977604150772095,100.0%,90.2%,0.28
5450,0,0,1,capital-gain <= 7195.089,0.9324197769165039,100.0%,94.0%,0.24
5451,0,0,1,N/A,0.9930016398429871,100.0%,74.6%,0.19
5452,1,1,0,N/A,0.750542163848877,100.0%,87.6%,0.19
5453,0,0,1,N/A,0.9542702436447144,0.0%,87.4%,0.20
5454,1,1,0,N/A,0.9982553124427795,100.0%,91.2%,0.22
5455,1,1,0,N/A,0.7539833784103394,100.0%,89.6%,0.22
5456,0,0,1,capital-gain <= 4764.784,0.8843927979469299,100.0%,88.4%,0.20
5457,0,1,0,N/A,0.6432555317878723,100.0%,88.8%,0.20
5458,0,1,0,marital-status <= 2.442,0.6858518719673157,100.0%,64.0%,0.18
5459,1,1,0,N/A,0.9900789260864258,100.0%,74.8%,0.18
5460,1,1,0,N/A,0.9611791372299194,0.0%,94.2%,0.23
5461,1,1,0,N/A,0.5213116407394409,100.0%,91.4%,0.46
5462,0,0,1,education > 5.054 and age > 32.606 and sex > 0.771,0.9822171926498413,100.0%,91.0%,0.21
5463,0,0,1,N/A,0.999740719795227,0.0%,88.8%,0.19
5464,1,0,1,sex <= 0.53 and hours-per-week <= 51.569,0.9922570586204529,100.0%,85.8%,0.23
5465,0,1,0,N/A,0.7261989712715149,0.0%,92.4%,0.24
5466,0,1,0,N/A,0.5030900835990906,0.0%,92.6%,0.22
5467,0,0,1,education-num <= 10.023 and native-country > 31.657,0.9983951449394226,100.0%,82.0%,0.20
5468,1,0,1,N/A,0.8305559158325195,0.0%,92.2%,0.23
5469,0,0,1,capital-gain <= 5834.856,0.9928738474845886,100.0%,89.8%,0.20
5470,1,0,1,capital-gain <= 6748.092,0.772784948348999,100.0%,92.6%,0.22
5471,0,0,1,hours-per-week <= 45.6 and native-country > 31.816,0.9635745286941528,100.0%,76.8%,0.24
5472,0,0,1,capital-gain <= 6912.902 and capital-loss > -9.4 and relationship <= 1.179,0.9754976034164429,100.0%,92.8%,0.24
5473,1,1,0,N/A,0.9521726965904236,100.0%,50.4%,0.20
5474,0,0,1,capital-gain <= 7122.628,0.9607462882995605,100.0%,95.0%,0.19
5475,0,0,1,capital-gain <= 4110.62,0.991921067237854,100.0%,90.2%,0.22
5476,0,0,1,capital-gain <= 4659.714,0.8232744336128235,100.0%,87.6%,0.26
5477,1,0,1,race <= 2.414 and capital-gain <= 6968.138,0.5991657376289368,100.0%,91.6%,0.22
5478,1,0,1,capital-gain <= 6707.334 and education > 10.446,0.6690890789031982,100.0%,91.2%,0.21
5479,1,1,0,N/A,0.5556278824806213,100.0%,88.6%,0.21
5480,0,0,1,capital-gain <= 4966.256,0.9877496957778931,100.0%,85.8%,0.18
5481,1,0,1,education > 7.991,0.6555498838424683,100.0%,94.0%,0.21
5482,0,0,1,race > 3.416 and capital-gain <= 4275.993,0.9783822298049927,100.0%,80.2%,0.06
5483,0,0,1,capital-gain <= 5677.721 and hours-per-week > 47.336,0.9309232234954834,100.0%,92.8%,0.21
5484,0,0,1,capital-gain <= 4588.614 and workclass > 2.825 and hours-per-week > 15.339 and marital-status <= 2.545,0.958907961845398,100.0%,88.0%,0.21
5485,0,0,1,N/A,0.969405472278595,100.0%,88.2%,0.20
5486,0,0,1,capital-gain <= 7066.39 and marital-status <= 4.163,0.995026171207428,100.0%,91.6%,0.21
5487,1,1,0,N/A,0.8215702176094055,100.0%,74.2%,0.20
5488,0,0,1,fnlwgt > 198109.992 and capital-gain <= 6749.741,0.9524291753768921,100.0%,83.6%,0.19
5489,1,1,0,N/A,0.9984968900680542,0.0%,93.8%,0.19
5490,1,0,1,capital-gain <= 7272.978,0.7542327642440796,100.0%,94.8%,0.23
5491,1,0,1,capital-gain <= 6640.559 and occupation <= 5.409,0.8799117803573608,100.0%,86.2%,0.20
5492,0,0,1,education <= 11.741 and capital-gain > -9276.975,0.8232008218765259,100.0%,90.2%,0.24
5493,0,0,1,capital-gain <= 6291.7,0.9981161952018738,100.0%,90.6%,0.22
5494,0,0,1,capital-gain <= 7347.242,0.999729573726654,100.0%,92.6%,0.20
5495,1,0,1,N/A,0.5302355289459229,0.0%,77.6%,0.23
5496,0,0,1,N/A,0.8244602680206299,100.0%,75.6%,0.21
5497,0,0,1,capital-gain <= 3917.387,0.6864578723907471,100.0%,88.8%,0.23
5498,0,0,1,age > 17.803 and education-num > 9.461,0.9996490478515625,100.0%,74.6%,0.20
5499,1,1,0,capital-gain <= 4703.186,0.5004512667655945,100.0%,86.0%,0.27
5500,1,1,0,N/A,0.6120589375495911,100.0%,89.4%,0.34
5501,0,0,1,hours-per-week > 26.534,0.8897789716720581,100.0%,92.0%,0.36
5502,0,0,1,hours-per-week <= 54.727 and native-country > 33.192,0.8932204246520996,100.0%,89.0%,0.42
5503,0,0,1,capital-gain <= 4065.076,0.8059435486793518,98.3%,84.2%,0.32
5504,0,0,1,N/A,0.9998664855957031,0.0%,75.2%,0.45
5505,1,1,0,N/A,0.7928533554077148,100.0%,77.4%,0.24
5506,0,0,1,capital-gain <= 5281.12,0.9996891021728516,100.0%,91.4%,0.23
5507,0,0,1,fnlwgt > 10699.361 and relationship > -0.189,0.999544620513916,100.0%,88.6%,0.22
5508,0,0,1,N/A,0.9942811131477356,0.0%,87.2%,0.23
5509,0,0,1,capital-gain <= 6065.726,0.9933410286903381,100.0%,91.8%,0.22
5510,0,0,1,capital-gain <= 4945.341 and capital-loss <= 225.421 and education > 9.516,0.6719905138015747,100.0%,89.4%,0.23
5511,0,1,0,N/A,0.8712798953056335,100.0%,78.4%,0.22
5512,1,0,1,capital-gain <= 5935.9 and education-num <= 14.102,0.6845071315765381,100.0%,93.6%,0.23
5513,0,0,1,capital-gain <= 6036.438,0.996372640132904,100.0%,90.8%,0.21
5514,1,1,0,age > 22.909,0.9988394379615784,100.0%,91.8%,0.24
5515,1,1,0,N/A,0.7078797817230225,100.0%,87.8%,0.22
5516,1,1,0,N/A,0.9988312125205994,100.0%,87.0%,0.22
5517,0,0,1,capital-gain <= 8338.365,0.9969773292541504,100.0%,78.0%,0.20
5518,1,1,0,occupation <= 9.186,0.9992896318435669,100.0%,87.6%,0.21
5519,0,0,1,capital-gain <= 803.833 and relationship <= 0.337 and capital-gain <= 6291.885,0.8434186577796936,100.0%,86.6%,0.19
5520,1,1,0,N/A,0.5453532338142395,100.0%,83.2%,0.23
5521,0,0,1,sex <= 0.343 and capital-gain <= 4541.372,0.9918650388717651,100.0%,85.8%,0.20
5522,0,0,1,capital-gain > -6207.809,0.99280846118927,100.0%,91.6%,0.23
5523,0,0,1,fnlwgt > 12503.727,0.9578494429588318,100.0%,94.6%,0.23
5524,0,0,1,capital-gain <= 6881.17,0.9851557016372681,100.0%,93.2%,0.20
5525,0,0,1,capital-gain <= 6834.654,0.6514830589294434,100.0%,92.4%,0.21
5526,0,0,1,capital-gain <= 6825.578,0.9991660118103027,100.0%,93.2%,0.18
5527,0,0,1,N/A,0.8735271096229553,0.0%,76.8%,0.18
5528,0,0,1,capital-gain <= 7314.437,0.5426279306411743,100.0%,93.0%,0.21
5529,0,0,1,occupation <= 14.904,0.7390159368515015,100.0%,92.0%,0.21
5530,0,0,1,capital-gain <= 4263.724,0.9989499449729919,100.0%,85.6%,0.21
5531,0,0,1,capital-loss > -45.969 and fnlwgt <= 262670.969,0.9553159475326538,100.0%,89.6%,0.22
5532,1,1,0,N/A,0.7197268605232239,100.0%,84.4%,0.27
5533,0,0,1,capital-gain <= 6202.858,0.9955861568450928,100.0%,88.2%,0.20
5534,0,0,1,hours-per-week <= 44.285 and capital-gain <= 5133.151,0.9974727630615234,100.0%,83.4%,0.21
5535,0,0,1,capital-gain <= 7180.248,0.9905920624732971,100.0%,94.8%,0.23
5536,0,0,1,N/A,0.9991463422775269,0.0%,78.4%,0.19
5537,0,0,1,capital-gain <= 6977.567,0.8506301641464233,100.0%,92.8%,0.20
5538,0,0,1,capital-gain <= 4890.524,0.9982338547706604,100.0%,85.8%,0.20
5539,0,0,1,capital-gain <= 7151.916,0.8997678756713867,100.0%,95.4%,0.22
5540,0,0,1,capital-gain <= 4279.618,0.6993049383163452,100.0%,88.6%,0.22
5541,1,0,1,N/A,0.9707328081130981,100.0%,88.0%,0.19
5542,0,0,1,N/A,0.8006744980812073,0.0%,83.6%,0.17
5543,0,0,1,capital-gain <= 7191.643,0.861979067325592,100.0%,90.6%,0.22
5544,0,0,1,native-country > 34.169 and age > 29.978 and workclass > 1.516,0.9331471920013428,100.0%,89.0%,0.23
5545,0,0,1,fnlwgt > 138273.742 and capital-gain <= 7253.327,0.991144061088562,100.0%,82.8%,0.21
5546,1,1,0,education-num > 14.815 and capital-loss > -295.471,0.6519689559936523,100.0%,83.0%,0.21
5547,0,0,1,capital-gain <= 6083.418,0.9821640849113464,100.0%,90.8%,0.20
5548,1,1,0,N/A,0.9898983836174011,100.0%,92.0%,0.24
5549,0,0,1,capital-gain <= 5927.135,0.998449981212616,100.0%,93.0%,0.24
5550,0,0,1,education-num <= 11.947,0.9841110110282898,100.0%,93.8%,0.24
5551,0,0,1,capital-gain <= 7243.863,0.9969459772109985,100.0%,94.2%,0.21
5552,1,1,0,N/A,0.6790210008621216,100.0%,92.0%,0.22
5553,0,1,0,capital-gain <= 6843.119 and sex > -0.439,0.5438572764396667,100.0%,90.8%,0.21
5554,0,0,1,capital-gain <= 7340.021,0.9918187856674194,100.0%,93.4%,0.21
5555,0,0,1,N/A,0.8431313037872314,100.0%,77.8%,0.18
5556,0,1,0,N/A,0.853693962097168,100.0%,77.8%,0.19
5557,0,0,1,capital-gain <= 5712.141,0.9390741586685181,100.0%,94.0%,0.21
5558,0,0,1,capital-gain <= 7114.332,0.9148771166801453,100.0%,91.2%,0.21
5559,0,0,1,capital-gain <= 4986.377,0.9957564473152161,100.0%,91.0%,0.19
5560,0,1,0,N/A,0.5165844559669495,100.0%,87.8%,0.31
5561,0,0,1,capital-gain <= 6265.583,0.7317042350769043,100.0%,93.0%,0.22
5562,1,1,0,N/A,0.7605600357055664,100.0%,86.0%,0.22
5563,0,0,1,capital-gain <= 4707.125 and occupation > 7.481,0.9625051021575928,100.0%,87.8%,0.19
5564,0,0,1,capital-gain <= 1665.213,0.9919726252555847,100.0%,75.4%,0.18
5565,0,0,1,capital-gain <= 7796.226,0.9982789158821106,100.0%,92.4%,0.20
5566,0,0,1,education <= 9.584 and relationship <= 3.431,0.9268064498901367,100.0%,87.6%,0.20
5567,1,1,0,N/A,0.9244653582572937,100.0%,88.2%,0.20
5568,1,0,1,capital-gain <= 3.523,0.7414304614067078,100.0%,86.6%,0.25
5569,1,1,0,capital-gain > 7195.44,0.9992079138755798,100.0%,93.6%,0.21
5570,0,0,1,capital-gain <= 6072.658,0.9766619205474854,100.0%,91.2%,0.21
5571,1,1,0,capital-gain > 6940.471,0.9983211159706116,100.0%,94.0%,0.20
5572,0,0,1,capital-gain <= 7109.453,0.5636921525001526,100.0%,85.4%,0.21
5573,0,0,1,capital-gain <= 6780.444 and marital-status <= 1.616,0.9876766800880432,100.0%,90.6%,0.22
5574,1,0,1,capital-gain <= 7359.049,0.6389309167861938,100.0%,94.2%,0.23
5575,0,0,1,age <= 48.565,0.9366376399993896,100.0%,80.4%,0.23
5576,0,0,1,hours-per-week <= 55.603,0.9979020953178406,100.0%,78.8%,0.26
5577,0,0,1,N/A,0.9790266156196594,0.0%,90.0%,0.24
5578,0,0,1,capital-gain <= 7199.329,0.65959233045578,100.0%,93.6%,0.25
5579,0,0,1,capital-gain <= 4526.042 and race > 3.203 and capital-gain <= 7192.878,0.6496483683586121,100.0%,89.2%,0.30
5580,0,0,1,occupation > 3.325 and capital-gain <= 4951.378,0.9992238879203796,100.0%,80.4%,0.28
5581,1,1,0,capital-gain > 6180.713,0.9977454543113708,100.0%,89.0%,0.27
5582,0,0,1,age <= 43.263,0.8391987085342407,100.0%,92.2%,0.36
5583,1,1,0,education-num > 11.032,0.8642710447311401,100.0%,88.2%,0.32
5584,0,0,1,N/A,0.8860329985618591,100.0%,84.2%,0.23
5585,0,0,1,capital-gain <= 4500.029 and workclass > 2.567 and race <= 4.037,0.860621452331543,100.0%,88.8%,0.21
5586,0,1,0,N/A,0.5304406881332397,100.0%,86.6%,0.22
5587,0,0,1,capital-gain <= 6889.4,0.9597557187080383,100.0%,92.6%,0.30
5588,1,0,1,capital-gain <= 4716.548,0.597376823425293,100.0%,88.2%,0.23
5589,0,0,1,capital-gain <= 6628.424,0.8035476803779602,100.0%,93.6%,0.20
5590,1,1,0,N/A,0.9677121639251709,100.0%,74.6%,0.20
5591,0,0,1,N/A,0.9901111125946045,0.0%,95.2%,0.26
5592,0,0,1,capital-gain <= 9629.314,0.9996585249900818,100.0%,90.0%,0.28
5593,0,0,1,race <= 1.981,0.9987280964851379,100.0%,75.0%,0.23
5594,0,0,1,capital-gain <= 5549.174,0.9987099170684814,100.0%,90.6%,0.26
5595,0,0,1,N/A,0.9850015640258789,0.0%,90.0%,0.23
5596,1,1,0,N/A,0.872134268283844,100.0%,88.2%,0.22
5597,0,0,1,capital-gain <= 5794.427,0.9986940026283264,100.0%,88.8%,0.19
5598,0,0,1,capital-gain <= 6779.58,0.9896174669265747,100.0%,76.8%,0.17
5599,0,0,1,capital-gain <= 6534.253,0.9903103113174438,100.0%,87.6%,0.21
5600,0,0,1,capital-gain <= 4999.683 and native-country <= 39.564,0.9580244421958923,100.0%,90.6%,0.25
5601,0,0,1,capital-gain <= 6960.534,0.8742343783378601,100.0%,93.8%,0.22
5602,0,0,1,education <= 8.717 and hours-per-week > 12.594,0.9995146989822388,100.0%,77.0%,0.19
5603,0,0,1,capital-gain <= 7192.112,0.9987035989761353,100.0%,93.8%,0.18
5604,0,0,1,workclass <= 2.924 and capital-gain <= 7257.592,0.9093703627586365,100.0%,82.0%,0.20
5605,0,0,1,N/A,0.998694658279419,0.0%,93.0%,0.20
5606,0,0,1,capital-gain <= 9901.474,0.9942497611045837,100.0%,85.8%,0.21
5607,1,0,1,capital-gain <= 6059.306,0.9157902598381042,100.0%,93.0%,0.22
5608,1,1,0,N/A,0.5800259709358215,100.0%,58.0%,0.06
5609,1,1,0,N/A,0.8301082849502563,100.0%,91.0%,0.19
5610,0,0,1,hours-per-week <= 57.394 and capital-gain > -1418.324,0.8747332692146301,100.0%,94.0%,0.20
5611,1,1,0,capital-loss > 776.699,0.96126389503479,100.0%,78.4%,0.19
5612,0,1,0,capital-gain > 6492.686,0.7468317747116089,100.0%,92.0%,0.21
5613,0,1,0,capital-gain <= 7098.768,0.5570776462554932,100.0%,94.4%,0.21
5614,0,0,1,education > 9.002 and age > 32.328 and fnlwgt > 164697.352,0.5188910961151123,100.0%,92.0%,0.22
5615,0,0,1,education <= 11.645 and hours-per-week <= 51.769,0.5955667495727539,100.0%,85.8%,0.19
5616,0,0,1,N/A,0.99910968542099,0.0%,74.8%,0.16
5617,0,0,1,capital-gain <= 6896.445,0.9599096775054932,100.0%,89.2%,0.20
5618,0,0,1,capital-gain <= 6807.368,0.9996158480644226,100.0%,90.2%,0.19
5619,0,0,1,capital-gain <= 6372.62,0.5545668005943298,100.0%,90.0%,0.19
5620,0,0,1,capital-gain <= 4490.71 and marital-status <= 2.664,0.9774905443191528,100.0%,90.6%,0.20
5621,0,0,1,capital-gain <= 3692.277 and occupation <= 8.327,0.983759880065918,100.0%,86.2%,0.18
5622,0,0,1,occupation > -0.625,0.8418000936508179,100.0%,75.8%,0.20
5623,0,0,1,capital-gain <= 7246.542 and native-country > 36.903,0.9872337579727173,100.0%,94.8%,0.20
5624,0,0,1,capital-gain <= 7281.829,0.8705934882164001,100.0%,94.6%,0.20
5625,0,0,1,N/A,0.9658500552177429,0.0%,90.2%,0.19
5626,1,1,0,education > 10.0 and relationship > 1.249 and occupation > 8.37,0.9924010038375854,100.0%,87.8%,0.19
5627,0,0,1,capital-gain <= 7272.874,0.9789037704467773,100.0%,93.6%,0.24
5628,0,0,1,sex > 0.468 and fnlwgt <= 191235.094,0.9953382611274719,100.0%,85.0%,0.21
5629,0,0,1,marital-status <= 1.985 and capital-gain <= 7102.054,0.9860131144523621,100.0%,85.0%,0.22
5630,0,0,1,capital-gain <= 4679.023,0.6973071098327637,100.0%,87.4%,0.20
5631,1,1,0,N/A,0.9665605425834656,100.0%,88.8%,0.19
5632,0,0,1,capital-gain <= 5636.597 and occupation > 4.74 and relationship <= 1.042 and capital-loss <= 162.437,0.7458212971687317,100.0%,89.2%,0.20
5633,0,0,1,race <= 4.272 and education-num > 8.9 and marital-status <= 2.637,0.9276761412620544,100.0%,88.4%,0.20
5634,0,1,0,N/A,0.6556342244148254,100.0%,91.0%,0.19
5635,0,0,1,capital-gain <= 7332.163,0.6716672778129578,100.0%,95.0%,0.21
5636,1,1,0,capital-gain <= 4657.542 and native-country <= 41.184 and education <= 10.506,0.6000909805297852,100.0%,88.0%,0.20
5637,0,0,1,capital-gain <= 5794.215,0.59351646900177,100.0%,90.6%,0.20
5638,0,0,1,capital-gain <= 7127.969,0.9934514760971069,100.0%,92.4%,0.19
5639,1,0,1,capital-gain <= 6708.953,0.6411128044128418,100.0%,95.8%,0.20
5640,1,0,1,capital-gain <= 7607.038 and occupation <= 3.58,0.6179230213165283,100.0%,91.6%,0.19
5641,0,0,1,capital-gain <= 5164.97 and hours-per-week > 36.515,0.9485453963279724,100.0%,92.4%,0.20
5642,0,0,1,N/A,0.5076549649238586,100.0%,91.2%,0.20
5643,0,0,1,capital-gain <= 6978.067,0.9949756860733032,100.0%,86.4%,0.17
5644,0,0,1,N/A,0.9470505714416504,0.0%,90.8%,0.19
5645,0,0,1,capital-gain <= 5804.412,0.9609838724136353,100.0%,91.8%,0.20
5646,1,1,0,N/A,0.5823014378547668,100.0%,90.8%,0.24
5647,1,1,0,capital-gain > 7208.426,0.999127209186554,100.0%,93.6%,0.21
5648,0,0,1,capital-gain <= 5856.062,0.9802259206771851,100.0%,91.8%,0.21
5649,0,0,1,capital-gain <= 5154.15,0.9694845080375671,100.0%,83.0%,0.19
5650,0,0,1,capital-gain <= 4885.461,0.9719280004501343,100.0%,89.8%,0.21
5651,0,1,0,capital-gain <= 4268.639 and education-num > 8.249,0.5923957228660583,100.0%,89.2%,0.20
5652,0,0,1,native-country > 30.413 and capital-gain <= 4685.663,0.5531058311462402,100.0%,90.2%,0.21
5653,1,0,1,N/A,0.7394442558288574,100.0%,73.6%,0.22
5654,0,0,1,workclass <= 2.543 and capital-gain <= 3697.297,0.9777857661247253,100.0%,77.0%,0.21
5655,0,0,1,capital-gain <= 6291.608,0.9792010188102722,100.0%,84.4%,0.20
5656,0,0,1,capital-gain <= 6404.594,0.9972848296165466,100.0%,90.6%,0.20
5657,0,1,0,N/A,0.7125983834266663,100.0%,91.2%,0.23
5658,0,0,1,capital-gain <= 6307.855 and occupation > 7.504,0.9005224704742432,100.0%,90.4%,0.20
5659,0,0,1,capital-gain <= 6642.335,0.7601127624511719,100.0%,95.0%,0.21
5660,0,0,1,education-num <= 14.194,0.8965644836425781,99.9%,92.2%,0.23
5661,1,1,0,capital-gain > 7581.557 and relationship <= 0.807,0.9996204376220703,100.0%,87.8%,0.21
5662,1,1,0,N/A,0.7309121489524841,100.0%,95.8%,0.22
5663,0,0,1,N/A,0.999635636806488,0.0%,94.6%,0.22
5664,1,0,1,education <= 10.844 and education-num <= 15.294,0.7815521955490112,100.0%,82.0%,0.20
5665,0,0,1,capital-gain <= 3175.208 and occupation <= 6.677 and capital-gain <= 7579.433,0.995979368686676,100.0%,89.8%,0.26
5666,0,0,1,capital-gain <= 6632.301,0.9957824349403381,100.0%,93.8%,0.21
5667,0,0,1,relationship > -2.364,0.9458301663398743,100.0%,89.4%,0.19
5668,0,0,1,capital-gain <= 2368.107,0.6211621761322021,100.0%,85.4%,0.19
5669,0,0,1,capital-gain <= 5874.873,0.8385587334632874,100.0%,89.2%,0.20
5670,0,0,1,relationship > -0.225,0.8421262502670288,100.0%,83.4%,0.19
5671,0,0,1,hours-per-week <= 58.044,0.7449778318405151,100.0%,90.8%,0.21
5672,1,1,0,capital-gain > 7427.738,0.9994612336158752,100.0%,92.2%,0.20
5673,1,1,0,N/A,0.5948492288589478,0.0%,93.6%,0.20
5674,1,1,0,N/A,0.8044447302818298,0.0%,92.0%,0.21
5675,0,0,1,capital-gain <= 3592.342 and age <= 37.816 and capital-gain <= 6681.642,0.9998443722724915,100.0%,87.8%,0.20
5676,0,0,1,capital-gain <= 6445.594,0.9820111393928528,100.0%,94.4%,0.19
5677,1,1,0,N/A,0.926752507686615,100.0%,71.4%,0.18
5678,0,1,0,N/A,0.5266051888465881,100.0%,92.2%,0.20
5679,0,0,1,capital-gain <= 7024.447 and workclass > 1.583,0.9900215268135071,100.0%,94.4%,0.20
5680,0,0,1,N/A,0.9151740074157715,0.0%,93.8%,0.19
5681,0,0,1,N/A,0.9784750938415527,0.0%,74.0%,0.18
5682,0,0,1,capital-gain <= 6787.794,0.9904659390449524,100.0%,90.2%,0.20
5683,1,1,0,N/A,0.9919266700744629,100.0%,91.4%,0.21
5684,1,1,0,N/A,0.9980553388595581,0.0%,91.4%,0.21
5685,1,1,0,capital-gain > 5564.985,0.9995594620704651,100.0%,88.0%,0.20
5686,0,0,1,capital-gain <= 6306.483,0.9816601276397705,100.0%,89.4%,0.20
5687,0,0,1,hours-per-week > 45.94,0.9312829375267029,100.0%,86.8%,0.21
5688,1,0,1,N/A,0.5340992212295532,0.0%,92.4%,0.20
5689,1,0,1,capital-gain <= 5699.651,0.5439276695251465,100.0%,91.6%,0.21
5690,0,0,1,N/A,0.9678584933280945,0.0%,87.0%,0.18
5691,0,0,1,hours-per-week <= 57.433 and capital-gain <= 4748.435,0.869461178779602,100.0%,95.0%,0.21
5692,0,0,1,capital-gain <= 7555.827,0.9140743613243103,100.0%,93.6%,0.20
5693,1,1,0,capital-gain <= 4581.891,0.9846301674842834,100.0%,82.4%,0.19
5694,1,1,0,N/A,0.5901013612747192,100.0%,73.4%,0.21
5695,0,1,0,N/A,0.5097755789756775,100.0%,91.0%,0.23
5696,0,0,1,N/A,0.6507011651992798,0.0%,83.4%,0.20
5697,0,0,1,capital-gain <= 5074.764 and capital-loss <= 41.307 and native-country > 36.353,0.7909980416297913,100.0%,88.0%,0.21
5698,0,1,0,capital-gain <= 4710.23 and hours-per-week <= 53.83,0.6534090042114258,100.0%,88.6%,0.21
5699,0,0,1,capital-gain <= 4232.89,0.9853746891021729,100.0%,83.4%,0.20
5700,0,0,1,capital-gain <= 7297.125,0.9521797299385071,100.0%,88.6%,0.23
5701,0,0,1,education <= 12.338 and race <= 3.385 and marital-status > 2.571,0.9977167248725891,100.0%,87.0%,0.20
5702,0,1,0,capital-gain <= 5570.393 and sex <= 0.711,0.5780050158500671,100.0%,83.8%,0.18
5703,0,0,1,fnlwgt > 201172.445 and capital-gain <= 5175.874,0.8629478216171265,100.0%,92.2%,0.20
5704,0,0,1,capital-gain > -971.576 and education-num <= 14.624,0.9906489849090576,100.0%,91.0%,0.19
5705,0,0,1,workclass > 1.763,0.9942405819892883,100.0%,93.6%,0.20
5706,0,0,1,capital-gain <= 7206.362 and marital-status <= 2.984,0.8657498359680176,100.0%,95.2%,0.21
5707,1,0,1,capital-gain <= 5683.157,0.8177114725112915,100.0%,89.0%,0.18
5708,0,0,1,capital-gain <= 4666.913,0.8893768787384033,100.0%,92.4%,0.21
5709,1,0,1,capital-gain <= 4375.629 and capital-loss > -171.34,0.65000319480896,100.0%,87.6%,0.21
5710,0,0,1,capital-gain <= 9179.903,0.9985268115997314,100.0%,92.4%,0.20
5711,0,0,1,capital-gain <= 6064.455,0.9989032745361328,100.0%,87.4%,0.19
5712,0,0,1,capital-gain <= 3007.652 and hours-per-week > 20.563 and education <= 11.073,0.614986777305603,100.0%,83.6%,0.20
5713,1,1,0,N/A,0.7592177391052246,100.0%,72.6%,0.20
5714,0,0,1,capital-gain <= 2654.705,0.8990276455879211,100.0%,78.0%,0.20
5715,1,1,0,N/A,0.999700665473938,0.0%,86.8%,0.18
5716,0,0,1,sex > 0.734 and marital-status > 2.94,0.9902501702308655,100.0%,74.4%,0.19
5717,1,1,0,N/A,0.5788851380348206,100.0%,92.4%,0.21
5718,0,0,1,capital-gain <= 5125.706,0.5098604559898376,100.0%,90.4%,0.22
5719,1,1,0,N/A,0.7343953251838684,100.0%,93.0%,0.21
5720,1,1,0,N/A,0.5132460594177246,100.0%,87.8%,0.22
5721,0,0,1,education <= 13.826 and race <= 4.763,0.9605626463890076,100.0%,93.2%,0.21
5722,0,0,1,N/A,0.9936168193817139,0.0%,76.0%,0.18
5723,1,0,1,capital-gain <= 6254.324,0.5943524241447449,100.0%,92.6%,0.20
5724,1,1,0,capital-gain > 4471.399,0.9975614547729492,100.0%,94.2%,0.18
5725,0,0,1,occupation <= 7.873,0.9999256730079651,100.0%,79.0%,0.19
5726,0,0,1,capital-gain <= 4618.776 and workclass > 1.889 and hours-per-week <= 60.164,0.9323672652244568,100.0%,92.2%,0.21
5727,0,0,1,N/A,0.9122371077537537,0.0%,93.6%,0.23
5728,1,1,0,N/A,0.6372374892234802,100.0%,83.2%,0.19
5729,0,0,1,capital-gain <= 5210.272 and education-num > 8.479 and relationship <= 2.2,0.9992883801460266,100.0%,88.8%,0.20
5730,0,0,1,capital-gain <= 7399.38,0.8749985694885254,100.0%,96.4%,0.18
5731,0,0,1,N/A,0.9931013584136963,0.0%,79.4%,0.19
5732,0,0,1,capital-gain <= 4789.336,0.8548382520675659,100.0%,88.0%,0.19
5733,0,0,1,N/A,0.8151636123657227,0.0%,94.6%,0.20
5734,0,0,1,capital-gain <= 4265.946 and marital-status <= 3.966,0.9510809779167175,100.0%,85.8%,0.18
5735,0,1,0,N/A,0.6880936622619629,100.0%,90.6%,0.20
5736,0,0,1,occupation > 3.41 and fnlwgt > 167799.352,0.9952682852745056,100.0%,79.0%,0.18
5737,1,1,0,N/A,0.985542893409729,100.0%,81.8%,0.19
5738,0,1,0,N/A,0.5859493017196655,100.0%,88.4%,0.19
5739,1,0,1,sex > 0.828 and relationship <= 1.891 and native-country > 34.974,0.5584886074066162,100.0%,92.2%,0.20
5740,1,0,1,capital-gain <= 7049.941,0.9207844734191895,100.0%,94.8%,0.21
5741,1,1,0,hours-per-week > 35.426,0.9990032315254211,100.0%,87.4%,0.24
5742,0,0,1,education-num <= 10.063 and capital-gain <= 5000.585,0.966089129447937,100.0%,83.4%,0.21
5743,0,0,1,sex <= 0.263 and capital-gain <= 7471.033,0.9994615316390991,100.0%,92.4%,0.18
5744,1,1,0,N/A,0.8618034720420837,100.0%,91.0%,0.18
5745,1,1,0,hours-per-week > 18.079,0.9959073066711426,100.0%,93.2%,0.19
5746,0,0,1,N/A,0.9033864140510559,0.0%,88.4%,0.19
5747,1,1,0,N/A,0.6957589387893677,100.0%,91.8%,0.20
5748,0,0,1,N/A,0.8631415963172913,0.0%,74.6%,0.18
5749,1,1,0,N/A,0.674586296081543,0.0%,91.4%,0.21
5750,0,0,1,N/A,0.8490287065505981,100.0%,73.4%,0.18
5751,0,0,1,education > 13.933 and capital-gain <= 5917.668,0.8110319375991821,100.0%,89.8%,0.18
5752,0,0,1,capital-gain <= 7238.576,0.5862841010093689,100.0%,93.4%,0.19
5753,0,0,1,fnlwgt <= 111408.918 and capital-gain <= 7090.432,0.9630597233772278,100.0%,86.0%,0.19
5754,1,0,1,capital-gain <= 5658.842,0.6333171129226685,100.0%,93.0%,0.20
5755,1,1,0,marital-status > 1.453 and fnlwgt <= 381659.406,0.998257577419281,100.0%,87.8%,0.20
5756,1,1,0,capital-gain <= 4171.229 and hours-per-week > 40.135,0.6017142534255981,100.0%,86.6%,0.20
5757,0,0,1,N/A,0.9126033186912537,0.0%,75.4%,0.20
5758,0,0,1,capital-gain <= 4917.6 and race <= 4.328,0.9864630103111267,100.0%,92.6%,0.20
5759,0,0,1,capital-gain <= 5172.538 and hours-per-week <= 24.343,0.9822368025779724,98.9%,89.2%,0.24
5760,0,1,0,capital-gain <= 4481.884,0.5698675513267517,100.0%,85.8%,0.21
5761,1,1,0,capital-gain <= 5878.939 and education <= 15.659,0.7522343993186951,100.0%,92.2%,0.21
5762,0,0,1,capital-gain <= 4031.655,0.9960298538208008,100.0%,84.2%,0.19
5763,0,0,1,capital-gain <= 4346.032,0.9974356293678284,100.0%,88.2%,0.21
5764,0,0,1,capital-gain <= 7101.698,0.8084000945091248,100.0%,94.6%,0.18
5765,0,0,1,N/A,0.9695470929145813,0.0%,92.0%,0.20
5766,0,0,1,capital-gain <= 2370.587,0.8493198752403259,100.0%,93.6%,0.21
5767,1,1,0,N/A,0.9987698197364807,100.0%,94.2%,0.19
5768,0,0,1,capital-gain <= 6254.436 and capital-loss > -13.926,0.8615880012512207,100.0%,92.2%,0.19
5769,0,0,1,capital-gain <= 7147.589,0.9289156198501587,100.0%,90.8%,0.20
5770,0,0,1,capital-gain <= 4354.741,0.5350997447967529,100.0%,91.8%,0.18
5771,0,0,1,capital-gain <= 6647.931 and race > 3.788,0.9620707035064697,100.0%,92.2%,0.21
5772,0,0,1,capital-gain <= 4350.426,0.7983825206756592,100.0%,80.4%,0.18
5773,0,0,1,capital-gain <= 7505.92,0.9983179569244385,100.0%,95.0%,0.18
5774,0,0,1,capital-loss <= 4.538 and capital-gain <= 7542.171,0.9157021641731262,100.0%,89.6%,0.20
5775,0,0,1,hours-per-week <= 44.677 and capital-gain <= 5373.479 and hours-per-week <= 44.749,0.9975137710571289,100.0%,79.2%,0.19
5776,0,0,1,N/A,0.9957897663116455,0.0%,84.6%,0.19
5777,0,0,1,capital-gain <= 4607.314,0.9967606663703918,100.0%,90.0%,0.18
5778,0,0,1,capital-gain <= 10234.593,0.9991914629936218,100.0%,80.6%,0.19
5779,1,1,0,N/A,0.7399163842201233,100.0%,93.0%,0.21
5780,0,0,1,fnlwgt <= 222880.32 and native-country > 34.484,0.6688901782035828,100.0%,85.6%,0.18
5781,0,0,1,capital-gain <= 3886.143,0.9996377825737,100.0%,89.8%,0.17
5782,0,0,1,capital-gain <= 6926.267 and fnlwgt > 144769.125,0.9992225766181946,100.0%,82.8%,0.23
5783,0,0,1,capital-gain <= 6940.949,0.9913622140884399,100.0%,91.4%,0.20
5784,1,1,0,N/A,0.7051196098327637,100.0%,92.8%,0.19
5785,0,0,1,workclass <= 3.165,0.9996358156204224,100.0%,71.4%,0.18
5786,0,0,1,capital-gain <= 5908.41,0.99944669008255,100.0%,89.8%,0.19
5787,0,0,1,N/A,0.960016131401062,100.0%,89.6%,0.20
5788,1,1,0,capital-gain <= 6993.538 and sex > 0.522,0.7108624577522278,100.0%,89.0%,0.23
5789,0,0,1,N/A,0.7931199669837952,0.0%,75.6%,0.20
5790,0,0,1,capital-gain <= 7021.51,0.7453123927116394,100.0%,92.8%,0.19
5791,0,0,1,capital-gain <= 6188.384 and sex > -0.268,0.9594298601150513,100.0%,89.0%,0.23
5792,0,0,1,N/A,0.9948342442512512,100.0%,92.6%,0.21
5793,0,0,1,capital-gain <= 6925.482,0.9900252223014832,100.0%,94.0%,0.20
5794,1,1,0,N/A,0.5086889863014221,100.0%,79.4%,0.24
5795,1,1,0,N/A,0.8010088205337524,100.0%,86.2%,0.23
5796,0,0,1,education-num > 8.759 and capital-loss > -441.442,0.9932462573051453,100.0%,86.8%,0.21
5797,1,0,1,capital-gain <= 6167.762 and capital-loss <= 203.641,0.6628342866897583,99.9%,93.4%,0.20
5798,0,0,1,capital-gain <= 7029.994,0.9633559584617615,100.0%,93.2%,0.22
5799,1,1,0,N/A,0.8675370812416077,100.0%,73.2%,0.18
5800,0,0,1,capital-gain <= 7352.509,0.9347719550132751,100.0%,80.2%,0.20
5801,0,0,1,capital-gain <= 6472.79,0.979025661945343,100.0%,92.6%,0.21
5802,0,0,1,native-country > 31.505 and race <= 4.393,0.5387082099914551,100.0%,90.8%,0.20
5803,0,1,0,N/A,0.8149160146713257,100.0%,87.8%,0.20
5804,1,1,0,N/A,0.9894724488258362,100.0%,89.8%,0.23
5805,0,0,1,relationship > 1.604,0.9813626408576965,100.0%,93.2%,0.19
5806,0,0,1,workclass > 1.761 and race > 3.385,0.9979199767112732,100.0%,76.6%,0.18
5807,0,1,0,N/A,0.5574679374694824,100.0%,71.6%,0.19
5808,0,0,1,capital-gain <= 6731.673,0.9730000495910645,100.0%,93.2%,0.19
5809,0,0,1,capital-gain <= 4340.531,0.988080620765686,100.0%,91.6%,0.20
5810,0,0,1,hours-per-week <= 54.648 and capital-gain > -6536.605,0.6456779837608337,100.0%,92.0%,0.22
5811,0,0,1,capital-gain <= 7660.323,0.9817187190055847,100.0%,92.8%,0.19
5812,1,1,0,capital-gain > 5938.896 and capital-loss <= 212.307,0.9818939566612244,100.0%,87.6%,0.19
5813,0,0,1,education <= 8.322 and race > 1.975,0.9386454224586487,100.0%,75.6%,0.19
5814,0,0,1,capital-gain <= 2975.358,0.986427903175354,100.0%,89.0%,0.18
5815,0,0,1,N/A,0.8497881889343262,100.0%,75.2%,0.20
5816,0,0,1,capital-gain <= 4574.815 and education-num <= 4.563,0.9213036298751831,100.0%,83.4%,0.22
5817,1,1,0,fnlwgt > 127100.98 and capital-gain > 8774.185,0.9993681311607361,100.0%,93.2%,0.21
5818,0,0,1,capital-gain <= 6978.072,0.9893950819969177,100.0%,93.8%,0.19
5819,0,0,1,capital-gain <= 5575.158,0.5227978825569153,100.0%,91.4%,0.20
5820,1,0,1,capital-gain <= 5533.815,0.7451814413070679,100.0%,94.8%,0.20
5821,0,0,1,N/A,0.9993863105773926,0.0%,93.4%,0.21
5822,0,0,1,N/A,0.9693239331245422,0.0%,92.4%,0.19
5823,1,0,1,hours-per-week > 31.325 and capital-loss > -343.147,0.8488829135894775,100.0%,90.4%,0.20
5824,0,1,0,N/A,0.813032329082489,100.0%,77.0%,0.19
5825,1,1,0,capital-gain > 7065.867,0.9997174143791199,100.0%,88.4%,0.21
5826,0,0,1,race <= 4.703,0.8129389882087708,100.0%,80.8%,0.21
5827,0,0,1,capital-gain <= 7030.317,0.8779852986335754,100.0%,92.2%,0.20
5828,1,1,0,N/A,0.7372886538505554,100.0%,93.0%,0.22
5829,0,0,1,N/A,0.9966789484024048,0.0%,87.8%,0.21
5830,1,1,0,race <= 3.144 and sex <= 0.12 and capital-gain > 6482.068 and sex <= 0.139,0.9960551261901855,100.0%,65.8%,0.21
5831,0,0,1,capital-gain <= 644.929 and sex <= 0.214 and fnlwgt <= 182631.836 and capital-gain <= 7220.93,0.9602111577987671,100.0%,84.0%,0.24
5832,0,1,0,N/A,0.5702304840087891,100.0%,93.6%,0.27
5833,0,0,1,capital-gain <= 4627.632,0.9852035045623779,100.0%,88.4%,0.23
5834,0,0,1,capital-gain <= 3034.018,0.9365743398666382,100.0%,80.2%,0.23
5835,0,0,1,capital-gain <= 7006.93 and fnlwgt > 103978.492,0.6948314905166626,100.0%,91.6%,0.22
5836,0,0,1,fnlwgt <= 269510.281 and capital-loss > -115.49,0.9304522275924683,100.0%,89.2%,0.24
5837,0,0,1,capital-gain <= 6285.351,0.9257853031158447,100.0%,84.2%,0.18
5838,1,1,0,N/A,0.5563796162605286,100.0%,93.6%,0.20
5839,0,0,1,capital-gain <= 6092.531 and age > 29.477,0.992182195186615,100.0%,88.2%,0.19
5840,0,0,1,capital-gain <= 6434.233,0.9960575103759766,100.0%,94.0%,0.23
5841,0,0,1,relationship <= 3.684,0.9692529439926147,100.0%,78.0%,0.18
5842,0,0,1,native-country > 32.998 and relationship > 2.32,0.9950764179229736,100.0%,79.4%,0.17
5843,0,0,1,hours-per-week > 13.821,0.9943444132804871,100.0%,93.6%,0.20
5844,0,0,1,capital-gain <= 2740.069,0.9918230175971985,100.0%,79.2%,0.18
5845,0,0,1,N/A,0.6394956111907959,0.0%,74.6%,0.18
5846,1,1,0,capital-gain > 7805.806 and education > 14.901,0.995369017124176,100.0%,90.6%,0.20
5847,0,0,1,N/A,0.9014822244644165,100.0%,93.2%,0.19
5848,1,0,1,capital-gain <= 3233.683,0.7790911793708801,100.0%,81.4%,0.19
5849,0,0,1,capital-gain <= 6769.735 and education > 7.685 and capital-gain <= 8624.771,0.6829057931900024,100.0%,91.6%,0.22
5850,1,0,1,N/A,0.524711012840271,0.0%,85.2%,0.23
5851,0,0,1,N/A,0.9044585227966309,0.0%,76.8%,0.19
5852,0,0,1,capital-gain <= 6981.763,0.9579028487205505,100.0%,93.0%,0.19
5853,1,1,0,N/A,0.9877833724021912,100.0%,91.6%,0.19
5854,0,0,1,sex <= 1.288 and capital-gain <= 7462.334,0.9412487745285034,100.0%,77.0%,0.20
5855,1,1,0,N/A,0.70542311668396,0.0%,92.2%,0.20
5856,1,1,0,N/A,0.5168381929397583,100.0%,94.0%,0.21
5857,0,1,0,N/A,0.6481299996376038,100.0%,80.8%,0.21
5858,0,0,1,capital-gain <= 7064.645,0.9835853576660156,100.0%,86.2%,0.18
5859,1,1,0,capital-gain <= 6828.63,0.6694462299346924,100.0%,94.4%,0.20
5860,0,0,1,N/A,0.9994980096817017,0.0%,90.4%,0.19
5861,0,0,1,hours-per-week <= 38.5,0.9234060645103455,100.0%,75.6%,0.21
5862,0,0,1,capital-gain <= 6891.083,0.9901759028434753,100.0%,92.0%,0.24
5863,0,0,1,education > 8.599 and occupation > 2.708 and age > 46.319,0.7764135003089905,100.0%,89.8%,0.20
5864,0,0,1,capital-gain <= 7182.273,0.9715778827667236,100.0%,92.0%,0.22
5865,0,0,1,capital-gain <= 5562.893,0.8299918174743652,100.0%,92.2%,0.21
5866,0,0,1,capital-gain <= 5804.509,0.9712371826171875,100.0%,87.0%,0.23
5867,0,0,1,capital-gain <= 7168.41,0.7308945655822754,100.0%,94.0%,0.22
5868,0,0,1,capital-gain <= 6085.509,0.9866523742675781,100.0%,91.8%,0.20
5869,0,0,1,capital-gain <= 5851.523,0.9276496171951294,100.0%,90.2%,0.22
5870,0,0,1,N/A,0.9948258996009827,100.0%,76.6%,0.19
5871,0,0,1,capital-loss > -109.747,0.9973229169845581,100.0%,84.6%,0.20
5872,0,0,1,capital-gain <= 7342.831,0.997066080570221,100.0%,95.6%,0.20
5873,0,0,1,N/A,0.9707787036895752,0.0%,67.2%,0.17
5874,1,1,0,N/A,0.8546607494354248,100.0%,92.6%,0.20
5875,0,0,1,capital-gain <= 4766.875,0.7387340068817139,100.0%,84.0%,0.21
5876,0,0,1,capital-gain <= 5159.046,0.7918378710746765,100.0%,89.0%,0.20
5877,0,0,1,native-country <= 38.395 and marital-status > 3.875,0.9970929622650146,100.0%,92.4%,0.22
5878,1,1,0,N/A,0.7788429856300354,100.0%,84.4%,0.19
5879,0,0,1,N/A,0.9849746227264404,0.0%,95.0%,0.18
5880,0,0,1,capital-gain <= 6878.682,0.9990153312683105,100.0%,92.6%,0.19
5881,0,0,1,hours-per-week <= 49.417,0.9908474087715149,100.0%,91.6%,0.20
5882,1,1,0,N/A,0.5463950634002686,0.0%,93.6%,0.20
5883,0,0,1,marital-status <= 1.809 and capital-gain > -1091.387 and fnlwgt <= 191041.117 and occupation > 1.71 and capital-loss <= 104.603 and capital-gain > -10184.483,0.9426273703575134,100.0%,86.0%,0.20
5884,0,0,1,education-num <= 12.404,0.9456544518470764,100.0%,89.0%,0.21
5885,1,1,0,N/A,0.8408003449440002,100.0%,84.8%,0.22
5886,0,0,1,capital-gain <= 7067.672,0.9133970141410828,100.0%,93.8%,0.19
5887,1,0,1,capital-gain <= 6817.254,0.6771144866943359,100.0%,93.8%,0.19
5888,0,1,0,capital-gain <= 6603.45 and sex > 0.251,0.624535083770752,100.0%,90.0%,0.18
5889,1,0,1,capital-gain <= 6391.197,0.711017370223999,100.0%,92.2%,0.19
5890,1,0,1,age <= 45.992 and education <= 12.279,0.8024164438247681,100.0%,78.6%,0.19
5891,0,0,1,native-country > 32.317 and education > 10.5 and capital-gain <= 931.038,0.9997105598449707,100.0%,88.6%,0.20
5892,0,0,1,N/A,0.9929745197296143,0.0%,73.8%,0.18
5893,0,0,1,capital-gain <= 4276.874 and education-num <= 9.688 and capital-gain <= 6624.858 and workclass <= 2.877 and capital-loss <= 209.199,0.831591784954071,100.0%,90.2%,0.21
5894,0,0,1,fnlwgt > -123328.391,0.9973843097686768,100.0%,90.6%,0.20
5895,0,0,1,N/A,0.6170489192008972,0.0%,94.0%,0.21
5896,0,0,1,hours-per-week > 35.696 and capital-gain <= 3182.434,0.953891932964325,100.0%,72.4%,0.05
5897,0,0,1,N/A,0.9426098465919495,100.0%,84.6%,0.19
5898,1,0,1,capital-gain <= 4551.327,0.8873723745346069,100.0%,92.6%,0.19
5899,0,0,1,N/A,0.9365330934524536,0.0%,78.0%,0.19
5900,0,0,1,capital-gain <= 7307.378,0.9584578275680542,100.0%,90.6%,0.23
5901,1,0,1,capital-gain <= 5895.74,0.5194746255874634,100.0%,90.4%,0.19
5902,0,0,1,capital-gain <= 4616.43,0.9984302520751953,100.0%,91.0%,0.19
5903,0,0,1,occupation > -1.361,0.9823700189590454,100.0%,79.6%,0.18
5904,1,1,0,capital-gain > 6794.2,0.9993341565132141,100.0%,88.6%,0.19
5905,0,0,1,occupation <= 8.667,0.9810876846313477,100.0%,87.2%,0.19
5906,0,0,1,relationship <= 2.348 and fnlwgt > -14395.839,0.9477900862693787,100.0%,92.0%,0.21
5907,0,0,1,capital-gain <= 7068.96,0.9964097142219543,100.0%,94.0%,0.19
5908,0,0,1,capital-gain <= 6195.437,0.9557749032974243,100.0%,94.0%,0.19
5909,0,0,1,occupation > 8.619 and relationship <= 0.062 and education > 11.387 and capital-gain <= 1665.374,0.991965115070343,100.0%,76.4%,0.17
5910,0,0,1,capital-gain > -15971.365,0.9927136301994324,100.0%,92.4%,0.21
5911,0,0,1,capital-gain <= 3008.457,0.9805014729499817,100.0%,91.2%,0.20
5912,1,1,0,N/A,0.874920129776001,100.0%,85.2%,0.20
5913,0,1,0,N/A,0.6014528274536133,100.0%,89.0%,0.20
5914,0,0,1,fnlwgt > 314539.469 and capital-gain <= 6866.71,0.9753315448760986,100.0%,87.8%,0.20
5915,0,0,1,capital-gain <= 7156.177,0.9968830943107605,100.0%,92.6%,0.19
5916,0,0,1,capital-gain <= 6964.653,0.8786389231681824,100.0%,93.4%,0.20
5917,0,0,1,hours-per-week > 33.961 and workclass > 3.547 and capital-gain <= 3923.098,0.837853729724884,100.0%,76.6%,0.21
5918,0,0,1,capital-gain <= 2114.663,0.9920504689216614,100.0%,90.2%,0.19
5919,0,0,1,N/A,0.770425021648407,0.0%,94.0%,0.18
5920,0,0,1,capital-gain <= 7183.661,0.9886713027954102,100.0%,93.0%,0.20
5921,0,0,1,education-num > 8.017 and native-country > 32.701,0.9653339385986328,100.0%,88.8%,0.20
5922,1,1,0,N/A,0.992442786693573,100.0%,66.4%,0.17
5923,0,0,1,marital-status > 1.481,0.9947980046272278,100.0%,85.8%,0.19
5924,0,0,1,capital-gain <= 7232.179,0.9886978268623352,100.0%,93.2%,0.21
5925,0,0,1,capital-gain <= 5528.96,0.9922056794166565,100.0%,92.4%,0.19
5926,0,0,1,capital-gain <= 8014.197,0.9993911981582642,100.0%,93.0%,0.21
5927,1,0,1,capital-gain <= 2726.931 and relationship <= 1.038 and marital-status > 1.659 and capital-gain <= 6776.15,0.7476089000701904,100.0%,91.2%,0.19
5928,0,0,1,capital-gain <= 6126.694,0.9894798994064331,100.0%,92.6%,0.19
5929,0,0,1,marital-status > 3.75 and capital-gain <= 11599.846,0.9998349547386169,100.0%,76.6%,0.19
5930,1,0,1,race > 3.493 and sex <= 1.383,0.8856486082077026,100.0%,74.6%,0.21
5931,0,0,1,capital-gain <= 6933.722,0.8957384824752808,100.0%,95.2%,0.20
5932,0,0,1,marital-status <= 3.93 and capital-gain <= 4328.808,0.5328812599182129,100.0%,91.6%,0.24
5933,0,0,1,capital-gain <= 7004.836 and education > 6.846,0.6609241366386414,100.0%,91.2%,0.24
5934,1,1,0,N/A,0.7831798195838928,100.0%,93.0%,0.20
5935,0,0,1,capital-gain <= 8600.4,0.9233524203300476,100.0%,89.8%,0.21
5936,0,0,1,capital-gain <= 7223.43,0.9206024408340454,100.0%,91.4%,0.23
5937,1,1,0,capital-gain <= 3340.795 and relationship > -2.892,0.9943882822990417,100.0%,83.2%,0.18
5938,0,0,1,capital-gain <= 8536.494,0.9911234378814697,100.0%,92.0%,0.19
5939,0,0,1,capital-gain <= 7265.177,0.9956299066543579,100.0%,95.4%,0.18
5940,1,1,0,N/A,0.6397103667259216,100.0%,89.4%,0.21
5941,0,0,1,capital-gain <= 6599.393,0.9805558323860168,100.0%,93.6%,0.21
5942,0,1,0,capital-gain <= 4034.062 and occupation > 6.708,0.8236192464828491,100.0%,89.2%,0.20
5943,0,0,1,relationship > 1.845 and capital-gain <= 7188.885,0.9935027360916138,100.0%,88.2%,0.19
5944,0,0,1,capital-gain <= 2813.709 and education-num > 13.025 and relationship > 0.656,0.9565243124961853,100.0%,85.6%,0.19
5945,0,0,1,hours-per-week > 14.829,0.9312134981155396,100.0%,93.2%,0.20
5946,0,0,1,capital-gain <= 6681.228,0.8299000263214111,100.0%,95.6%,0.31
5947,0,0,1,capital-gain <= 7345.948,0.9959396123886108,100.0%,93.8%,0.35
5948,0,0,1,capital-loss <= 422.929 and fnlwgt <= 318818.406,0.8793038725852966,100.0%,92.8%,0.22
5949,0,0,1,native-country > 25.253,0.9945231676101685,100.0%,91.6%,0.24
5950,0,0,1,capital-gain <= 5887.474 and fnlwgt <= 166666.547 and capital-gain <= 6928.196,0.7626409530639648,100.0%,91.2%,0.20
5951,1,1,0,age > 41.921,0.8001589775085449,100.0%,85.2%,0.22
5952,0,0,1,capital-gain <= 391.113,0.9979153871536255,100.0%,90.0%,0.24
5953,0,0,1,N/A,0.832036018371582,0.0%,91.2%,0.81
5954,0,0,1,native-country > 30.218,0.9960981011390686,100.0%,93.0%,0.21
5955,0,0,1,N/A,0.9993857145309448,0.0%,78.8%,0.20
5956,0,0,1,N/A,0.7255223989486694,0.0%,92.2%,0.24
5957,0,0,1,N/A,0.9978922009468079,0.0%,89.4%,0.23
5958,0,0,1,capital-gain <= 7238.125,0.9973176121711731,100.0%,93.6%,0.22
5959,0,0,1,capital-gain <= 7087.295,0.9679800271987915,100.0%,85.2%,0.26
5960,0,0,1,capital-gain <= 3269.702,0.982978880405426,100.0%,91.0%,0.21
5961,0,0,1,capital-gain <= 4314.978,0.9792789220809937,100.0%,87.0%,0.20
5962,0,0,1,N/A,0.839940071105957,0.0%,88.8%,0.24
5963,0,0,1,capital-gain <= 3465.244,0.9848623871803284,100.0%,74.8%,0.20
5964,0,0,1,capital-gain <= 4890.153,0.7022323608398438,100.0%,78.2%,0.20
5965,0,0,1,occupation <= 6.144 and sex <= 1.055,0.9949910640716553,100.0%,79.6%,0.20
5966,1,1,0,capital-gain > 6217.385,0.9987253546714783,100.0%,92.0%,0.20
5967,1,0,1,N/A,0.9597697854042053,0.0%,89.4%,0.21
5968,1,0,1,capital-gain <= 5232.085 and marital-status <= 2.213 and capital-gain <= 7767.292,0.9082614183425903,100.0%,92.2%,0.23
5969,1,1,0,N/A,0.9976568222045898,0.0%,27.8%,0.18
5970,0,0,1,N/A,0.9851677417755127,0.0%,93.8%,0.23
5971,0,1,0,N/A,0.566363513469696,100.0%,91.6%,0.23
5972,1,0,1,native-country > 37.307 and occupation > 2.839 and capital-gain <= 3755.166,0.5435100793838501,100.0%,75.8%,0.19
5973,0,0,1,N/A,0.984871506690979,0.0%,87.8%,0.20
5974,1,1,0,N/A,0.5768049359321594,0.0%,93.2%,0.21
5975,0,1,0,N/A,0.6381640434265137,100.0%,94.4%,0.21
5976,1,1,0,occupation <= 8.943,0.9612451791763306,100.0%,89.4%,0.23
5977,0,0,1,capital-gain <= 5600.962,0.9987698197364807,100.0%,80.4%,0.19
5978,1,0,1,capital-gain <= 4732.861,0.8631690144538879,100.0%,87.0%,0.21
5979,0,0,1,education-num <= 7.103 and capital-loss <= 671.875,0.9584333896636963,100.0%,82.2%,0.21
5980,0,0,1,education > 11.232 and capital-gain <= 5263.347 and hours-per-week <= 44.141,0.9082139730453491,100.0%,81.4%,0.20
5981,0,0,1,capital-gain <= 4787.474,0.9920215606689453,100.0%,89.6%,0.19
5982,0,0,1,capital-gain <= 6996.98,0.9998618364334106,100.0%,90.8%,0.18
5983,1,1,0,age > 9.794,0.9989380240440369,100.0%,91.8%,0.21
5984,1,1,0,N/A,0.7732316851615906,100.0%,85.0%,0.22
5985,0,0,1,N/A,0.6583656072616577,100.0%,91.0%,0.22
5986,1,0,1,capital-gain <= 6645.952,0.5734302401542664,100.0%,91.0%,0.22
5987,0,0,1,capital-gain <= 7346.777,0.7520949244499207,100.0%,93.8%,0.19
5988,0,0,1,N/A,0.996653139591217,0.0%,74.6%,0.17
5989,1,0,1,capital-gain <= 7641.967,0.5145529508590698,100.0%,94.2%,0.19
5990,0,0,1,capital-gain <= 7099.262,0.9985935091972351,100.0%,95.6%,0.22
5991,1,1,0,N/A,0.7936673164367676,0.0%,24.0%,0.18
5992,1,1,0,N/A,0.6535276174545288,100.0%,88.0%,0.20
5993,0,0,1,N/A,0.9141576290130615,0.0%,93.0%,0.21
5994,0,0,1,capital-gain <= 6414.439,0.6390299797058105,100.0%,94.0%,0.19
5995,0,0,1,education-num <= 9.026 and capital-gain <= 5004.097,0.9808661937713623,100.0%,85.2%,0.22
5996,0,0,1,capital-gain <= 7107.017,0.902913510799408,100.0%,92.8%,0.20
5997,1,1,0,N/A,0.5462761521339417,100.0%,75.2%,0.18
5998,0,0,1,N/A,0.7471193671226501,0.0%,93.2%,0.20
5999,0,0,1,capital-gain <= 4711.309,0.8438776731491089,100.0%,89.8%,0.23
6000,0,0,1,capital-gain <= 6585.646,0.9941350221633911,100.0%,91.0%,0.22
6001,0,0,1,fnlwgt > -85854.934,0.871260404586792,100.0%,92.0%,0.25
6002,1,1,0,capital-gain <= 5528.826 and native-country > 27.961,0.9865167140960693,100.0%,88.2%,0.20
6003,1,1,0,N/A,0.9986922144889832,0.0%,93.2%,0.23
6004,0,0,1,hours-per-week <= 47.696,0.9533324241638184,100.0%,80.8%,0.20
6005,0,0,1,capital-gain <= 6318.566,0.5890915393829346,100.0%,87.6%,0.19
6006,0,0,1,N/A,0.9955883622169495,0.0%,89.2%,0.23
6007,0,0,1,N/A,0.9977580904960632,0.0%,91.0%,0.21
6008,0,0,1,N/A,0.9990546107292175,0.0%,88.4%,0.20
6009,0,0,1,education-num > 5.802 and marital-status <= 2.303,0.9853727221488953,100.0%,88.6%,0.18
6010,0,0,1,capital-gain <= 6973.343,0.9820035099983215,100.0%,92.0%,0.19
6011,1,1,0,N/A,0.726736307144165,100.0%,92.8%,0.22
6012,1,1,0,N/A,0.967909574508667,100.0%,84.6%,0.21
6013,1,1,0,N/A,0.6483280062675476,100.0%,90.0%,0.21
6014,0,0,1,education-num <= 13.967,0.9799174666404724,100.0%,76.0%,0.17
6015,0,0,1,capital-gain <= 6830.536,0.5441907644271851,100.0%,89.2%,0.18
6016,1,1,0,capital-gain <= 6657.271 and relationship > -2.678,0.5433336496353149,100.0%,92.6%,0.19
6017,0,0,1,capital-gain <= 6945.863 and workclass <= 2.089,0.6345245242118835,100.0%,91.0%,0.20
6018,0,0,1,capital-gain <= 6160.437,0.8435683250427246,100.0%,90.4%,0.19
6019,0,0,1,capital-gain <= 3643.47 and fnlwgt > 63127.113,0.9984592199325562,100.0%,94.2%,0.22
6020,0,0,1,capital-gain <= 2278.5 and relationship <= 0.228 and capital-gain <= 4802.677,0.5867698788642883,100.0%,86.6%,0.20
6021,0,0,1,capital-gain <= 5744.865 and fnlwgt <= 228140.094,0.901731014251709,98.8%,90.4%,0.17
6022,0,0,1,capital-gain <= 4480.583,0.9694705009460449,100.0%,87.8%,0.19
6023,0,1,0,sex <= 0.7,0.8139495253562927,100.0%,70.0%,0.18
6024,1,0,1,capital-gain <= 7058.617,0.824221134185791,100.0%,93.0%,0.20
6025,0,0,1,capital-gain <= 6639.146,0.9377833604812622,100.0%,91.6%,0.21
6026,0,0,1,capital-gain <= 6865.57,0.9867913722991943,100.0%,90.8%,0.20
6027,0,0,1,native-country > 33.685 and sex > 0.925,0.9469344019889832,100.0%,92.0%,0.20
6028,0,0,1,native-country > 33.022,0.9594094753265381,100.0%,79.8%,0.19
6029,1,0,1,capital-gain <= 7018.655,0.8488699793815613,100.0%,93.6%,0.19
6030,1,1,0,N/A,0.8142850995063782,100.0%,83.2%,0.18
6031,0,0,1,capital-gain <= 6268.641,0.7016572952270508,100.0%,85.6%,0.19
6032,0,0,1,education > 7.009,0.5903183221817017,100.0%,84.0%,0.18
