dataset,model,accuracy,precision,recall,f1,roc_auc,cv_f1_score,val_f1_score,train_f1,val_f1,overfitting_gap,is_overfitting,best_params
bank,Decision Tree,0.9352333333333334,0.9165584409391384,0.9352333333333334,0.9177279444841989,0.8206051490313331,0.2708489290123045,0.9179428200078007,0.9206474342253683,0.9179428200078007,0.0027046142175676247,False,"{'classifier__min_samples_split': 10, 'classifier__min_samples_leaf': 20, 'classifier__max_features': None, 'classifier__max_depth': 5, 'classifier__criterion': 'gini'}"
bank,Logistic Regression,0.9339333333333333,0.9117110235573505,0.9339333333333333,0.9065858934467161,0.7114627879310474,0.07850172728203242,0.905452677490963,0.9064134626733067,0.905452677490963,0.0009607851823436597,False,"{'classifier__solver': 'saga', 'classifier__penalty': 'l1', 'classifier__l1_ratio': 0.1, 'classifier__C': 1.0}"
bank,Random Forest,0.9368666666666666,0.9202632903830317,0.9368666666666666,0.9196332509217914,0.8667890374082653,0.27131506108417663,0.9207961701015932,0.9418214155349646,0.9207961701015932,0.021025245433371365,False,"{'classifier__oob_score': True, 'classifier__n_estimators': 200, 'classifier__min_samples_split': 10, 'classifier__min_samples_leaf': 5, 'classifier__max_features': 'sqrt', 'classifier__max_depth': 15, 'classifier__bootstrap': True}"
bank,XGBoost,0.9363666666666667,0.9198223769179524,0.9363666666666667,0.9213669009642301,0.8665529247073421,0.30130587185824587,0.9222682787604621,0.9278281001055202,0.9222682787604621,0.005559821345058058,False,"{'classifier__subsample': 0.8, 'classifier__reg_lambda': 10, 'classifier__reg_alpha': 0.1, 'classifier__n_estimators': 300, 'classifier__min_child_weight': 5, 'classifier__max_depth': 4, 'classifier__learning_rate': 0.1, 'classifier__colsample_bytree': 0.8}"
