dataset,model,accuracy,precision,recall,f1,roc_auc,cv_f1_score,val_f1_score,train_f1,val_f1,overfitting_gap,is_overfitting,best_params
diabetes,Decision Tree,0.7272727272727273,0.7214837049742711,0.7272727272727273,0.7232230932973366,0.7674999999999998,0.6236700465739268,0.7722306056801803,0.7963946368570424,0.7722306056801803,0.024164031176862055,False,"{'classifier__min_samples_split': 50, 'classifier__min_samples_leaf': 5, 'classifier__max_features': 'sqrt', 'classifier__max_depth': 7, 'classifier__criterion': 'gini'}"
diabetes,Logistic Regression,0.7207792207792207,0.7126414869534134,0.7207792207792207,0.7140992978313553,0.7942592592592593,0.6383435304630958,0.7865535824719498,0.7685087418992534,0.7865535824719498,-0.018044840572696397,False,"{'classifier__solver': 'liblinear', 'classifier__penalty': 'l2', 'classifier__l1_ratio': 0.5, 'classifier__C': 1.0}"
diabetes,Random Forest,0.7337662337662337,0.7263910401525081,0.7337662337662337,0.7273970049089666,0.8118518518518518,0.6414763796229312,0.7791497113820854,0.8432244848040116,0.7791497113820854,0.06407477342192613,False,"{'classifier__oob_score': True, 'classifier__n_estimators': 100, 'classifier__min_samples_split': 20, 'classifier__min_samples_leaf': 5, 'classifier__max_features': 'log2', 'classifier__max_depth': 5, 'classifier__bootstrap': True}"
diabetes,XGBoost,0.7532467532467533,0.7483459936290124,0.7532467532467533,0.7495827986975903,0.8224074074074074,0.6563555286273338,0.7568387094790126,0.8380889406780956,0.7568387094790126,0.08125023119908303,False,"{'classifier__subsample': 0.6, 'classifier__reg_lambda': 100, 'classifier__reg_alpha': 1, 'classifier__n_estimators': 300, 'classifier__min_child_weight': 1, 'classifier__max_depth': 5, 'classifier__learning_rate': 0.1, 'classifier__colsample_bytree': 1.0}"
