dataset,model,accuracy,precision,recall,f1,roc_auc,cv_f1_score,val_f1_score,train_f1,val_f1,overfitting_gap,is_overfitting,best_params
heart,Decision Tree,0.824390243902439,0.8300023355910714,0.824390243902439,0.8232690794649881,0.8677619047619047,0.8614015207757981,0.8189685181654227,0.8508428606654019,0.8189685181654227,0.031874342499979225,False,"{'classifier__min_samples_split': 50, 'classifier__min_samples_leaf': 5, 'classifier__max_features': None, 'classifier__max_depth': 3, 'classifier__criterion': 'entropy'}"
heart,Logistic Regression,0.824390243902439,0.8364878048780489,0.824390243902439,0.8222693531283138,0.8944761904761904,0.8641717996553148,0.8435145819348103,0.8534342969007092,0.8435145819348103,0.00991971496589883,False,"{'classifier__solver': 'saga', 'classifier__penalty': 'l2', 'classifier__l1_ratio': 0.7, 'classifier__C': 0.001}"
heart,Random Forest,0.926829268292683,0.9268873181877287,0.926829268292683,0.9268362354408376,0.9830476190476191,0.9176315455503783,0.9121825855608642,0.969109123494569,0.9121825855608642,0.056926537933704835,False,"{'classifier__oob_score': True, 'classifier__n_estimators': 200, 'classifier__min_samples_split': 10, 'classifier__min_samples_leaf': 5, 'classifier__max_features': 'sqrt', 'classifier__max_depth': 15, 'classifier__bootstrap': True}"
heart,XGBoost,0.9707317073170731,0.9707317073170731,0.9707317073170731,0.9707317073170731,0.9974285714285714,0.9633586791168758,0.956103829618292,0.9934964511549877,0.956103829618292,0.03739262153669576,False,"{'classifier__subsample': 0.8, 'classifier__reg_lambda': 1, 'classifier__reg_alpha': 0.1, 'classifier__n_estimators': 300, 'classifier__min_child_weight': 3, 'classifier__max_depth': 5, 'classifier__learning_rate': 0.05, 'classifier__colsample_bytree': 1.0}"
