dataset,model,accuracy,precision,recall,f1,roc_auc,cv_f1_score,val_f1_score,train_f1,val_f1,overfitting_gap,is_overfitting,best_params
adult,Decision Tree,0.7911868570551205,0.7816997946156669,0.7911868570551205,0.785296309233981,0.837203498689668,0.5349750591577305,0.7762162646429795,0.7894272812934745,0.7762162646429795,0.013211016650494956,False,"{'classifier__min_samples_split': 10, 'classifier__min_samples_leaf': 5, 'classifier__max_features': None, 'classifier__max_depth': 7, 'classifier__criterion': 'entropy'}"
adult,Logistic Regression,0.7686166129279902,0.7404561320710146,0.7686166129279902,0.7442764058593606,0.8245155253709168,0.38824109698440423,0.7430595387897125,0.7462645242712517,0.7430595387897125,0.0032049854815391354,False,"{'classifier__solver': 'saga', 'classifier__penalty': 'l1', 'classifier__l1_ratio': 0.1, 'classifier__C': 1.0}"
adult,MLP,0.7885766927683096,0.7845305067504398,0.7885766927683096,0.7863813012063571,0.8406460865438188,0.5436062804708532,0.7795940742655305,0.7874467326313983,0.7795940742655305,0.007852658365867793,False,"{'classifier__patience': 15, 'classifier__max_epochs': 100, 'classifier__learning_rate_init': 0.0001, 'classifier__hidden_layer_sizes': (50,), 'classifier__alpha': 0.001}"
adult,Random Forest,0.8627360663288807,0.857466722647975,0.8627360663288807,0.8545511574228342,0.9184568519015289,0.6555335929653092,0.852855309424813,0.8591969830705817,0.852855309424813,0.006341673645768653,False,"{'classifier__oob_score': True, 'classifier__n_estimators': 200, 'classifier__min_samples_split': 10, 'classifier__min_samples_leaf': 5, 'classifier__max_features': 'sqrt', 'classifier__max_depth': 15, 'classifier__bootstrap': True}"
