dataset,model,accuracy,precision,recall,f1,roc_auc,cv_f1_score,val_f1_score,train_f1,val_f1,overfitting_gap,is_overfitting,best_params
diabetes,Decision Tree,0.7272727272727273,0.7214837049742711,0.7272727272727273,0.7232230932973366,0.7674999999999998,0.6236700465739268,0.7722306056801803,0.7963946368570424,0.7722306056801803,0.024164031176862055,False,"{'classifier__min_samples_split': 50, 'classifier__min_samples_leaf': 5, 'classifier__max_features': 'sqrt', 'classifier__max_depth': 7, 'classifier__criterion': 'gini'}"
diabetes,Logistic Regression,0.7207792207792207,0.7126414869534134,0.7207792207792207,0.7140992978313553,0.7942592592592593,0.6383435304630958,0.7865535824719498,0.7685087418992534,0.7865535824719498,-0.018044840572696397,False,"{'classifier__solver': 'liblinear', 'classifier__penalty': 'l2', 'classifier__l1_ratio': 0.5, 'classifier__C': 1.0}"
diabetes,MLP,0.7467532467532467,0.7410499621674805,0.7467532467532467,0.7422593190996118,0.8138888888888889,0.6508858733495584,0.7805878332194122,0.7830006601884434,0.7805878332194122,0.002412826969031223,False,"{'classifier__patience': 15, 'classifier__max_epochs': 300, 'classifier__learning_rate_init': 0.001, 'classifier__hidden_layer_sizes': (50, 25), 'classifier__alpha': 0.1}"
diabetes,Random Forest,0.7337662337662337,0.7263910401525081,0.7337662337662337,0.7273970049089666,0.8118518518518518,0.6414763796229312,0.7791497113820854,0.8432244848040116,0.7791497113820854,0.06407477342192613,False,"{'classifier__oob_score': True, 'classifier__n_estimators': 100, 'classifier__min_samples_split': 20, 'classifier__min_samples_leaf': 5, 'classifier__max_features': 'log2', 'classifier__max_depth': 5, 'classifier__bootstrap': True}"
