dataset,model,accuracy,precision,recall,f1,roc_auc,cv_f1_score,best_params
heart,Decision Tree,0.9805194805194806,0.9812687312687313,0.9805194805194806,0.9805219448483206,0.9810126582278481,0.9670345321007572,"{'classifier__criterion': 'gini', 'classifier__max_depth': 10, 'classifier__min_samples_leaf': 1, 'classifier__min_samples_split': 2}"
heart,Logistic Regression,0.8181818181818182,0.8241714015151514,0.8181818181818182,0.8169047333408154,0.9256962025316455,0.8589453020875508,"{'classifier__C': 1, 'classifier__penalty': 'l1', 'classifier__solver': 'saga'}"
heart,MLP,0.9318181818181818,0.9318479006967638,0.9318181818181818,0.9318232155441458,0.9638396624472574,0.8834156557258519,"{'classifier__alpha': 0.001, 'classifier__hidden_layer_sizes': (150, 100, 50), 'classifier__learning_rate': 'constant'}"
heart,Random Forest,0.9902597402597403,0.9904507257448434,0.9902597402597403,0.9902612808063097,0.999240506329114,0.9740458692231841,"{'classifier__max_depth': 15, 'classifier__min_samples_leaf': 1, 'classifier__min_samples_split': 2, 'classifier__n_estimators': 200}"
heart,XGBoost,0.9805194805194806,0.9805194805194806,0.9805194805194806,0.9805194805194806,0.9955696202531645,0.9740938900602766,"{'classifier__learning_rate': 0.1, 'classifier__max_depth': 5, 'classifier__n_estimators': 100, 'classifier__subsample': 0.9}"
